kind	dialogue_index	option_index	row_id	source_zh	translation_ko	status	character	next_index
dialogue	0		GM-ALL-dialogue-0--1	10D382E05C58037271799901CED46FE3BEDCEBE857D5E402CC24EE7FE7734B56	오빠, 나 한 30분이면 오빠 사는 데 도착할 것 같아?	REVIEWED_DAY1	MM	1
dialogue	1		GM-ALL-dialogue-1--1	920207367F1BD08F430F7A5E71B94504EC97BFB61B30D74BADA496282268D864	벌써 돌아갔어?	REVIEWED_DAY1	MM	2
dialogue	2		GM-ALL-dialogue-2--1	18651934D1CBDCF038CD47D819A8A29D0B2B73C22FF0F03EF7CCDDFF1FAC5127	나 아직 상점가야. 그냥 오는 길에 이쪽으로 와서 이따 같이 돌아갈래?	REVIEWED_DAY1	LM	3
dialogue	3		GM-ALL-dialogue-3--1	0E83E0A3B6713F8C8EBE196A0DC48B33C51D9540DBF84A16CF74DAF7C495A2A8	본격적으로 자취를 시작한 지 2주째, 샤오예가 내가 사는 곳을 구경하러 오겠다고 했다.	REVIEWED_DAY1		4
dialogue	4		GM-ALL-dialogue-4--1	E33068B0270B22CBE64B155A2A80AC7C059B300216C14EE33D67740BA7CE4C84	나쁜 인상을 주지 않으려고 미리 방을 깨끗이 치워 뒀다—뭐, 10년이나 함께 지냈으니 내 인상은 진작 굳어졌겠지만.	REVIEWED_DAY1		5
dialogue	5		GM-ALL-dialogue-5--1	0FCEB6EACD9BA6E0AE2A26818ADC2D93FACD35332D9292D87DC24C4077AB7845	응, 도착하면 메시지 보낼게.	REVIEWED_DAY1	MM	6
dialogue	6		GM-ALL-dialogue-6--1	A38A75C9B4017272E86C17238DF212E60FD4B7609166F06B1A9B312FCC9F942D	전화 너머로 얌전한 목소리가 들려오자, 나는 휴대폰 화면을 껐다.	REVIEWED_DAY1		7
dialogue	7		GM-ALL-dialogue-7--1	E021156E858176E51D531800BC14696CA27A0B79BC2BA6D1BB6BBA6C6BB826C2	벌써 대학 1학년인데도 너무 달라붙는 거 아닌가.	REVIEWED_DAY1		8
dialogue	8		GM-ALL-dialogue-8--1	D9B6A1C0B2FF47BF57598DAA085CBD2C8C00F91E068369A74C0B998CEB781490	우리 남매가 지내는 방식은 평범한 남매와는 완전히 다르다—그건 나도 샤오예도 잘 알고 있다.	REVIEWED_DAY1		9
dialogue	9		GM-ALL-dialogue-9--1	605F5DEFDCD0E6A0015D54C2EEC94F866E45540BC9D4605644672B094842BF05	여덟 살 때부터 지금까지 이어진 우리 사이의 방식을 바꾸는 건 그리 간단한 일이 아니다.	REVIEWED_DAY1		10
dialogue	10		GM-ALL-dialogue-10--1	584C8D2141F1A71DF407245CC9FF6BA77472CB22DF7FE7F82AE98F66C5F07715	요즘 샤오예는 자꾸 집에 한번 들르라고 하지만, 솔직히 내게 조금도 소속감이 들지 않는 그곳으로 돌아가려니 영 내키지 않는다.	REVIEWED_DAY1		11
dialogue	11		GM-ALL-dialogue-11--1	1F873FE5E7798E715EF4CBA36445F5DF64DA8087DB0E0E77A1D6296A0D2F6F3E	과자로 가득 찬 비닐봉지가 괜히 무겁게 느껴졌다.	REVIEWED_DAY1		12
dialogue	12		GM-ALL-dialogue-12--1	A7F878B8CED1A7957C560D573E30DDBBC1696E38C370513AACBBF4BFF12E7F43	……	REVIEWED_DAY1	LM	13
dialogue	13		GM-ALL-dialogue-13--1	CB66EFE65503FEF1EEA13AF89079DCD869B533B334ABB474668E950872B3EEFC	샤오예가 오기 전까지 아무 데나 들어가 시간이나 때우자.	REVIEWED_DAY1		14
dialogue	14		GM-ALL-dialogue-14--1	068C9A50631C75E4A0EC24FB294F3495D0BD4C3ADA7AC48F708C6FCDDEB65563	정신을 차리고 보니 어느새 먹구름이 하늘을 뒤덮었고, 멀리서 천둥이 우르릉거렸다.	REVIEWED_DAY1		15
dialogue	15		GM-ALL-dialogue-15--1	0AC279967C34E99D356BE2CB35BD26A1D03200B609CDFD31E506A4D95C936B46	미처 반응하기도 전에 코끝에 서늘한 빗방울 하나가 닿았다.	REVIEWED_DAY1		16
dialogue	16		GM-ALL-dialogue-16--1	A33BA03A4B6A891FFECA41CE9C666E1F3925812A4D6723B7F1FF1870B1EA43C5	곧이어 수많은 빗방울이 하늘에서 쏟아져 내렸다—	REVIEWED_DAY1		17
dialogue	17		GM-ALL-dialogue-17--1	0EA29707B020A7CF26074E426C10C3C34BB158B9FC2E5BAE373A872FCA6B6274	벌써 11월인데!?	REVIEWED_DAY1	LM	18
dialogue	18		GM-ALL-dialogue-18--1	9FC7720843691044FC1DB77124AA7D613BD25A8E5F2B131D6914E640A10171A3	봉투를 꽉 움켜쥐고 상점가를 미친 듯이 달렸다.	REVIEWED_DAY1		19
dialogue	19		GM-ALL-dialogue-19--1	CF867D2071F83D67DDB968C5DEF78A960A89B47F45AFC506934E52CCBFBC2A89	하지만 스쳐 지나가는 가게는 식당 아니면 미용실뿐이라, 비를 피하겠다고 불쑥 들어가기엔 애매한 곳들뿐이었다.	REVIEWED_DAY1		20
dialogue	20		GM-ALL-dialogue-20--1	7E8514BEF2D38F1BCEB2E49E2323E00040D40D38C96A46D0203A9690A6EA80E0	당황하던 중, 멀지 않은 곳에서 양갈래 머리의 여자아이가 무언가를 낑낑대며 옮기는 게 보였다.	REVIEWED_DAY1		21
dialogue	21		GM-ALL-dialogue-21--1	20DAD6AB211225297941707B9C240C6BDD585A41E218C77AAB3D65695EEE0A8A	죄, 죄송한데 이것 좀… 이 입간판 옮기는 거 도와주실 수 있나요! 비 맞아서 망가지겠어요—	REVIEWED_DAY1	MCL	22
dialogue	22		GM-ALL-dialogue-22--1	93DBA9303CAB31638134EFAE609F3F4F777314E9FE9AB51B1A79B4A0DDAA73BA	아, 네!	REVIEWED_DAY1	LM	23
dialogue	23		GM-ALL-dialogue-23--1	626DD8F20AA94943119D6F37831165DD57BBD9716A9CBE3F19590858E3E5B944	망설임 없이 대답하고는 옆에 놓인 입간판을 끌어안았다.	REVIEWED_DAY1		24
dialogue	24		GM-ALL-dialogue-24--1	B7CCD1AB99EF4251C495E635B1BF9A651DC8AF73E695141C5F531AC804E34699	고마워요! 제 가게는 이쪽이에요!	REVIEWED_DAY1	MCL	25
dialogue	25		GM-ALL-dialogue-25--1	748727F2A86F1C378525E3C996DCBCD31C0F28E6B835AC3229ACF569EEF7718A	그녀를 따라 가게 안으로 들어가 가까스로 구해 낸 입간판을 내려놓았다.	REVIEWED_DAY1		26
dialogue	26		GM-ALL-dialogue-26--1	7A6D47F0F17FC5E01F51F2382AF22B1F99A7E94BE1EEFCA1AFFD3DDA74762AF7	내려놓고 나서야 가게 조명 덕분에 입간판의 모습을 제대로 볼 수 있었다.	REVIEWED_DAY1		27
dialogue	27		GM-ALL-dialogue-27--1	04C75C6A770278019480CE078C712F25A3F51955177D8B90C97A0F66C17E2C40	그 순간, 하늘에서 굉음이 울렸다.	REVIEWED_DAY1		28
dialogue	28		GM-ALL-dialogue-28--1	E3B0C44298FC1C149AFBF4C8996FB92427AE41E4649B934CA495991B7852B855		EMPTY_CONTROL		29
dialogue	29		GM-ALL-dialogue-29--1	8A21D01BE522C2DD336C670A6A6A1168F1F109E561454B476912B3DA729DA2C0	헉, 씨!!	REVIEWED_DAY1		30
dialogue	30		GM-ALL-dialogue-30--1	41623453C6A694C320BF023D04F62EC33BD6A1685B2EC90FC86B34A2C23CFFB0	왕폭탄!!	REVIEWED_DAY1		31
dialogue	31		GM-ALL-dialogue-31--1	E6A2343E55CCCA9CE89C922361BB3AD0BCE19E196BAE2F91D10928E5DA23B208	으아—정말 살았어요. 저 혼자였으면 여러 개를 한꺼번에 못 옮겼을 텐데… 응? 왜 그러세요?	REVIEWED_DAY1	MCL	32
dialogue	32		GM-ALL-dialogue-32--1	DECD24F0F07270C8D20AD39676E07D84C7E78CF2012427B7F600C1C31422438B	…엄청난 왕폭탄이네요.	REVIEWED_DAY1	LM	33
dialogue	33		GM-ALL-dialogue-33--1	1B5983816CD192329817A0981023394C7E326E88F108D0384C16F4E72DB40A09	네? 아, 그러게요. 벌써 11월인데 이렇게 큰 뇌우라니…	REVIEWED_DAY1	MCL	34
dialogue	34		GM-ALL-dialogue-34--1	9E24B51640CCCC7FFD1321387520AA1A54AB080C84A40B3C1627B84506FB3D55	그 천둥 말고요.	REVIEWED_DAY1		35
dialogue	35		GM-ALL-dialogue-35--1	9E1DA0D97BDE69419DC364B23C3124DDABD18C4248B0A66913CC2D6084D2D411	이 왕… 아니, 이 입간판은 대체 뭔가요…	REVIEWED_DAY1	LM	36
dialogue	36		GM-ALL-dialogue-36--1	D89DCCE2E91BE877C8D2B329514120378712318325B434D375702FA6FAAE8460	처음 보는 캐릭터인데도 묘하게 익숙했다. 같은 원화가의 그림을 전에 본 적이 있는 듯했다.	REVIEWED_DAY1		37
dialogue	37		GM-ALL-dialogue-37--1	96F1CAB7EF9811C6EC60A5F2969B9934358620172BA1CBB12A6599A0F41C693B	응? 귀엽죠! 일부러 원화가한테 부탁해서 그린 거예요. 엄청 잘 그리죠~	REVIEWED_DAY1	MCL	38
dialogue	38		GM-ALL-dialogue-38--1	7A872E530C81151073C976126BC7A2EB8889E3B32BE8C01881AFF2D17B457BCE	양갈래 소녀가 순진한 미소를 지었다. 작은 덧니 두 개가 살짝 드러났다.	REVIEWED_DAY1		39
dialogue	39		GM-ALL-dialogue-39--1	7B87F2F8BDB68324222F90FC684C34CE5E926CF479D810B96D8A0FC5CC510D21	어어? 노출도가 이렇게 높은 입간판을 두고 낯선 사람 앞에서도 태연한 건가…	REVIEWED_DAY1		40
dialogue	40		GM-ALL-dialogue-40--1	6857A874C19414771176DB5EF108E1C5A0EB93D1E1DEEA8E4022BA540B911BAE	내 방에 이런 게 있었으면 낯선 사람한테는 절대 못 보여 줬을 텐데.	REVIEWED_DAY1		41
dialogue	41		GM-ALL-dialogue-41--1	9A4CB803D42FFF832924088FB3AD4CE659EF5FBC41229B4F390D78259E14AA8A	그러고 보니 이런 입간판은 보통 특정 매장이나 서브컬처 행사에서나 쓰는 물건 아닌가…	REVIEWED_DAY1		42
dialogue	42		GM-ALL-dialogue-42--1	EBEA03D1305CED4286622E478D1F885D16A63472930FC92A6AE77C00CB497604	잠깐!? 그럼 여기는 설마—	REVIEWED_DAY1		43
dialogue	43		GM-ALL-dialogue-43--1	E3B0C44298FC1C149AFBF4C8996FB92427AE41E4649B934CA495991B7852B855		EMPTY_CONTROL		44
dialogue	44		GM-ALL-dialogue-44--1	5F558FE63098E52923605DA5C30E80A9E1423AF6C027E36BF83DDA252BCCB502	고개를 들어 주변을 둘러봤다.	REVIEWED_DAY1		45
dialogue	45		GM-ALL-dialogue-45--1	94222E97C7B8708DC0D49A0EC0E1B3F13F6498D1404CC4AB87B8E61C37BAFD01	온통 2D 미소녀잖아!	REVIEWED_DAY1		46
dialogue	46		GM-ALL-dialogue-46--1	28CC279241D8851BDC44C8F155980E2B9CBBB8E97ED96FEEAD98AA86ACC4CAA9	배지, 태피스트리, 게임 패키지, 아크릴… 온갖 상품이 진열대를 가득 채우고, 투명 포장지가 형광등 아래에서 반짝였다.	REVIEWED_DAY1		47
dialogue	47		GM-ALL-dialogue-47--1	AB4F898A2A615BC4ACD6D312014839DDA3927D4E990AA6C8D959078F89208A34	게다가 하나같이 전부 미연시 캐릭터였다.	REVIEWED_DAY1		48
dialogue	48		GM-ALL-dialogue-48--1	1837418F6551F63BED7D1C1473F5FEBC1D37B0FC0F4CEF7762BA750E9C2237EE	나 대체 무슨 이상한 곳에 들어온 거야!?	REVIEWED_DAY1		49
dialogue	49		GM-ALL-dialogue-49--1	3A20A6BBEA2891FAD9C17C20C368B33631760C541E2A2FD6A30C270913933EE3	이 가게는 대체…	REVIEWED_DAY1	LM	50
dialogue	50		GM-ALL-dialogue-50--1	5C0E1A3506676E022361BDBF0AF11E67F9447A0A49BF156FB1DBA00B9F4779D5	'그래플링 하우스'예요.	REVIEWED_DAY1	MCL	51
dialogue	51		GM-ALL-dialogue-51--1	F72943CEDFCEB3C75D1E128E396AFF686F4E1E8BB31A221C06C28E4B9EFFE48C	됐어요, 무슨 가게인지 알겠네요.	REVIEWED_DAY1	LM	52
dialogue	52		GM-ALL-dialogue-52--1	4DC62E18CC31E8A3F4284612B4720F16392EE12B07CBE94FAA4ABA9605B13986	이름만 듣고도 알아챘어요!? 역시 당신도 이 가게 손님이 될 사람이네요!	REVIEWED_DAY1	MCL	53
dialogue	53		GM-ALL-dialogue-53--1	ABA557E77C67739B3695C8B33CF69B93A8C3DFB41DE61473576C172C03137624	무슨 괴상한 이름이야. 보통 사람이 '그래플링 하우스'라고 들으면 격투기 체육관부터 떠올리겠지!?	REVIEWED_DAY1		54
dialogue	54		GM-ALL-dialogue-54--1	DABFC4B00C689BAD3601314BA0DCFD7A2DA86DFA50B53F6E8D7EBFD63993AD50	소녀는 기쁜 듯 두 손을 마주치고 계산대 뒤로 들어갔다.	REVIEWED_DAY1		55
dialogue	55		GM-ALL-dialogue-55--1	EDB336726B2FF0B1254D90E80CE9E0EC928E948A280E060EA3257DB4321394F1	그녀가 명찰을 보여 주었다. 거기에는 '모추링'이라고 적혀 있었다.	REVIEWED_DAY1		56
dialogue	56		GM-ALL-dialogue-56--1	E3B0C44298FC1C149AFBF4C8996FB92427AE41E4649B934CA495991B7852B855		EMPTY_CONTROL		57
dialogue	57		GM-ALL-dialogue-57--1	DF7DCF9DA2D91AF656F5A9AE36663931EA07F14A42FA3ECD0420AB4763F45C06	순서가 좀 뒤바뀌긴 했지만… 어서 오세요~ 편하게 둘러보세요.	REVIEWED_DAY1	MCL	58
dialogue	58		GM-ALL-dialogue-58--1	1CF4BCD9EB4EF72164250F3F2B6661F675BD848B3016F7439CB99F8A96D6027B	그녀의 열정에 조금 어쩔 줄 몰랐지만, 생각해 보니 여긴 마침 비를 피하기 딱 좋은 곳이었다.	REVIEWED_DAY1		59
dialogue	59		GM-ALL-dialogue-59--1	132C23CDAF1F96355195EAA042565EDFD5B5194881E02D147A48798ECF371B7F	감사합니다. 그럼 좀…	REVIEWED_DAY1	LM	60
dialogue	60		GM-ALL-dialogue-60--1	DC3EE232964E34BC21BA93DE5BBF56780C43F81FB3F3BA1D5EBD2790442084DE	아, 맞다! 아직 도와주신 데 대한 감사도 못 했네요!	REVIEWED_DAY1	MCL	61
dialogue	61		GM-ALL-dialogue-61--1	588245F94057D40C873EB89DC0B671C419B5DACF0EA410B0026B042A3F81860D	안쪽에 따로 게임할 수 있는 공간도 있어요. 지금은 비 때문에 나가기도 그러니 들어가서 좀 놀다 가세요!	REVIEWED_DAY1	MCL	62
dialogue	62		GM-ALL-dialogue-62--1	11E036CE4CFCFADCE1250D80DAB0EFDD993A009399CE20FC27163FC2308FD8AB	그건 너무 과한데요.	REVIEWED_DAY1	LM	63
dialogue	63		GM-ALL-dialogue-63--1	D6364310CFC5B0FC3870C1B639BC347AC4E19637E86DF0D82F1E9EEC24EE04AF	괜찮아요, 괜찮아요. 여기선 편하게 계셔도 돼요.	REVIEWED_DAY1	MCL	64
dialogue	64		GM-ALL-dialogue-64--1	244DAAF1EA93E8ED9509C206D1EED3E1E8512A4C58CE1BF45B74C3F48365239C	고마워요… 그럼 사양하지 않을게요.	REVIEWED_DAY1	LM	65
dialogue	65		GM-ALL-dialogue-65--1	A2A59C54294267EE21D90B3C541FA5731946BB2A4BBDA1AB08F2B99DD070544D	입간판 좀 옮겨 줬다고 게임까지 공짜로 하게 해 주다니… 보통 사장이라면 이렇게까지 후하진 않을 텐데. 참 싹싹한 아이다.	REVIEWED_DAY1		66
dialogue	66		GM-ALL-dialogue-66--1	E3B0C44298FC1C149AFBF4C8996FB92427AE41E4649B934CA495991B7852B855		EMPTY_CONTROL		67
dialogue	67		GM-ALL-dialogue-67--1	4EF8C6790C706D62315C94B49FAE9DA74E815ACB24CDA97F9B7FA98EFCCAEB1C	감사를 전하자 그녀는 진열장 쪽으로 걸어갔다.	REVIEWED_DAY1		68
dialogue	68		GM-ALL-dialogue-68--1	E388DF0B9B6ACE4A026900A04A8851BD2215462A553BBBF291F417E7B5DC0EDE	익숙한 미소녀 게임 캐릭터들이 순식간에 시야를 가득 채웠다.	REVIEWED_DAY1		69
dialogue	69		GM-ALL-dialogue-69--1	C62D8EC7721E47ABBA2D90CE76711800953AA1F953F1C71E664E06EEFE8A7F47	남주는 오타쿠, 여동생은 성우, 후배는 버튜버, 동급생은 원화가, 선배는 소설가인 게임.	REVIEWED_DAY1		70
dialogue	70		GM-ALL-dialogue-70--1	DC56A3C1CA805CC0F1D669CA3E395EAB0235782C6383E076079178A121E97F7A	남매 둘이 시골 고향집으로 돌아가 무녀도 나오고 아가씨도 나오고 누님도 나오는 고전 명작.	REVIEWED_DAY1		71
dialogue	71		GM-ALL-dialogue-71--1	214672E75D0D985C1A349B2E5EA1F39AF7FA8C9E273885A3129C6F10A479AF9B	슬럼프에 빠진 소설가가 수수께끼의 소녀를 만나 만화경으로 여러 기억을 체험하고 마지막엔 『너의 이름은.』을 찍는 시리즈.	REVIEWED_DAY1		72
dialogue	72		GM-ALL-dialogue-72--1	2C36B5960190DE87FC7A69FDA4F83E89E55B5DE1C8019D61DAB2ADCDF2A4689B	주인공이 섬의 감옥에 붙잡혀 가서 그 안에서 게임을 하는 다크호스 작품…	REVIEWED_DAY1		73
dialogue	73		GM-ALL-dialogue-73--1	1C714C2029610E179A999F999ED3BFB057D16C521C49246C29C241DBAA8844FA	엄청 많아!	REVIEWED_DAY1		74
dialogue	74		GM-ALL-dialogue-74--1	169B4B7989D6BFF8E99902DC425499EE36EA5D0C1A0791FB351C6BEA54FF966B	미연시 광팬까지는 아니지만 오프라인 매장에서 좋아하는 작품을 만나면 한동안 신이 난다. 이런 건 이 근처에선 정말 보기 힘드니까.	REVIEWED_DAY1		75
dialogue	75		GM-ALL-dialogue-75--1	D28682E52EF7F8D04A98CBB9289A5A059FD55D9FA19D30E28C8952F57F93CDB4	목적도 없이 진열장 앞을 돌아다녔다. 상품을 바라보기만 해도 꽤 만족스러웠다.	REVIEWED_DAY1		76
dialogue	76		GM-ALL-dialogue-76--1	CE6E1C6176ABEA8F335DAAB9355858E8F552911DFFB1EC7C08AF6CE335A3D515	혼자 조용히 자기 세계에 빠져 누구와도 말을 섞지 않는 것—그저 그런 시간을 즐겼다.	REVIEWED_DAY1		77
dialogue	77		GM-ALL-dialogue-77--1	E3B0C44298FC1C149AFBF4C8996FB92427AE41E4649B934CA495991B7852B855		EMPTY_CONTROL		78
dialogue	78		GM-ALL-dialogue-78--1	E3B0C44298FC1C149AFBF4C8996FB92427AE41E4649B934CA495991B7852B855		EMPTY_CONTROL		79
dialogue	79		GM-ALL-dialogue-79--1	E3B0C44298FC1C149AFBF4C8996FB92427AE41E4649B934CA495991B7852B855		EMPTY_CONTROL		80
dialogue	80		GM-ALL-dialogue-80--1	E3B0C44298FC1C149AFBF4C8996FB92427AE41E4649B934CA495991B7852B855		EMPTY_CONTROL		81
dialogue	81		GM-ALL-dialogue-81--1	979F12E04D435322ACF12D8ECBE79FC9F733BEFEAE072BE15066725BBBD1F946	역시 내 동생. 딴지 거는 것까지 나랑 똑같다.	REVIEWED_DAY1		82
dialogue	82		GM-ALL-dialogue-82--1	E3B0C44298FC1C149AFBF4C8996FB92427AE41E4649B934CA495991B7852B855		EMPTY_CONTROL		83
dialogue	83		GM-ALL-dialogue-83--1	ED8230BB2BB6E0572455E17B1C62F50CF4B2B235E4FF75FC279B869B90CC188D	…너무 빨라…	REVIEWED_DAY1	BXY	84
dialogue	84		GM-ALL-dialogue-84--1	0F11725ACCD5E99B736420624A12405490C1EA06A8966793BBC24AC356A4822F	커튼 뒤쪽에서 희미한 목소리가 들렸다.	REVIEWED_DAY1		85
dialogue	85		GM-ALL-dialogue-85--1	DA1A85F9172583C8966FB3F937CD5F20F59BAA25FD74B8640B83C64680D92135	응? 나 말고 다른 사람도 있었나?	REVIEWED_DAY1		86
dialogue	86		GM-ALL-dialogue-86--1	E3B0C44298FC1C149AFBF4C8996FB92427AE41E4649B934CA495991B7852B855		EMPTY_CONTROL		87
dialogue	87		GM-ALL-dialogue-87--1	B5080AC97C03FC9BB20007BCCE19CFD8EF4C1AE82FF7120033AE38504531E141	—안쪽에 게임 코너도 있어요. 지금은 비 때문에 나가기도 그러니 들어가서 좀 놀다 가세요!	REVIEWED_DAY1	MCL	88
dialogue	88		GM-ALL-dialogue-88--1	5E778625FBD7BEAAC44AA10385FDDFFAF8268FA0BDF6FC39D73F036E35A1B2E2	저쪽이 아까 모추링이라는 애가 말한 게임 코너인가 보다.	REVIEWED_DAY1		89
dialogue	89		GM-ALL-dialogue-89--1	E3B0C44298FC1C149AFBF4C8996FB92427AE41E4649B934CA495991B7852B855		EMPTY_CONTROL		90
dialogue	90		GM-ALL-dialogue-90--1	1434D47BC18C745BD970EE3DAD0F68CC22EFE6BCDC5006D530CD7A89B56A2FCE	굿즈샵뿐 아니라 게임 코너까지 합쳐 놓은 운영 방식인가.	REVIEWED_DAY1		91
dialogue	91		GM-ALL-dialogue-91--1	61D0B7BAA5293E35B5A08B3D03D3A9641EA79C0807578C325243102F8A276FFD	들어왔을 때 너무 조용해서 가게에 다른 손님은 거의 없는 줄 알았다.	REVIEWED_DAY1		92
dialogue	92		GM-ALL-dialogue-92--1	864CAF37E93E0E2891CE4EE329D625DD425B646CA6B65E64C637227F3C4F541B	낯선 사람이 있으면 별로 가고 싶진 않은데… 그래도 여기 게임 코너가 어떻게 생겼는지는 좀 궁금하다.	REVIEWED_DAY1		93
dialogue	93		GM-ALL-dialogue-93--1	21679C893171E0673D422FE6B2D1D2143C6FFD44E49507BC6B84F3FB9AB116D0	으으…	REVIEWED_DAY1	BXY	94
dialogue	94		GM-ALL-dialogue-94--1	526A92B0D68D59BFB41A3DCBCEA555DD33A83786D0D3D097E9C3E70F07DFAA27	커튼 뒤에서 불만스러운 듯한 목소리가 들렸다.	REVIEWED_DAY1		95
dialogue	95		GM-ALL-dialogue-95--1	E45673E3A5AF204914487D344B9EE3256BC9D1DC98FD9548A0D530707801C08E	벌써 고백까지 가 버렸어… 다음은 어떻게 쓰지…	REVIEWED_DAY1	BXY	96
dialogue	96		GM-ALL-dialogue-96--1	2D02363808704F3EB6CFC4DE615068EC63AA76D74721F0CD14B247C62C3F19E4	게임하면서 혼잣말하는 건가?	REVIEWED_DAY1		97
dialogue	97		GM-ALL-dialogue-97--1	3C7DDD0E7A64CCCF8E55E46EF49C2FC2DC2B41F00956B95BF60233D75A22DE14	키스 CG… 제법 잘 그렸네…	REVIEWED_DAY1	BXY	98
dialogue	98		GM-ALL-dialogue-98--1	EF93E7648AA642812466AFB82997983062AF190FD43C6DAAB007380B904223A7	뭐? 키스 CG?	REVIEWED_DAY1		99
dialogue	99		GM-ALL-dialogue-99--1	5A1465757438A61D43CD1554918B608A26D537F09C24D409A0BAA18B02B230F3	대체 뭘 하고 있는 거야?	REVIEWED_DAY1		100
dialogue	100		GM-ALL-dialogue-100--1	2E9C5609EEE2F0AD47A69CAFEC70BC42404F40AF86B615A07BC68F21694B6F7F	설마 미연시는 아니겠지.	REVIEWED_DAY1		101
dialogue	101		GM-ALL-dialogue-101--1	949934FBB6E9AF12665AF1FEF441C6CD5B2246D72AFE5A5751734CE9ECB61060	아니, 아니. 아무리 여기가 굿즈샵이라도 밖에서 미연시를 켜는 건 대부분 사람이라면 망설이겠지?	REVIEWED_DAY1		102
dialogue	102		GM-ALL-dialogue-102--1	082A89A8234CEC5477CC518D418338902354C5E899C5395E593F518DFE113DED	자칫 서비스 CG가 화면을 꽉 채우기라도 하면 사회적으로 매장당할 테니까—	REVIEWED_DAY1		103
dialogue	103		GM-ALL-dialogue-103--1	98B8E4E0F53892B03348411CCE6CB321B615956859C03B967BFCE0385D014BD4	안쪽이냐 바깥쪽이냐… 으… 바깥은 별로인데…	REVIEWED_DAY1	BXY	104
dialogue	104		GM-ALL-dialogue-104--1	FFDD1C16E327EA8BAF616F7239FD74A1619D8136FC000954D15FCA747A3782B9	진짜 대체 뭘 하는 거야!?	REVIEWED_DAY1		105
dialogue	105		GM-ALL-dialogue-105--1	044666E1118197718AF185A3047779F2242604D26A5AF360B5A80FB4BD3D6596	설마 진짜 야한 이벤트라도 나온 거야!?	REVIEWED_DAY1		106
dialogue	106		GM-ALL-dialogue-106--1	29760071A37B57B1B57CDD9506D12D4FA38734D40101487B1FC605C45F56E1B5	나도 모르게 진열대에서 발을 떼고 목소리가 난 쪽으로 시선을 돌렸다.	REVIEWED_DAY1		107
dialogue	107		GM-ALL-dialogue-107--1	4515825DA493347F9D6EE5E836F0EE7778C008305C778492877313824C7A2F60	완전히 닫히지 않은 커튼 너머가 보였다.	REVIEWED_DAY1		108
dialogue	108		GM-ALL-dialogue-108--1	F476FA4A2E6F4B9685BC41D12B0D41175AEC574C3FB5B2E288C1FFE3E93F6DD5	대략 6명 정도 들어갈 만한 작은 공간에 TV와 게임기가 가지런히 놓여 있었다.	REVIEWED_DAY1		109
dialogue	109		GM-ALL-dialogue-109--1	9E7DC43586B32ACFAB5445AAB3ED24068844AE1B985ECBBF5C7A909E9413D3BF	이것만 보면 평범한 게임방 같았지만 벽에는 온갖 미소녀 일러스트, 그것도 여러 미연시 작품의 팬아트가 빼곡히 붙어 있었다.	REVIEWED_DAY1		110
dialogue	110		GM-ALL-dialogue-110--1	CFA6751C97BF54DA22142C8EE2CE4A517085C987B5629F451587BB3207F9A3FA	첫눈에 봐도 화풍이 굉장히 익숙했다.	REVIEWED_DAY1		111
dialogue	111		GM-ALL-dialogue-111--1	82BE584C8FADF3299B6D68796FCC48AF7D8D51DB4009D01636B1A93C4486C811	그 일러스트 아래, 백발 소녀가 컨트롤러를 든 채 TV 앞에 앉아 있었다.	REVIEWED_DAY1		112
dialogue	112		GM-ALL-dialogue-112--1	25CDB44B51D20C4243457D34C6474D79B3DF8B7BC8F3950BD24108D172B70D7E	머리에는 커다란 헤드폰을 쓰고 있었는데, 보기만 해도 방음이 엄청 잘될 것 같았다.	REVIEWED_DAY1		113
dialogue	113		GM-ALL-dialogue-113--1	2A1E87B5E6117D40703C11D3F16B13863A928CC815115538284527B573821B5F	바깥 소리가 안 들린다면 원래는 내가 그녀의 비스듬한 뒤쪽에 서 있다는 걸 알아차리지 못했을 텐데—	REVIEWED_DAY1		114
dialogue	114		GM-ALL-dialogue-114--1	D88347DDDDCD50CE1F88D8870127DB7DBFA4D3BDBA9358C404906061D77A3BDF	백발 소녀가 갑자기 뒤를 돌아봤다.	REVIEWED_DAY1		115
dialogue	115		GM-ALL-dialogue-115--1	9AD0243B825A35943AC53BE5793F305C0E6880CC447BDE1E8DD30C9F769995A2	아…!	REVIEWED_DAY1	BXY	116
dialogue	116		GM-ALL-dialogue-116--1	5FB1BB832F34FA320D367F25E60BA4F833EDBEEAB09A02E7E53096EAB085D22C	무슨 찔리는 짓이라도 하다 들킨 사람처럼 몸이 바로 굳어 버렸다.	REVIEWED_DAY1		117
dialogue	117		GM-ALL-dialogue-117--1	034A70DE98C87ECA0F75F5F066F51702E55575CC8805500A43ED432C20EE8200	…어.	REVIEWED_DAY1	LM	118
dialogue	118		GM-ALL-dialogue-118--1	23F5F98DC855602BC8903608B646FE5F5CCA4263B366E70207A905A42035BDAE	꺼진 다른 TV 화면에 내 모습이 비치고 있다는 걸 깨달았다.	REVIEWED_DAY1		119
dialogue	119		GM-ALL-dialogue-119--1	A7F878B8CED1A7957C560D573E30DDBBC1696E38C370513AACBBF4BFF12E7F43	……	REVIEWED_DAY1	LM	120
dialogue	120		GM-ALL-dialogue-120--1	5FF5748AE8ED0852E7ED6C6092646CFC12D29C727D2188F0BF22ACEF6CE93801	나는 그녀에게 가볍게 고개를 끄덕였다.	REVIEWED_DAY1		121
dialogue	121		GM-ALL-dialogue-121--1	A4EF025E4B455D17A2A4DAD5ADBF07E06D926D343596FAA29F9197CC0DC9F952	그리고 시선이 저도 모르게 TV 화면으로 향했다—	REVIEWED_DAY1		122
dialogue	122		GM-ALL-dialogue-122--1	CAA29A2A3CC329916CCA9CA0983178198D058BBB458CCAFB438C0FBFE1937897	전형적인 미연시 화면. 미소녀 캐릭터가 화면 앞의 플레이어를 애틋한 눈빛으로 바라보고 있었다.	REVIEWED_DAY1		123
dialogue	123		GM-ALL-dialogue-123--1	EDDD0CBE1EFACD388C63760C47419AD19169F34EB56C8E3FC4D70F76A4FB75A4	【그다음엔 어디로 데이트하러 갈까?】	REVIEWED_DAY1		124
dialogue	124		GM-ALL-dialogue-124--1	512E000E4EF6A5F64466949CC9763BEB4C3FFC1D91527627D7D89F7425D698EE	【안으로 들어간다】	REVIEWED_DAY1		125
dialogue	125		GM-ALL-dialogue-125--1	8C94D6C66001D2BA9821DBEB0E00DD2E87D90DA7049974AECEB418B8AAB2FF76	【밖으로 나간다】	REVIEWED_DAY1		126
dialogue	126		GM-ALL-dialogue-126--1	8F0246DB8254F550181B217793A8E28E8559C5CFF5D6E019BA9A16045A9B5915	아까 말한 게 이거였구나……!!	REVIEWED_DAY1		127
dialogue	127		GM-ALL-dialogue-127--1	576C51CEC789593D848F7ACD13350D977DE543969D8C1B9ACF887B3B623614DF	아… 아와와…	REVIEWED_DAY1	BXY	128
dialogue	128		GM-ALL-dialogue-128--1	E32A774965CD8C30E2DE7EB405F8A415A5E6CBD39A5FEE78C44DC4896C183402	백발 소녀의 목소리까지 떨리기 시작했다.	REVIEWED_DAY1		129
dialogue	129		GM-ALL-dialogue-129--1	F7D53771C4BC27F1697718ADA322F2AD6B53D3B045EC81AAC4AD8EE4A9F9A342	새하얀 머리카락 탓에 얼굴의 홍조가 더욱 도드라졌다.	REVIEWED_DAY1		130
dialogue	130		GM-ALL-dialogue-130--1	09A4493D754FBCD9E5EF9E7537CC7E4323AC954AFB2507A137EFF18CF15CF041	괘, 괜찮아요. 이해해요! 나라도 샤오예한테 미연시 하는 걸 들켰는데 하필 이상한 장면이면 부끄러워서 울면서 샤오예를 밀치고 방을 뛰쳐나간 뒤 밤새 안 돌아올 것 같으니까!	REVIEWED_DAY1		131
dialogue	131		GM-ALL-dialogue-131--1	F6CA28D1A16CBAF01456AA1F274290B56AB635E8F4AFC70A2E8DADE928DE04DB	소녀의 표정이 눈에 띄게 흔들렸다.	REVIEWED_DAY1		132
dialogue	132		GM-ALL-dialogue-132--1	01643B42B8615D1F8EB175FE6D72838AC3009C6E755FDC3CEA7685925D04CADD	입술이 살짝 벌어졌다가 곧 억지로 다물렸다. 부끄러워하던 기색은 순식간에 사라지고, 날카로운 시선이 내게 꽂혔다.	REVIEWED_DAY1		133
dialogue	133		GM-ALL-dialogue-133--1	A7F878B8CED1A7957C560D573E30DDBBC1696E38C370513AACBBF4BFF12E7F43	……	REVIEWED_DAY1	BXY	134
dialogue	134		GM-ALL-dialogue-134--1	9D7E9AD21F00884B265C0D7EF80828FB947EDB236B38FF7CC98204CA011E5A8B	우와… 화났나?	REVIEWED_DAY1		135
dialogue	135		GM-ALL-dialogue-135--1	CDF9BD3A3FA16F868524DF3D435CF088558C60E45257CCB5B6B2577405758D6A	그녀는 아무 말 없이 헤드폰을 내려놓고 화면도 끄지 않은 채 내 옆을 지나갔다.	REVIEWED_DAY1		136
dialogue	136		GM-ALL-dialogue-136--1	07DDF9E23B8CE2D026D75FADA47A444F871FC7E2B4FFC00F207CEED3C9D10F6B	나는 어색하게 몸을 비켜 길을 내줬다.	REVIEWED_DAY1		137
dialogue	137		GM-ALL-dialogue-137--1	8E6625D279616B8AA4F8226A777878C542B53AB7F44F6F2D78A001FEFB5A1CD4	응? 벌써 가려고요? 좀 더 있다 가도 괜찮은데.	REVIEWED_DAY1	MCL	138
dialogue	138		GM-ALL-dialogue-138--1	B4935894C8CE16BDE67BBFFC672428B1533C4F1E1E8B1CE21A2933183DB6BFA5	…	REVIEWED_DAY1	BXY	139
dialogue	139		GM-ALL-dialogue-139--1	066CA64B36B549FA71592379AA6B3AE6938B7FBCC7E66DBD9B3EB107B0A8071C	백발 소녀는 여전히 날카로운 눈빛으로, 낯선 사람은 가까이 오지 말라는 듯한 기운을 풍겼다.	REVIEWED_DAY1		140
dialogue	140		GM-ALL-dialogue-140--1	2953B1D17C6130D69DAD30CAEA11459AD5BF4294B8089EBB8BDECCCAC21514C2	작게 고개를 끄덕인 뒤 태엽 감긴 장난감처럼 문 쪽으로 걸어갔다.	REVIEWED_DAY1		141
dialogue	141		GM-ALL-dialogue-141--1	9669D2A883C5BA6FCD6856D8E53151A265DF7775AFE4C04A6248953953444F17	너무 급하게 나가려던 탓인지 소녀가 비틀거렸다.	REVIEWED_DAY1		142
dialogue	142		GM-ALL-dialogue-142--1	13FA71D76E27D254C14F443DE5D1DC77BE13411456E20C5513CD9EFE4182CAE9	아앗…!	REVIEWED_DAY1	BXY	143
dialogue	143		GM-ALL-dialogue-143--1	6B30EAF8B6CA7C74A084464A339F71461350310D7427D9BC862CA0FA03A08D4D	날카로운 눈빛과는 전혀 어울리지 않는 귀여운 비명이 튀어나왔다.	REVIEWED_DAY1		144
dialogue	144		GM-ALL-dialogue-144--1	A7F878B8CED1A7957C560D573E30DDBBC1696E38C370513AACBBF4BFF12E7F43	……	REVIEWED_DAY1	LM	145
dialogue	145		GM-ALL-dialogue-145--1	A7F878B8CED1A7957C560D573E30DDBBC1696E38C370513AACBBF4BFF12E7F43	……	REVIEWED_DAY1	MCL	146
dialogue	146		GM-ALL-dialogue-146--1	A7F878B8CED1A7957C560D573E30DDBBC1696E38C370513AACBBF4BFF12E7F43	……	REVIEWED_DAY1	BXY	147
dialogue	147		GM-ALL-dialogue-147--1	5B15AEB108276D4EBA5D9D98358E53D4E7496F87CF403871E9A2BFB5E0C06B18	소녀는 유리문을 힘껏 밀어 열고, 아직 쏟아지는 폭우에도 아랑곳없이 우산을 펼쳐 종종걸음으로 떠났다.	REVIEWED_DAY1		148
dialogue	148		GM-ALL-dialogue-148--1	A7F878B8CED1A7957C560D573E30DDBBC1696E38C370513AACBBF4BFF12E7F43	……	REVIEWED_DAY1	LM	149
dialogue	149		GM-ALL-dialogue-149--1	04E418EDEC14268856BC26BD691F2816988C141F25A2ED7C7540B2CB697CBE1A	아하하… 괜히 그 게임을 추천했나 봐요…	REVIEWED_DAY1	MCL	150
dialogue	150		GM-ALL-dialogue-150--1	79FA1FF62FAD394200DEBD2B12F5ECBBE088A6A194B9EE66461AF2D1954A1D8F	원흉이 너였냐!?	REVIEWED_DAY1	LM	151
dialogue	151		GM-ALL-dialogue-151--1	49572B4AE7C5D9146023778739B84866351407665367F95A4EFE639C7E97EF88	그, 그건 전연령판이에요. 완전 SAFE라고요!	REVIEWED_DAY1	MCL	152
dialogue	152		GM-ALL-dialogue-152--1	A45F9D7D0772172E64C2D6DED2FAFD61EC8A639E9D64395011E9B28ED6BB1515	보통은 공공장소에서 미연시를 켜라고 추천하지 않잖아!	REVIEWED_DAY1	LM	153
dialogue	153		GM-ALL-dialogue-153--1	AA86FE92FED89FE620D698458299F8315FA0DE326FE580E05D32BFD1A6C46204	아니, 여기는 오히려 가장 어울리는 장소고 갑자기 나타난 내가 예외인가.	REVIEWED_DAY1		154
dialogue	154		GM-ALL-dialogue-154--1	1C6A6E0E510FBA2435C1ECFE3EAF8D4A82854CAE971ED6D8155D75F1CCE4477A	밖에서 모르는 점원에게 반강제로 미소녀 게임을 추천받아 켰는데, 혹시 위험한 장면이 튀어나올까 조마조마하던 중 뒤에 낯선 사람이 서서 플레이를 구경하고 있다면—	REVIEWED_DAY1		155
dialogue	155		GM-ALL-dialogue-155--1	C904D93ED17BF17281A9932938EABE6C8EC58481DE0366AC80E31E148AD47740	나 좀 묻어 줘.	REVIEWED_DAY1		156
dialogue	156		GM-ALL-dialogue-156--1	2AE529E0E000E7306C0286540262C6C3FBB397C59241DB588CA5380C084D1251	현실에서 미연시 하는 사람을 만났잖아요. 진짜 드문 일이라고요! 그 자리에서 자기가 좋아하는 게임을 영업하고 싶어지는 게 당연하죠…	REVIEWED_DAY1	MCL	157
dialogue	157		GM-ALL-dialogue-157--1	F63633A995EE2012FA8F70AEF677B7F10F9044C02F265D0F0D72017D84933DC3	그 애 자주 와요?	REVIEWED_DAY1	LM	158
dialogue	158		GM-ALL-dialogue-158--1	F10AA7827FE3467E841DA1E9A45C389D8B08101CE76260CDE1A40057DB6EE24D	네! 요즘 가끔 와서 놀아요. 어떤 날은 한번 오면 하루 종일 있기도 하고요.	REVIEWED_DAY1	MCL	159
dialogue	159		GM-ALL-dialogue-159--1	0AE470F31485AEEA5E98975EF31DA7E7CB66122A7C3441057D5155EBC1115F39	영업이라… 그럼 너도 이런 거 하는 거지?	REVIEWED_DAY1	LM	160
dialogue	160		GM-ALL-dialogue-160--1	B2828A835563C3588EC7D0DF935E4A3DFEFDBADF4FD0FA91C04378FBD10B69C7	후후, 당연하죠. 아니면 이런 가게를 열었겠어요?	REVIEWED_DAY1	MCL	161
dialogue	161		GM-ALL-dialogue-161--1	EE0DA645B8451B708F6BC1BFBE765744F94A48173071740EC58F9F478CD04392	그녀가 자랑스럽게 가슴을 폈다.	REVIEWED_DAY1		162
dialogue	162		GM-ALL-dialogue-162--1	6A302387F5C491CF76E9B3A1ABCDD077EB698BAF34342F96E2DC27FC5969E00C	진짜인가? 한번 밈을 던져 볼까.	REVIEWED_DAY1		163
dialogue	163		GM-ALL-dialogue-163--1	0EAE035B9C4F243F2F32BD6C86A7B0E70A2208389BCFEFDE4AE4CF0B22F8A982	…신을 만나면 신을 패고, 요괴를 만나면 요괴를 걷어찬다.	REVIEWED_DAY1	LM	164
dialogue	164		GM-ALL-dialogue-164--1	CA460A88E74C5170A51761CF0F5828B00B14492603AE14E96FD64362666F46DE	검과 갑주의 이치란 바로 여기에 있다!	REVIEWED_DAY1	MCL	165
dialogue	165		GM-ALL-dialogue-165--1	70AB55B9729AFD99328005A0C473B09C933FF1216F04B428B495AF1BE29910F1	진짜 받아쳤어!?	REVIEWED_DAY1	LM	166
dialogue	166		GM-ALL-dialogue-166--1	19FDD1E6E44FD9B1EE29F76B46C860FB42B004002A35174F5C20117376F7B1F6	저 그 게임 엄청 좋아해요!	REVIEWED_DAY1	MCL	167
dialogue	167		GM-ALL-dialogue-167--1	6F1DB054B70665AD9B6A32127EE2BCCD34CFC4359F513024837AB4A5497AB0AF	그녀는 오른손으로 한쪽 눈을 가리고 중지와 검지를 벌렸다.	REVIEWED_DAY1		168
dialogue	168		GM-ALL-dialogue-168--1	3053E4349ACB0F9D2BB84A728F01313EC5B6A4382B0D6697580E642B30D0FD9D	이건 독수리와 곰의 이야기가 아니다.	REVIEWED_DAY1	MCL	169
dialogue	169		GM-ALL-dialogue-169--1	21BE3F9C34AA88B71155C4D79658802DF2BB3604073A2FE81F9EEDF038D67468	참지 못하고 그녀와 함께 웃음을 터뜨렸다.	REVIEWED_DAY1		170
dialogue	170		GM-ALL-dialogue-170--1	25D04929763AB27706D032C1D07FDC3ABB22247F7BDCB3FCDBEB3230ED45D427	여기서 미연시 고수를 만날 줄이야.	REVIEWED_DAY1	LM	171
dialogue	171		GM-ALL-dialogue-171--1	F8839363B9C025A82D9220E915D0A7CAD20878EC031C8339303A5AD473BC8AAD	아니에요, 아니에요.	REVIEWED_DAY1	MCL	172
dialogue	172		GM-ALL-dialogue-172--1	4DAF1A2332A7F46C48E58B8EE64EA06CED136D86331FBEB3DEDE846184F3401D	저를, 미연시 선인이라고 불러 주세요! —농담이에요.	REVIEWED_DAY1	MCL	173
dialogue	173		GM-ALL-dialogue-173--1	A7F878B8CED1A7957C560D573E30DDBBC1696E38C370513AACBBF4BFF12E7F43	……	REVIEWED_DAY1	LM	174
dialogue	174		GM-ALL-dialogue-174--1	FDA3D214E5A531FD03877D0480C891893A31EDEFFB20A096838C4E08EB9D36D7	그냥 미연시 고수라고 할게요.	REVIEWED_DAY1		175
dialogue	175		GM-ALL-dialogue-175--1	2EFD5B7CC0F082A3DAEF83F54A1299D99FD840C9752BEFD6A32AFA8C4E510041	직접 연 가게였구나… 그냥 평범하게 아르바이트하는 줄 알았어요.	REVIEWED_DAY1	LM	176
dialogue	176		GM-ALL-dialogue-176--1	8B66051D2467D10B2C3CD6D5F8E7ED5259E7B30E42F3F894E334710E692A6F3D	딱 봐도 나랑 비슷한 또래인데 벌써 자기 가게를 꾸릴 능력이 있다니.	REVIEWED_DAY1		177
dialogue	177		GM-ALL-dialogue-177--1	4CC26D975F20D2D0983D13CF39BDCDD0E5B2BD40F6A928399DBD482CE8861230	우와…! 들켰나요? 사실 제가 알바 전사라는 사실을…!	REVIEWED_DAY1	MCL	178
dialogue	178		GM-ALL-dialogue-178--1	A427BD8D54BAE19240FF34F5456B2F2039765D63F73E21A990D0681AF4BFF2DF	너 미연시를 너무 많이 해 봤잖아!?	REVIEWED_DAY1	LM	179
dialogue	179		GM-ALL-dialogue-179--1	D42BC392121A254F6E19BEA494D4874BE25793B8DAF00E746B0B00A000E7C439	당신도 대단한데요!	REVIEWED_DAY1	MCL	180
dialogue	180		GM-ALL-dialogue-180--1	F70F522705F947CBE0FD0170E6534BD45B49B7ACDEB3213FA1DEE918485384B5	갑자기 말문이 확 트였다!	REVIEWED_DAY1		181
dialogue	181		GM-ALL-dialogue-181--1	AFBF4DD22AC75BE72767317AEEE604A362DAC6AAA7C04788888CD33AC0DC1D06	어떤 시나리오 라이터 좋아해요?	REVIEWED_DAY1	LM	182
dialogue	182		GM-ALL-dialogue-182--1	A9425C5BB8FECC0659CB4E3135D36623895E5BA971D06C64B81CCA04C3708288	이즈미 치야요.	REVIEWED_DAY1	MCL	183
dialogue	183		GM-ALL-dialogue-183--1	A7F878B8CED1A7957C560D573E30DDBBC1696E38C370513AACBBF4BFF12E7F43	……	REVIEWED_DAY1	LM	184
dialogue	184		GM-ALL-dialogue-184--1	B2D585196ADCFF0F506144D32F1767FC49B486859327D7E068AF880CCF3E5F9A	갑자기 말문이 확 막혔다!!	REVIEWED_DAY1		185
dialogue	185		GM-ALL-dialogue-185--1	B78DF9F6A024FAF5748F561CC63E0A3D90545C024453973BE6906E25171A4824	아, 그런 표정 짓지 마요. 사실 괜찮은 작품도 많다고요! 『무한 론도』는 정말 잘 썼어요.	REVIEWED_DAY1	MCL	186
dialogue	186		GM-ALL-dialogue-186--1	4F06878C72F2834453408007BC8783EA837EC260AC56BE2A98C45DFC5C1DEB81	그 사람이 원래 좋은 시나리오도 썼어요? 잘 몰라서…… 전부 그런 쪽인 줄만……	REVIEWED_DAY1		187
dialogue	187		GM-ALL-dialogue-187--1	E6524266B32C363FCC96C247D5BC981CB2E1937FBE8B9DB3690027D33CB92110	아하하… 그건 들어 봤는데 그림체가 너무 옛날이라…	REVIEWED_DAY1	LM	188
dialogue	188		GM-ALL-dialogue-188--1	7A1652847AB036CAEA6E0C0A178015BE492D116BAC08B5CB20FA2F093E342E04	그림체가 좀 오래된 건 맞지만 그림만 보고 거르지 마요! 그 스토리가… 그러니까, 진짜!	REVIEWED_DAY1	MCL	189
dialogue	189		GM-ALL-dialogue-189--1	1A34B82F572111205ED57E47F7B293701B0452455E1425516958EF0ECD907417	…아, 그러니까 있잖아요. 진짜 말도 못 하게…!<br>으에—뭐라고 설명해야 하지, 조금만 말해도 스포라서 못 하겠어—	REVIEWED_DAY1	MCL	190
dialogue	190		GM-ALL-dialogue-190--1	42C3B324F1089F4C0B0EE95F4B88282899BB488B387AB45FDFA6D4DCEA01030E	알았어요, 알았어요. 기회 되면 해 볼게요!	REVIEWED_DAY1	LM	191
dialogue	191		GM-ALL-dialogue-191--1	FE48A4DDAF4D9775744F1AB241B37AB3DB421A5573B5CCA93F62137BC58EC2BD	그럼 당신은 어떤 시나리오 라이터를 좋아해요?	REVIEWED_DAY1	MCL	192
dialogue	192		GM-ALL-dialogue-192--1	8354291A568262184C46E37BAE244ADEF20626C5B8FA4E9048A0CBE4A653A269	어, 나는……	REVIEWED_DAY1	LM	193
dialogue	193		GM-ALL-dialogue-193--1	E3B0C44298FC1C149AFBF4C8996FB92427AE41E4649B934CA495991B7852B855		EMPTY_CONTROL		-1
option	193	0	GM-ALL-option-193-0	16A9FF0F927BF24F91D0044182A19926BF28E1CBEB9C9E00DF9DED5BA67F263F	니이지마 유타	REVIEWED_DAY1		-1
option	193	1	GM-ALL-option-193-1	421F6FE561FF7378251E63D6A2FC8262A4ECCB64026DF83154F0AA3704CC4188	도즈키	REVIEWED_DAY1		-1
option	193	2	GM-ALL-option-193-2	966C18A67095CDC59BD865CCD9196660EA3296E64BFCD9493976EE9A962644B2	못즈미 케이	REVIEWED_DAY1		-1
option	193	3	GM-ALL-option-193-3	859BC71F395C440821D2D5B37B04BC922896031B20B2795D56CD3543CEAC3BFB	거북기사006	REVIEWED_DAY1		-1
option	193	4	GM-ALL-option-193-4	96B76C0B96E53226ADB55D7B914457142B46ED4208397966ED8C445A36D2DCAA	마에다 쥰	REVIEWED_DAY1		-1
dialogue	194		GM-ALL-dialogue-194--1	EFC2937D0271CA41F8567D841927C766FE1426EC8711F37746D3E634FB896A6A	이 사람인가. 마음이 따뜻해지지!	REVIEWED_DAY1	MCL	195
dialogue	195		GM-ALL-dialogue-195--1	A9EFC38BC4954100A48A5D39716DAE43987A5DA573FB1AC4CADE08D653DD3720	어릴 때 여자친구에게 차여서 어떤 작품을 쓴 거 아니냐고 네티즌들이 놀리기도 하지.	REVIEWED_DAY1	LM	196
dialogue	196		GM-ALL-dialogue-196--1	D8E287BE246D7EC309A3A66D221BED1BEEB6AC88C7BA53B674EE14149A8336BD	그래도 글 자체에는 꽤 번뜩이는 부분이 있어.	REVIEWED_DAY1	LM	197
dialogue	197		GM-ALL-dialogue-197--1	FFF7BBD6E9D4332C61BC23CAE755D3876BE205D65A0F0FB8EBC8B0F59E107099	아마도!	REVIEWED_DAY1		198
dialogue	198		GM-ALL-dialogue-198--1	ED3112DC69E0CEA0944E5249DA5A17AC7F5AB1FB355F89074A80D844D40FD42F	결말이 어떻게 흘러갈지 짐작은 가도 역시 감동적이란 말이지—	REVIEWED_DAY1	MCL	221
dialogue	199		GM-ALL-dialogue-199--1	7A82296C368598E7B34CDA71A99935456BBAFC84815BFA9B833C303E3A366FF8	오! 저도 이 사람 좋아해요!	REVIEWED_DAY1	MCL	200
dialogue	200		GM-ALL-dialogue-200--1	000AA3D379DF5B5B90743D955D9450263F5648BF01EB4CA39C316E3E215CEF92	이 사람이 쓴 도입부는 다 몰입감이 좋죠!	REVIEWED_DAY1	MCL	201
dialogue	201		GM-ALL-dialogue-201--1	7C9B28F2C4900056BD473EE7AA5956503C801E2077A069B0E8013CAD5C75B813	응, 일단 시작하면 계속 하게 돼. 저점이 높은 작가야!	REVIEWED_DAY1	LM	202
dialogue	202		GM-ALL-dialogue-202--1	D6DB08D0BE866E2CE41B30C31091DE0C93D719C52B20E1CFA0F664F7E9753806	다만 매번 이름을 어떤 유명 인기 일러스트레이터랑 헷갈려.	REVIEWED_DAY1		221
dialogue	203		GM-ALL-dialogue-203--1	626BA48F2E38A2CC019590D7925BF444771A426356237AB425BEB0F36F8D2852	아.	REVIEWED_DAY1	MCL	204
dialogue	204		GM-ALL-dialogue-204--1	895361FFBF88D5A8C40D47F8DD3D03DF2042CA9360D08738BCBB4FAA39495404	……	REVIEWED_DAY1	LM	205
dialogue	205		GM-ALL-dialogue-205--1	1A136E425C518723B7E7622259DE15CABD7D41642E7E42597C0FE07A769C6289	왜 내가 이걸 골랐지.	REVIEWED_DAY1		206
dialogue	206		GM-ALL-dialogue-206--1	EA185E17870BAC94C6638771782AEA0E97D2D9D99215D738B166BE2B899BEFD9	음… 응! 안정적인 작가죠, 그렇죠!	REVIEWED_DAY1	MCL	207
dialogue	207		GM-ALL-dialogue-207--1	9CE5E9A54B5E029185CF0ABA9740BAF0C6FD92A714046777C46CCEEF6C2D6486	아하하, 맞아 맞아!	REVIEWED_DAY1	LM	208
dialogue	208		GM-ALL-dialogue-208--1	3417CF9049B0B11A7C1D4EC88D16DE68D5437D7392AEC1E39FBD894684A92319	아주 안정적으로 나를 졸게 만드는 쪽으로.	REVIEWED_DAY1		209
dialogue	209		GM-ALL-dialogue-209--1	74A42B95114CBDC5F5FDE84400CF90B350B746F3F4B841278F1B9B68228F17F2	그래도 이미 은퇴해서 좀 아쉽네요…	REVIEWED_DAY1	MCL	210
dialogue	210		GM-ALL-dialogue-210--1	053D6E6CE1F2D46F797A465B86E7C0CADA5028C5A4C8B2BDA551F594EC87E066	그, 그런가 봐.	REVIEWED_DAY1		221
dialogue	211		GM-ALL-dialogue-211--1	6FE87DEE072C75BAB6FBAC5C79EE6AE41587EDECF6A9E5544865C73CF550639C	사랑이 없으면, 보이지 않아!	REVIEWED_DAY1	MCL	212
dialogue	212		GM-ALL-dialogue-212--1	F8F728C3565D427AC001E3FFFD905F6CE3E8E06789AA7A4C74B5AF0F86A55136	사실 전 애니판만 봤어요…	REVIEWED_DAY1	LM	213
dialogue	213		GM-ALL-dialogue-213--1	D87C5BD4E53559F9874E7A102E9C6F5F8CF58BD2DDAB0ABD44941F471EADD20D	우와! 빨리 원작 게임도 해 봐요! 그렇게 재밌는데!	REVIEWED_DAY1	MCL	214
dialogue	214		GM-ALL-dialogue-214--1	F2FFBE3CF1325127451DDA5610F0E4FEC200DC5372252CF770CFCB86D0EE2FC9	알았어요, 알았어요!	REVIEWED_DAY1	LM	215
dialogue	215		GM-ALL-dialogue-215--1	9CAF11AE765DA94622F347750E7FD8A8BF69651029828E02255684C5379ACBE3	개인 색깔이 정말 강하긴 하지…	REVIEWED_DAY1		221
dialogue	216		GM-ALL-dialogue-216--1	A8FA7BF831468AB432CDFCEF0E0A8D73241312E9CCAAE0A6152205E222E3D646	노래도 쓰고 이야기도 쓰고, 대단한 사람이죠!	REVIEWED_DAY1	MCL	217
dialogue	217		GM-ALL-dialogue-217--1	481E41318FF24B8FFF8CD722BAFF9D51D28ADAB0A6DC6180F7EB24A28F7B7678	맞아, 마쥰이 쓴 노래는 나도 다 좋아해.	REVIEWED_DAY1	LM	218
dialogue	218		GM-ALL-dialogue-218--1	C859C7902A37F1CF05F1EDBD9E049DB443ACDE533B514EC579B9E36D3577A37D	미연시 쪽으로 돌아오지 않는 게 아쉽지만…	REVIEWED_DAY1	MCL	219
dialogue	219		GM-ALL-dialogue-219--1	09D87F9E8F132726A4460943E96D79E3F0E62D3D9D1A32B69F38A8808B0132D4	헤븐 번즈 미트에서 자유롭게 창작할 수 있다면 본인이나 팬에게도 다행인 일이겠지.	REVIEWED_DAY1	LM	220
dialogue	220		GM-ALL-dialogue-220--1	A506AEF28C79124752EABABE7AAE58D811238DFD33BD542DA32927680C684E3D	마쥰!! 돌아와, 마쥰!!	REVIEWED_DAY1		221
dialogue	221		GM-ALL-dialogue-221--1	E3B0C44298FC1C149AFBF4C8996FB92427AE41E4649B934CA495991B7852B855		EMPTY_CONTROL		222
dialogue	222		GM-ALL-dialogue-222--1	F12DE1D9D5BB99D6D223B13C40E9711CB016B0590710FD3B1ADB8A1F5648881E	어느새 빗줄기가 약해지고 하늘이 서서히 개기 시작했다.	REVIEWED_DAY1		223
dialogue	223		GM-ALL-dialogue-223--1	2395F14A5D11FDB8B705C0F9FFF8A20766267973F37D53A18006197667A1ED1F	너… 너무 강해…	REVIEWED_DAY1	LM	224
dialogue	224		GM-ALL-dialogue-224--1	F842013CB334D6A1870E125DBBBA83C161F93AEA57DB94C1BB0BD42EF899E57E	으에?	REVIEWED_DAY1	MCL	225
dialogue	225		GM-ALL-dialogue-225--1	96C88E73C3817E823C2EBA0835FC6FD16177808757C61FCBE5E675A54BD44151	해 본 작품 수가… 전문 리뷰어라고 해도 믿겠는데.	REVIEWED_DAY1	LM	226
dialogue	226		GM-ALL-dialogue-226--1	373A64F5C2AB661BD88D191B160CB393EA10988034E4A0DEBA6C5B7E22231AF5	아, 헤헤헤. 과찬이에요—	REVIEWED_DAY1	MCL	227
dialogue	227		GM-ALL-dialogue-227--1	DA58A49BD941CCE2CA97C2540300F1AB688B87CC9D65FFA7EE47649EC27BD2CD	모추링은 두 손을 볼에 대고 잔뜩 우쭐한 표정을 지었다.	REVIEWED_DAY1		228
dialogue	228		GM-ALL-dialogue-228--1	8CE9F21B18BB58CC048A76DD2F5EEFDD4FABE5237140B7F784C4B9DF9953327F	그녀와 미연시 이야기를 이것저것 나눴다. 스토리, 원화가, 성우 등 무슨 화제를 던져도 다 받아 줬다.	REVIEWED_DAY1		229
dialogue	229		GM-ALL-dialogue-229--1	A4BC7068D962ECC1D603F48EFAF743BF684D25C1AFAFA9C22707D9714AA5B209	대부분은 오히려 내가 모르는 이야기였다.	REVIEWED_DAY1		230
dialogue	230		GM-ALL-dialogue-230--1	F32ED6070C89AE2CCCE6018C910FC24CC8A5227AFD2EBD87FCAC2AEA2AC7758D	틀림없다. 눈앞의 이 소녀는 최상급 미연시 고수다…!	REVIEWED_DAY1		231
dialogue	231		GM-ALL-dialogue-231--1	D937662367F1558A7D710696B36889347B66C1DAE8AFF833DBFA894BBF24916B	오, 밖에 비 그쳤네.	REVIEWED_DAY1	LM	232
dialogue	232		GM-ALL-dialogue-232--1	3BAACEEE22CF8CE0EBA14B6DBD3575FDEB500E76E73899953ACFA052A6956AD7	정말이네… 이제 가려고요?	REVIEWED_DAY1	MCL	233
dialogue	233		GM-ALL-dialogue-233--1	E8B7C284B25204FE516A56145FF985C26C2A5554CB46D21CD08EF3AB99FCF5EE	그녀의 목소리에는 아쉬움이 조금 묻어 있었다.	REVIEWED_DAY1		234
dialogue	234		GM-ALL-dialogue-234--1	766DDB044A8CE8B151C8634931C78CE3B874988E05714867E5A5CDC0DACC0E15	응, 동생이 곧 데리러 올 것 같아서.	REVIEWED_DAY1	LM	235
dialogue	235		GM-ALL-dialogue-235--1	C84A2C1AEE32C69E0C95F5961381CF2ED1079241DA9D3758187B64F483C55513	그렇구나…	REVIEWED_DAY1	MCL	236
dialogue	236		GM-ALL-dialogue-236--1	E3B0C44298FC1C149AFBF4C8996FB92427AE41E4649B934CA495991B7852B855		EMPTY_CONTROL		237
dialogue	237		GM-ALL-dialogue-237--1	1079818BCC74B5E635CCB240149B2D0BD4B7C559A1D00C4426D0D1E629B151AE	그녀는 잠시 멈칫하더니 고개를 끄덕이고 카운터 안에서 자세를 바로 했다.	REVIEWED_DAY1		238
dialogue	238		GM-ALL-dialogue-238--1	67AAE0C2401D7C228EB6A07456065C5CC9B82A1759663812EBC38B0B72416CD2	찾아주셔서 감사합니다~ 또 오세요!	REVIEWED_DAY1	MCL	239
dialogue	239		GM-ALL-dialogue-239--1	50F6D23DF860CDBC04E89BD082506F2A053609316C0CECD33E790A0B10B7FA7F	그렇게 말하니 나 아무것도 안 샀네… 너무 미안한데, 뭐라도—	REVIEWED_DAY1	LM	240
dialogue	240		GM-ALL-dialogue-240--1	C92E27610145052044317FA92CB72CAC66371628F351E7057C902ED5FE6EE54C	뭐가 미안해요. 제가 붙잡고 이렇게 오래 떠들었으니 오히려 미움받았을까 봐 걱정되는걸요.	REVIEWED_DAY1	MCL	241
dialogue	241		GM-ALL-dialogue-241--1	3D4673D0A365604C45CB8ABF7F03EF6630434B7C23333CC0133DCCD05B3C84CE	오랜만에 누군가와 이렇게 많이 이야기했는데, 나쁘지 않았다.	REVIEWED_DAY1	LM	242
dialogue	242		GM-ALL-dialogue-242--1	91C98AA944A25418FB3817F142384BEB79D2F95A0385FCE02589DA29C7DF00ED	떠나려다 카운터 옆에 놓인 입간판이 다시 눈에 들어왔다.	REVIEWED_DAY1		243
dialogue	243		GM-ALL-dialogue-243--1	2EC6B09D97BF1B4BD78FBCAF51046BA76681C30A67097F2A77D49B93D9020AB7	비도 그쳤는데, 저 입간판 내가 나가는 김에 다시 밖에 세워 줄까요?	REVIEWED_DAY1	LM	244
dialogue	244		GM-ALL-dialogue-244--1	5433F665F75D2E065E68F473ECACC72A0DA9AE90432AC32F12CA45DBD2DC34AD	그래도 돼요!? 고마워요!	REVIEWED_DAY1	MCL	245
dialogue	245		GM-ALL-dialogue-245--1	17D2E2B9F09EC18DCDE3B5C9D228A5615B9B0D54915980585CBB6EDAB546A0DD	이 아이의 웃는 얼굴을 보고 있으면 왠지 뭔가 해 주고 싶어진다.	REVIEWED_DAY1		246
dialogue	246		GM-ALL-dialogue-246--1	27C8F537EF3BE71BDF6A1F3F59B4366AB473B59AF13F15F0A41301BB29F02E6B	무슨 마법이라도 있는 걸까. 웃는 얼굴을 보이면 다른 사람도 따라 웃게 되는 마법.	REVIEWED_DAY1		247
dialogue	247		GM-ALL-dialogue-247--1	2F7382BB65B4C8B8F1D36AFFCCD7B725400E8A323C510074598A96DF9BA066E6	후…	REVIEWED_DAY1	LM	248
dialogue	248		GM-ALL-dialogue-248--1	0C5BAA99824710E5EBD715220723FBB2370CC615062C5F8AF11AAAD519FA40E8	두 손으로 입간판을 들어 올렸다.	REVIEWED_DAY1		249
dialogue	249		GM-ALL-dialogue-249--1	A7F878B8CED1A7957C560D573E30DDBBC1696E38C370513AACBBF4BFF12E7F43	……	REVIEWED_DAY1	LM	250
dialogue	250		GM-ALL-dialogue-250--1	A401383D577888C555CCC5411B8D981499FDE9EEE51A6E6D1A265F17EDA3847F	아, 안 돼. 가까이서 보니까 진짜 장관이네…	REVIEWED_DAY1		251
dialogue	251		GM-ALL-dialogue-251--1	16E827C61B2675F48AA1BEF04773594B2A835D90115BC401255700915D0C6801	갑자기 입간판을 세워 주겠다고 한 게 후회됐다.	REVIEWED_DAY1		252
dialogue	252		GM-ALL-dialogue-252--1	4FFAF416976D260DC86A33F18E8BEC4A568401570744AE08CD61A63BD44A49DD	밖에 있는 사람에게 이런 모습을 들키면 너무 창피한데… 모추링은 평소에 이걸 하면서도 전혀 신경 안 쓰는 건가!?	REVIEWED_DAY1		253
dialogue	253		GM-ALL-dialogue-253--1	E485348C5799A80D4C84BFD40ABF848AAE6EAA9DF1C7CFCA105CD4CF2DCCB243	그래도 하겠다고 한 일은 끝까지 제대로 해야지.	REVIEWED_DAY1		254
dialogue	254		GM-ALL-dialogue-254--1	4FCAC2F8A34B91BCC976F89D5CBABDBEC76DFA4AC714AB80EDD0AA17EE6FE5E3	아! 잠깐만요, 거기—	REVIEWED_DAY1	MCL	255
dialogue	255		GM-ALL-dialogue-255--1	B7EF984DA17086A8E0C1F66AFEBEB7EE110BBEECFADBAC28598C75909286589C	그녀가 외친 순간, 오른발 밑의 마찰력이 사라진 듯했다.	REVIEWED_DAY1		256
dialogue	256		GM-ALL-dialogue-256--1	349C4F4442B09D1F4C2373C8C961A3CE3645C030230EB990CD18A4EC429F03FE	우왓!!	REVIEWED_DAY1	LM	257
dialogue	257		GM-ALL-dialogue-257--1	70D308750FD4CA7968CC0235F18B165396D1E273C94AE34681E0ED535700AA10	아… 큰일이다! 가게 앞 타일 바닥에 빗물이 있는 걸 깜빡했어요—	REVIEWED_DAY1		258
dialogue	258		GM-ALL-dialogue-258--1	21D1B9D77598AB48BD30964926AEC5722FA85E698BBE5B94394BCF7450464BB3	몸과 입간판이 걷잡을 수 없이 앞으로 기울었다.	REVIEWED_DAY1		259
dialogue	259		GM-ALL-dialogue-259--1	0F2CFA76367D146AD04CA539ED3983A66499B6DE7258C07F68E06C4FC0407092	끄윽!	REVIEWED_DAY1	LM	260
dialogue	260		GM-ALL-dialogue-260--1	B72EE09B2C876265FB9231159373450A176211B02FB7148790D5338D6622FD8B	왼손으로 입간판 뒤를 받치고 오른손으로 카운터 모서리를 붙잡아 간신히 바닥에 넘어지는 건 피했다.	REVIEWED_DAY1		261
dialogue	261		GM-ALL-dialogue-261--1	C061134BC12675DE07292F5E2CFA13A0755D10DB9765B63BD3D6B013B8ECA59B	대신 아주 기묘한 자세가 됐다—한쪽 무릎을 꿇고, 공주를 안듯 한 팔로 입간판을 끌어안은 채 무릎에 기대진 2D 미소녀와 눈을 마주쳤다.	REVIEWED_DAY1		262
dialogue	262		GM-ALL-dialogue-262--1	2FA4D11FB1A4457E8F412EFD34FA3EE37FE8F46DFBD366EC0526E6152E911FDC	얼굴이 거의 맞닿을 정도라, 이래선 무슨 광적인 캐릭터 오타쿠 같잖아…!	REVIEWED_DAY1		263
dialogue	263		GM-ALL-dialogue-263--1	5D2B08D6DFC54B1D0D5FFF0777ED9F5D4B82E33BEA6036D0686D796DC4FACF3D	다행이다, 입간판은 안 젖었네…	REVIEWED_DAY1	LM	264
dialogue	264		GM-ALL-dialogue-264--1	7520EC2AB399D0891759AC2C2C0ACF5B9D8C99F3309FDAA86B67A70B62503EEA	일단 지켜 내긴 했다. 안 그랬으면 정말 면목이 없었겠지.	REVIEWED_DAY1		265
dialogue	265		GM-ALL-dialogue-265--1	3D160AA4A00080E170105D5E864D58FE5635EC51F7E74C473D65538AFA977AC5	그건 안 중요해요! 안 다쳤어요…!?	REVIEWED_DAY1	MCL	266
dialogue	266		GM-ALL-dialogue-266--1	2AA499771A4CD68DCF422BE1690CC7BA4E2676808C858FFB4696FBFBDF32889E	카운터 뒤에서 모추링의 다급한 발소리가 들렸다.	REVIEWED_DAY1		267
dialogue	267		GM-ALL-dialogue-267--1	6C5B65AFA203F653CD0821CF5BF428E3B1B7310037721B9C77C2D09B9B5E8619	괜찮아요, 괜찮아요. 걱정 안 해도…	REVIEWED_DAY1	LM	268
dialogue	268		GM-ALL-dialogue-268--1	33895ED5C64CADBBF5B0941A581EED06E7CD89C7622CAAA89BB8DC10FAFA0B32	오빠?	REVIEWED_DAY1	MM	269
dialogue	269		GM-ALL-dialogue-269--1	A7F878B8CED1A7957C560D573E30DDBBC1696E38C370513AACBBF4BFF12E7F43	……	REVIEWED_DAY1		270
dialogue	270		GM-ALL-dialogue-270--1	323AF746894E91A0D918D45F012375ADA480BF2A74DC6F665BF4F7C8ACCEF1DC	어라… 밖에 아직 비 오나?	REVIEWED_DAY1		271
dialogue	271		GM-ALL-dialogue-271--1	9063A0537819C29371FAF8AE6F367AF2B140DF14FCEF65775F7CC0C777CA20CF	분명 그런 거겠지?	REVIEWED_DAY1		272
dialogue	272		GM-ALL-dialogue-272--1	1A140A2ADADC197235CAAB514871DB57DFE37B3963000644A7DC9024BD6C0C61	그러니까 빗소리를 아는 사람 목소리로 잘못 들은 거야—그런 거지?	REVIEWED_DAY1		273
dialogue	273		GM-ALL-dialogue-273--1	86D7D206E44B63D6ED03C48ABDCA0075B488667B4E9445E83A327917D95F1B89	아니면 오늘 밤 진짜 이불 걷어차게 될 거야!!	REVIEWED_DAY1		274
dialogue	274		GM-ALL-dialogue-274--1	2C208607ACA092568D92DA788C55FD7D7F8D8272FCDC8679A0AEA349D585FDC5	용기를 내 고개를 들었다.	REVIEWED_DAY1		275
dialogue	275		GM-ALL-dialogue-275--1	64D330F06740720703458A3C75300FAD946F46F941145AFD9445E5FA98A46C5D	동생 샤오예가 문 앞에 멍하니 서서, 그대로 아무 말도 없이 나를 바라보고 있었다.	REVIEWED_DAY1		276
dialogue	276		GM-ALL-dialogue-276--1	962783A6D57C6898EC20083C96F71E7537CBA9BB69DF06811C60F7436034F302	스스로 입간판에 얼굴을 들이민 듯한 자세의 나를.	REVIEWED_DAY1		277
dialogue	277		GM-ALL-dialogue-277--1	5759E76BB964E1EFA78C7F504F9896143150BCA7CF4C217085040E3615E873D8	그리고 내가 끌어안고 있는 왕폭탄 2D 미소녀 입간판을.	REVIEWED_DAY1		278
dialogue	278		GM-ALL-dialogue-278--1	A7F878B8CED1A7957C560D573E30DDBBC1696E38C370513AACBBF4BFF12E7F43	……	REVIEWED_DAY1	LM	279
dialogue	279		GM-ALL-dialogue-279--1	A7F878B8CED1A7957C560D573E30DDBBC1696E38C370513AACBBF4BFF12E7F43	……	REVIEWED_DAY1	MM	280
dialogue	280		GM-ALL-dialogue-280--1	836E40BF5819D37FF8F86BEB801B67D2DF6D707CD53513E5E4E8174202E203BF	샤오예, 왔구나. 우리 가자. 오늘 저녁 뭐 먹을래? 비 엄청 왔지? 신발은 안 젖었고…	REVIEWED_DAY1	LM	281
dialogue	281		GM-ALL-dialogue-281--1	8D8A361F82D956DD32F06ED2B9562E2E7F4B174E0556E58B55561C63BCDE8B09	천천히 일어나 입간판을 옆의 모추링에게 건넸다.	REVIEWED_DAY1		282
dialogue	282		GM-ALL-dialogue-282--1	A7F878B8CED1A7957C560D573E30DDBBC1696E38C370513AACBBF4BFF12E7F43	……	REVIEWED_DAY1	MCL	283
dialogue	283		GM-ALL-dialogue-283--1	A7F878B8CED1A7957C560D573E30DDBBC1696E38C370513AACBBF4BFF12E7F43	……	REVIEWED_DAY1	LM	284
dialogue	284		GM-ALL-dialogue-284--1	A7F878B8CED1A7957C560D573E30DDBBC1696E38C370513AACBBF4BFF12E7F43	……	REVIEWED_DAY1	MM	285
dialogue	285		GM-ALL-dialogue-285--1	F94DD7F616F5D70DFB82A892A3BEEFE352AEA1B53F1ED94B26AFE19D42FD575A	바, 바보 오빠!! 너, 너 남의 가게에서 뭐 하는 거야!? 밖에서 이런 짓을 하다니…! 빨리 사과해…!	REVIEWED_DAY1	MM	286
dialogue	286		GM-ALL-dialogue-286--1	B6F425CFA6337CE3B09A42E6C0D7EC2FCE7AFF64B0FBC371447933D56D5D02CC	샤오예는 귀까지 새빨개진 채 두 손으로 내 어깨를 붙잡아 모추링 쪽으로 돌렸다.	REVIEWED_DAY1		287
dialogue	287		GM-ALL-dialogue-287--1	05AEF30AC424A425B2083F4F070E6EF1EB21DFB837940B718A2929D73DFFC898	아, 아뇨! 그런 게 아니라 방금 제 입간판 옮기는 걸 도와주다가 미끄러진 거예요. 죄송해요!	REVIEWED_DAY1	MCL	288
dialogue	288		GM-ALL-dialogue-288--1	F289AEACEA9043654C7BE803AB000061BAC364164FA2066D85532811B30F6D8B	저희 오빠가 이런 짓을 해서 정말 죄송합니다!	REVIEWED_DAY1	MM	289
dialogue	289		GM-ALL-dialogue-289--1	593F71F8DD2B4309531BD559C9BD588E1EEC921A3778E7A2E1A406069B1E197F	…네?	REVIEWED_DAY1	MM	290
dialogue	290		GM-ALL-dialogue-290--1	D71065C1C0FA1B052B75DC58AE8C399D650052AF29FAF082CD182CF4B3ACD1B3	그러니까 말했잖아…	REVIEWED_DAY1	LM	291
dialogue	291		GM-ALL-dialogue-291--1	098D665EA20BE38DB7F3FA87A778A1C04CDAC03634458C7CD7D9179870B97D11	오해는 곧바로 풀렸다.	REVIEWED_DAY1		292
dialogue	292		GM-ALL-dialogue-292--1	E3B0C44298FC1C149AFBF4C8996FB92427AE41E4649B934CA495991B7852B855		EMPTY_CONTROL		293
dialogue	293		GM-ALL-dialogue-293--1	A7F878B8CED1A7957C560D573E30DDBBC1696E38C370513AACBBF4BFF12E7F43	……	REVIEWED_DAY1	MM	294
dialogue	294		GM-ALL-dialogue-294--1	E41BBC7C5BCE3A8D36989B6776191C2E6B94B65199A783064B2EBEF74C674962	미안, 아까는 너무 당황해서…	REVIEWED_DAY1	MM	295
dialogue	295		GM-ALL-dialogue-295--1	543F03FBEDC098E9B0A0E5A09D84FDCE67E93F1EF3E04765F8F693847B43A03C	괜찮아. 입장 바꿔서 네가 입간판을 안고 저러는 걸 봤으면 나도 머리가 하얘졌을 거야.	REVIEWED_DAY1	LM	296
dialogue	296		GM-ALL-dialogue-296--1	D7FA0A1CE33CF554D7734DA39325087A2F4D86789147A89F1E6B5B512AE02EF1	나는 그런 짓 안 하거든!?	REVIEWED_DAY1	MM	297
dialogue	297		GM-ALL-dialogue-297--1	A7F878B8CED1A7957C560D573E30DDBBC1696E38C370513AACBBF4BFF12E7F43	……	REVIEWED_DAY1	LM	298
dialogue	298		GM-ALL-dialogue-298--1	8917B69C96A98A8D65640A779B5C7130DB9E97EDE17E9D02430EE7E9EEB04466	상상하지 마!?	REVIEWED_DAY1	MM	299
dialogue	299		GM-ALL-dialogue-299--1	EE6ED25E10B9310D93D9B6DCED0AD5CD38BABD3756AAFCB658C6B64330395BC2	이분은… 여동생이에요?	REVIEWED_DAY1	MCL	300
dialogue	300		GM-ALL-dialogue-300--1	A7169057CE16B50B97232C7156E5B7693B814D3EB516629829D342DD57AECC39	응, 맞아요. 샤오예, 인사해 봐.	REVIEWED_DAY1	LM	301
dialogue	301		GM-ALL-dialogue-301--1	A7F878B8CED1A7957C560D573E30DDBBC1696E38C370513AACBBF4BFF12E7F43	……	REVIEWED_DAY1	MM	302
dialogue	302		GM-ALL-dialogue-302--1	2351D25780672B85175EBF58BA517923FC3C9B6D2FF22EBD897BC49E759E4646	…아까는 제가 너무 흥분해서 보기 안 좋은 모습을 보였네요. 정말 죄송합니다.	REVIEWED_DAY1	MM	303
dialogue	303		GM-ALL-dialogue-303--1	C6F7D51043E90ECF9F672D19D31E6F55E45D8EC20F7583A6D61F4FAA33D0B266	아, 아니에요! 제가 오빠분한테 바닥이 미끄럽다고 미리 말씀드리지 못했어요. 저도 죄송해요!	REVIEWED_DAY1	MCL	304
dialogue	304		GM-ALL-dialogue-304--1	AA5AC4E05DE1ACA8BB3CC0F6771E8FDE25DF249E11005A516EB486B826F5FBB2	두 사람이 영문도 모르게 서로 허리를 숙여 사과했다. 참 묘한 광경이었다.	REVIEWED_DAY1		305
dialogue	305		GM-ALL-dialogue-305--1	DABF4A1802802F0638F9C918FB1FF9FCF8ADE8A3B310AB063C4BE9ED6F4C473D	그럼 저희는 이만 갈게요. 너무 오래 신세 졌네요.	REVIEWED_DAY1	LM	306
dialogue	306		GM-ALL-dialogue-306--1	F1A7E6528DFC5A8F1B3D0198B19C51854DE3D8AAC88B5EDE3375336E5858C334	아, 맞다. 받아 줬으면 하는 게 있어요!	REVIEWED_DAY1	MCL	307
dialogue	307		GM-ALL-dialogue-307--1	662CEC3A6B06D43ED7215316C9CFFD052516AC14F8AD8CFDA814062AFD0B0438	그녀는 폴짝폴짝 가게 안으로 뛰어가 카운터 뒤에서 작은 물건을 꺼내더니 다시 폴짝폴짝 뛰어나왔다.	REVIEWED_DAY1		308
dialogue	308		GM-ALL-dialogue-308--1	0CC79F7FE80315820510D031FD06B728BEB71DFF82D7EDC010F7E834030D8447	입간판 캐릭터의 SD 일러스트가 인쇄된 열쇠고리 두 개였다.	REVIEWED_DAY1		309
dialogue	309		GM-ALL-dialogue-309--1	82F394F468BB95A13A34E13F72DEB0AC05F5FD953BFCB7893655918E2063B72D	기본적으로 여기서 놀다 가는 분들은 다 받을 수 있어요.	REVIEWED_DAY1	MCL	310
dialogue	310		GM-ALL-dialogue-310--1	E53CFB08B55831C6A2EFE9833D801BA90DBB60680FC11F76F2D7C731502DA96D	오, 귀엽네요.	REVIEWED_DAY1	LM	311
dialogue	311		GM-ALL-dialogue-311--1	1A564CCFFC497A3CE061D4FB1CE87DAB70E8E562A34F763C9945D39221526E18	헤헤, 그렇죠 그렇죠~ 저희 간판 캐릭터예요!	REVIEWED_DAY1	MCL	312
dialogue	312		GM-ALL-dialogue-312--1	F2432632C14508F2B0BC06D93DA4DCD2BD4F822ACA425EF257FEBE96017157A9	열쇠고리를 받은 뒤 우리는 서로 작별 인사를 했다.	REVIEWED_DAY1		313
dialogue	313		GM-ALL-dialogue-313--1	895361FFBF88D5A8C40D47F8DD3D03DF2042CA9360D08738BCBB4FAA39495404	……	REVIEWED_DAY1		314
dialogue	314		GM-ALL-dialogue-314--1	AB5DF625BC76DBD4E163BED2DD888DF828F90159BB93556525C31821B6541D46	…	REVIEWED_DAY1		315
dialogue	315		GM-ALL-dialogue-315--1	5ABDDEEED43330749AAFC97EDF70455357032E345BB37D937A4CE2B1FF867389	택시 안에서 나는 모추링이 마지막으로 했던 말을 떠올렸다.	REVIEWED_DAY1		316
dialogue	316		GM-ALL-dialogue-316--1	305784D7A269574738AB5F1F0C2E148164194C973C76BDF8D43BBCE33FCA5163	—여긴 평소엔 손님이 거의 없거든요. 다음에도 놀러 와 주시면 정말 기쁠 것 같아요.	REVIEWED_DAY1		317
dialogue	317		GM-ALL-dialogue-317--1	B8C53E545B6BA431C80829DBBC9FA495E0A06799FFE65F28C02FC4C7D2DC9807	그녀는 웃으며 그렇게 말했다.	REVIEWED_DAY1		318
dialogue	318		GM-ALL-dialogue-318--1	C905F9CB81B5D83F56735927E7B96C6C41CB114A9992CDBD451C72139B4B6DE6	하지만 그 미소 아래에는 눈치채기 힘든 쓸쓸함이 조금 숨어 있는 듯했다.	REVIEWED_DAY1		319
dialogue	319		GM-ALL-dialogue-319--1	2D4C899029707B31CAE128CB19E97B7B9245D49E125DEA4D1A4E510396812299	'그래플링 하우스'를 떠나기 전 마지막으로 눈에 남은 것은 카운터 뒤에 홀로 서 있던 모추링의 모습이었다.	REVIEWED_DAY1		320
dialogue	320		GM-ALL-dialogue-320--1	E3B0C44298FC1C149AFBF4C8996FB92427AE41E4649B934CA495991B7852B855		EMPTY_CONTROL		321
dialogue	321		GM-ALL-dialogue-321--1	8B3EB981B2DCCFEBAFA36A569832714F39DE033504956F6F3C123548CDAD70C7	아직 조리도구를 장만하지 못해 샤오예와 밖에서 저녁을 먹고 돌아오니 날은 완전히 어두워져 있었다.	REVIEWED_DAY1		322
dialogue	322		GM-ALL-dialogue-322--1	38380DCDDAF6FC58ACA5EC938D392B6972483AEF094646F1A3D48FA95C8903C3	오늘 자고 갈 거야?	REVIEWED_DAY1	LM	323
dialogue	323		GM-ALL-dialogue-323--1	195B9BB32E20217F6EC3E80C9C0CD1EDCC09A0C682F5730E6CC7D93EBFA28A36	응, 처음부터 그럴 생각이었어.	REVIEWED_DAY1	MM	324
dialogue	324		GM-ALL-dialogue-324--1	D3122249048041D4DC3741D7E6C00EE375DB4A61DEB2E4C7D35FCF15554CA7DF	그쪽에는 말해 뒀어?	REVIEWED_DAY1	LM	325
dialogue	325		GM-ALL-dialogue-325--1	028D30A7BC1C317234FA72A651C24E084B80DB16277FDB859D0B3B191E5DA590	엄마가 좀 기분이 안 좋은 것 같아. 오빠가 거의 집에 안 오니까 말이야. 가끔은 들러 줘.	REVIEWED_DAY1	MM	326
dialogue	326		GM-ALL-dialogue-326--1	A7F878B8CED1A7957C560D573E30DDBBC1696E38C370513AACBBF4BFF12E7F43	……	REVIEWED_DAY1	LM	327
dialogue	327		GM-ALL-dialogue-327--1	F6070E9B6C19D932D3386490604CE39EC7831D66B079909C574BF0D4F957C554	…나중에, 기회가 되면.	REVIEWED_DAY1	LM	328
dialogue	328		GM-ALL-dialogue-328--1	82CAB44178AE9C5405FE44BE6B0F6AC279DCA805DB450BB98657985AD81D6DE7	맨날 한가해 보이면서?	REVIEWED_DAY1	MM	329
dialogue	329		GM-ALL-dialogue-329--1	1690F7511592F1BB3A6C88ECC6D35F56FD18AF1B0B8591D6C9D61EC26817CFFF	그건… 그냥 돌아가기 싫어서 그래.	REVIEWED_DAY1	LM	330
dialogue	330		GM-ALL-dialogue-330--1	C74BA1340E29052A5B1A9663700ABD05B30A27D5F97232BDD629B792129266DE	물어볼 때마다 집에 가기 싫다고 하잖아. 그렇게… 거기가 싫어?	REVIEWED_DAY1	MM	331
dialogue	331		GM-ALL-dialogue-331--1	2203F57F6C96425AA8FE3B51028E824B8E643CEA46A141515A4C28B335AB2A45	나는 바로 대답하지 않았다.	REVIEWED_DAY1		332
dialogue	332		GM-ALL-dialogue-332--1	D0178769131E65048AD6BC1BF5D8C36E64F181F274BFB7546F3E86A9D3F64614	싫다기보다는 아무 감정이 없다고 해야 하나.	REVIEWED_DAY1		333
dialogue	333		GM-ALL-dialogue-333--1	BF27E05D4BEC142B64A9F32925DA0179AD1DFC048BD8EF3F98FD2BCF8A6B72DA	그래. 좋지도, 싫지도 않다. 그저—그곳에는 아무 감정도 들지 않는다.	REVIEWED_DAY1		334
dialogue	334		GM-ALL-dialogue-334--1	93EDFD789CF40F0284BF197D50296F024F073507C18C5A0190730884BE6AF38C	마음 깊은 곳에서는 그들에게 감사하고 있지만, 거리감만은 좀처럼 사라지지 않았다.	REVIEWED_DAY1		335
dialogue	335		GM-ALL-dialogue-335--1	5B903EFB54D26FE3A120961290405F0A7B47F88613D935AC0D3ECD09AA9CF88A	샤오예가 말하는 그 집에는 내 진짜 부모님이 없으니까.	REVIEWED_DAY1		336
dialogue	336		GM-ALL-dialogue-336--1	07EF57A316D5EC30EEBBD23D219D9EC8ECABA3957A57470CB1AA982ECC4AEAB5	내가 대학에 들어간 뒤로… 집에서 안 살아서 그런 거야?	REVIEWED_DAY1	MM	337
dialogue	337		GM-ALL-dialogue-337--1	1B887B65CBA8AA5836A2A84058441ABE94C1F239DE66CC4A7FE01056E17C46C0	한참 대답이 없자 샤오예가 고개를 기울여 내 눈을 살며시 들여다보며 물었다.	REVIEWED_DAY1		338
dialogue	338		GM-ALL-dialogue-338--1	5C0C137EF8D541C64B6817161BE6720C612E6F362F1AC1CB96D211E61B4EB6D5	역시 아무리 시간이 흘러도 그때 그녀와 맺었던 약속은 여전히 기억하고 있다.	REVIEWED_DAY1		339
dialogue	339		GM-ALL-dialogue-339--1	D1C48013A87DD69A081326ED1431DDFF2474E7677798889A287AFFE6BB41B3C0	서로가—서로에게 있을 곳이 되어 주자는 약속.	REVIEWED_DAY1		340
dialogue	340		GM-ALL-dialogue-340--1	F337A652E96DAF6AC39230703577E63E7D61F451BDBF7A10ADA26ED9062AE6F7	너무 깊게 생각하지 마. 내가 가족을 싫어할 리가 있겠어?	REVIEWED_DAY1	LM	341
dialogue	341		GM-ALL-dialogue-341--1	A7F878B8CED1A7957C560D573E30DDBBC1696E38C370513AACBBF4BFF12E7F43	……	REVIEWED_DAY1	MM	342
dialogue	342		GM-ALL-dialogue-342--1	F2C8B094C485CB0370D294899C9911ED791669CBA18A6B180B379B798FA1CFAC	샤오예는 뭔가 더 말하고 싶은 듯 입술을 달싹였지만 끝내 소리를 내지 않았다.	REVIEWED_DAY1		343
dialogue	343		GM-ALL-dialogue-343--1	115A9D477D1AD3DF3DD7BADF76D0D8C543C16891E5F05C5B482BC948A75E1A46	가라앉은 분위기를 바꾸려고 서랍에서 새 열쇠 하나를 꺼냈다.	REVIEWED_DAY1		344
dialogue	344		GM-ALL-dialogue-344--1	68BF2FEADD07ECC8A00CCC787BA799755C64F466A2605F99365702FD4F9E7506	이건 어제 새로 맞춘 거야. 앞으로 여기 오고 싶으면 미리 말 안 해도 돼. 그냥 오면 돼.	REVIEWED_DAY1	LM	345
dialogue	345		GM-ALL-dialogue-345--1	FDE7A85174473F6EF90F9C15E576669DC2EAD118F313E91B0B6877099F92733F	어, 그래도 돼?	REVIEWED_DAY1	MM	346
dialogue	346		GM-ALL-dialogue-346--1	5112337AEA056FA8BFD300DDFE86E361C3AA3E755C5E01A92DCEEA4AD58206AF	여기 혼자 있으니까 가끔은 너무 조용하더라고.	REVIEWED_DAY1	LM	347
dialogue	347		GM-ALL-dialogue-347--1	16DC176493DDCE6DB1CD06ADFD51C281B59C00C97C9B3E0B313F0D5FD210E36A	내가 어느 날 갑자기 문 열고 들어왔다가 오빠가 이상한 거 보고 있어도 괜찮겠어?	REVIEWED_DAY1	MM	348
dialogue	348		GM-ALL-dialogue-348--1	FF17F27E3C2F9ACBB9A1A3C362EFFBDA63790CC290D77BF0A901FBC78D2A4E6A	안 보거든!? 그런 이상한 데서 나 배려하지 마!?	REVIEWED_DAY1	LM	349
dialogue	349		GM-ALL-dialogue-349--1	07B7626DF4332B436CD79874E012A5AB22BE2D2177F8A2F9D5256E84C762C897	후후… 농담이야. 고마워, 오빠.	REVIEWED_DAY1	MM	350
dialogue	350		GM-ALL-dialogue-350--1	573D8EF78B8FA930A5C490A3D5497E9AE02E9EA5E0C7C4DE784662DABD975EB4	그녀는 미소 지으며 무슨 보물이라도 다루듯 열쇠를 조심스레 가방에 넣었다.	REVIEWED_DAY1		351
dialogue	351		GM-ALL-dialogue-351--1	E3B0C44298FC1C149AFBF4C8996FB92427AE41E4649B934CA495991B7852B855		EMPTY_CONTROL		352
dialogue	352		GM-ALL-dialogue-352--1	53F3F6C6285D50A552733D5E59B4F299DD54DAFF518B21FB963255D3AD34B567	샤오예와 바닥에 이불을 깔았다.	REVIEWED_DAY1		353
dialogue	353		GM-ALL-dialogue-353--1	099946D02533B129D4BF9315D263CA2EB4EFE1EFBD104BB6D0AA845E7B156027	몇 번이나 샤오예더러 침대에서 자라고, 나는 바닥에서 자면 된다고 했지만 아무리 말해도 듣지 않았다.	REVIEWED_DAY1		354
dialogue	354		GM-ALL-dialogue-354--1	83BB6FA8B53E18330EDB1C3E6C6FE0E2A0868F4D2500256634B72BD80235C704	후… 일단 이렇게 깔아 두자.	REVIEWED_DAY1	LM	355
dialogue	355		GM-ALL-dialogue-355--1	47D1DFA9D26C811B54E43178478009112B6198316BAE73A8C153F0580FF4B50C	아까부터 몸이 근질근질하던 샤오예는 곧장 이불 속으로 뛰어들었다.	REVIEWED_DAY1		356
dialogue	356		GM-ALL-dialogue-356--1	704B2287BA6906F3D83721A78971EDEA90FB2B8E10B83C808E4BFF436CEB0DA0	사실 나도 그러고 싶었다. 바닥에 깐 이불은 어째서인지 침대보다 더 끌린다.	REVIEWED_DAY1		357
dialogue	357		GM-ALL-dialogue-357--1	2CDF1DE3FD7FDEF83937F37A98B16BC89421ECC3CFE56D740DC28D1FD9C240F5	눕고 나니까 진짜 꼼짝도 하기 싫어… 후아… 베개 너무 편해…	REVIEWED_DAY1	MM	358
dialogue	358		GM-ALL-dialogue-358--1	785D23F7CF49DCDAE7EB48EC66D744D19952FC8D25821BF4D5054F2EADB6A929	아직 씻지도 않았잖아. 이따 그대로 잠들지 마.	REVIEWED_DAY1	LM	359
dialogue	359		GM-ALL-dialogue-359--1	28CCA32F5B221DCA727F627F8F8FAAA6F78D8AF55311F07C80D8553E959EBE83	하지만 오늘 진짜 피곤했단 말이야—	REVIEWED_DAY1	MM	360
dialogue	360		GM-ALL-dialogue-360--1	62FFA1373125800D6F34694C7BFA33F3F389DD8049355595BDEC8DC131F8B9A7	그녀는 거리낌 없이 두 발을 위아래로 까딱이며 이불을 툭툭 두드렸다.	REVIEWED_DAY1		361
dialogue	361		GM-ALL-dialogue-361--1	D3C29E067B38030E601D524383B5066BA47CC8DA3FB344F9143B012570428705	…다른 사람한테 그런 모습 보이지는 마.	REVIEWED_DAY1	LM	362
dialogue	362		GM-ALL-dialogue-362--1	622F3693D94A824EC5C0C8F136496DD4A83E3FAFCE42C6BC8D7BF2ADE01E9F33	여긴 다른 사람 없잖아……	REVIEWED_DAY1	MM	363
dialogue	363		GM-ALL-dialogue-363--1	E21C6D6F2D34952209E39AEE18D49E440D83EE3CA5FB4BCEFA9E6DC877BBDE70	말을 마치자마자 눈을 감았다.	REVIEWED_DAY1		364
dialogue	364		GM-ALL-dialogue-364--1	74148B531EC28D98B2917F3CFF6AE187E9EE2E69F0C715CAF6C7C3B5A1DDE864	새근새근~	REVIEWED_DAY1	MM	365
dialogue	365		GM-ALL-dialogue-365--1	D189701E0E0B278A6A33A3B20244251CB9CB00A0157A4534AB62DEF46006202D	진짜 바로 잠들었어!? 일어나, 일어나. 먼저 씻어.	REVIEWED_DAY1	LM	366
dialogue	366		GM-ALL-dialogue-366--1	C52FF9C25F56C68F7095B98D0EE4F24BDAEC95BFDADD529340D971023F2E53FE	에~ 졸린데…	REVIEWED_DAY1	MM	367
dialogue	367		GM-ALL-dialogue-367--1	F7A3FEF38D681ABABCF7EB08578C86190DCD635CB3BEE45D95179FB1100E7902	안 일어나면 간지럼 태운다.	REVIEWED_DAY1	LM	368
dialogue	368		GM-ALL-dialogue-368--1	CDFFC66B8465A4E64A90602D7360C544303F1CD5D49754B5D897BD6C02008B39	……그럼 나도 간지럽힐 거야.	REVIEWED_DAY1	MM	369
dialogue	369		GM-ALL-dialogue-369--1	C016B05C2BF9F78561934038CFAF5CBBAE0DEE389EA88E6381D2C611B50FEBBB	간질간질간질~	REVIEWED_DAY1	MM	370
dialogue	370		GM-ALL-dialogue-370--1	762136F324F5EEAA93EDA729943054D7094214AAFA97C3CBB2EB921F292B9556	으, 으앗, 그, 그만 간지럽혀!	REVIEWED_DAY1	LM	371
dialogue	371		GM-ALL-dialogue-371--1	C022C83AE3105E7491993D6F0675A6F72220E4ABA126A1D7FE40F0018C68CE7A	한참 애를 쓴 끝에야 샤오예를 욕실로 밀어 넣는 데 성공했다.	REVIEWED_DAY1		372
dialogue	372		GM-ALL-dialogue-372--1	9CB1D730C8CB2302B84511C5C663DDD322D6AF31DEAAB6799807C932FDD35FA3	어릴 때도 그랬다. 침대나 소파에 닿기만 하면 딴사람처럼 변해서, 충분히 쉬고 나기 전에는 좀처럼 일으켜 세울 수 없었다.	REVIEWED_DAY1		373
dialogue	373		GM-ALL-dialogue-373--1	E3B0C44298FC1C149AFBF4C8996FB92427AE41E4649B934CA495991B7852B855		EMPTY_CONTROL		374
dialogue	374		GM-ALL-dialogue-374--1	FC921691093C5B7858153FC0E7B015C74DB62EB42B8D8ABAE0F589AB3499FA5F	내가 씻고 나왔을 때는 샤오예가 이미 얌전히 이불 속에 누워 있었다.	REVIEWED_DAY1		375
dialogue	375		GM-ALL-dialogue-375--1	54067D2659D6F8D73056DC60E808945B00B9217CC10D97F847014EA8CAFC8671	이렇게 차가운 바닥에서 자도 정말 괜찮으려나…… 아무래도 마음이 쓰인다.	REVIEWED_DAY1		376
dialogue	376		GM-ALL-dialogue-376--1	A8A3A179E46F9FEB27B8254D22970B83AF54A4C45162DD64AEEB67327D8A1ECE	조용히 불을 끄고 침대로 갈 준비를 했다.	REVIEWED_DAY1		377
dialogue	377		GM-ALL-dialogue-377--1	E3B0C44298FC1C149AFBF4C8996FB92427AE41E4649B934CA495991B7852B855		EMPTY_CONTROL		378
dialogue	378		GM-ALL-dialogue-378--1	E8351354B30DCD43D6E2452514A435D8620DED657C5EF5108DF7B64C912E3189	……오빠?	REVIEWED_DAY1	MM	379
dialogue	379		GM-ALL-dialogue-379--1	F5B9A196FD63AEF1DAF03D95C087BBD30A078662BFB15CD2A514E031BEDFC562	깨웠어? 미안. 자.	REVIEWED_DAY1	LM	380
dialogue	380		GM-ALL-dialogue-380--1	3423C259EE9355B03560EF22EB468FF2A79296470434A37813E7F2582CE813DD	…응.	REVIEWED_DAY1	MM	381
dialogue	381		GM-ALL-dialogue-381--1	C4AAA7369431CA1FD7CEF565FFB7DCB0C96B826024FE67CD47B86525CE344812	바닥 안 추워?	REVIEWED_DAY1	LM	382
dialogue	382		GM-ALL-dialogue-382--1	4CA71B2D1BA1B7A0494B4FE8B334698210AC7760696F8A21D5B0CE8AF351287E	…안 추워…	REVIEWED_DAY1	MM	383
dialogue	383		GM-ALL-dialogue-383--1	DFBB812D6B1F881633FDEAEB36431F5BDCFBC90CF7EB0373AB2600D9B5ED8E9D	나도 모르게 쓴웃음을 지으며 손을 뻗어 그녀의 작은 머리를 쓰다듬었다.	REVIEWED_DAY1		384
dialogue	384		GM-ALL-dialogue-384--1	99E2E27708DAC8947FED8DE6EE6167BB92C55F2615CE8209F6D4596BA0A29EAD	그럼 잘 자.	REVIEWED_DAY1	LM	385
dialogue	385		GM-ALL-dialogue-385--1	C2B1385A78684F8C6250497CD373B68B34B56C3152BDAB9E427A4605F7D03F14	응…	REVIEWED_DAY1	MM	386
dialogue	386		GM-ALL-dialogue-386--1	F3F4BBAC74AAED4E7607BAE3C67A12EBC76A29A10D8F76E6003C94604EC60FCB	불을 끄고 침대 이불 속으로 들어갔다.	REVIEWED_DAY1		387
dialogue	387		GM-ALL-dialogue-387--1	A7F878B8CED1A7957C560D573E30DDBBC1696E38C370513AACBBF4BFF12E7F43	……	REVIEWED_DAY1	MM	388
dialogue	388		GM-ALL-dialogue-388--1	C55CA7BCD02C117D895C36812692135B4D3B1D987C3EC67FE4065D436AF240AA	고요한 방 안에서 샤오예의 고른 숨소리가 또렷하게 들렸다.	REVIEWED_DAY1		389
dialogue	389		GM-ALL-dialogue-389--1	E3B0C44298FC1C149AFBF4C8996FB92427AE41E4649B934CA495991B7852B855		EMPTY_CONTROL		390
dialogue	390		GM-ALL-dialogue-390--1	1EC8791775D24E192939149391E00FF4844DA55B3147165D265E87CD4F83EA19	한 방에서 같이 자는 것도 정말 오랜만이네…	REVIEWED_DAY1	MM	391
dialogue	391		GM-ALL-dialogue-391--1	C2D1F846094358BFD9F90E036705C01B667508934BD935EDEC21EF3EDAC2453F	초등학생 때 일이잖아. 엄청 오래됐지.	REVIEWED_DAY1	LM	392
dialogue	392		GM-ALL-dialogue-392--1	F91736A4A03A082A251C1F35DBCAEBAC3E1F016E058542D5017F566409934CFC	후후, 사실 난… 그때가 많이 그리워.	REVIEWED_DAY1	MM	393
dialogue	393		GM-ALL-dialogue-393--1	A7F878B8CED1A7957C560D573E30DDBBC1696E38C370513AACBBF4BFF12E7F43	……	REVIEWED_DAY1	LM	394
dialogue	394		GM-ALL-dialogue-394--1	F473A0B23CDC64431F8168535E69F8807C619902FCBE758B2664801EC3FEC60C	10년도 더 전, 샤오예를 처음 만났을 때인가……	REVIEWED_DAY1		395
dialogue	395		GM-ALL-dialogue-395--1	579CB173D6E7BCAA150D997F6FE6F406214A0BB97700E87911BC7E1F05201CB1	기억난다. 한번은 집에 정전이 났는데 우리 둘만 집에 있었잖아. 그날 밤 네가 곧장 내 쪽으로 와서 잤지.	REVIEWED_DAY1	LM	396
dialogue	396		GM-ALL-dialogue-396--1	1DD8E6733C53B109BE3D6FF7FBB8299F7CAB949660C219E639CE3A36F1BF0DED	그땐 어렸으니까 당연한 거 아니야?	REVIEWED_DAY1	MM	397
dialogue	397		GM-ALL-dialogue-397--1	829BAA6FF4A4AEFABD4E0E9A0AC1F011AF5C40C43647E3910AC1B0D3DBFA9967	그러고는 잠도 제대로 못 자고 이불을 계속 걷어찼고.	REVIEWED_DAY1	LM	398
dialogue	398		GM-ALL-dialogue-398--1	208DD0110FD79AD7511C4AAE7632A805CFFE2DEC4AD5CC933ECFD3641A8A201D	아침에 일어나 보니 난 네 발길질에 벽 구석까지 밀려나 있고, 가슴에는 네 발이 올라와 있었어.	REVIEWED_DAY1	LM	399
dialogue	399		GM-ALL-dialogue-399--1	28A3084D5653090074DA6D550C9C14895C63ECD3E318DE5D0EF64912D300907B	으… 으으… 그 얘기는 하지 마. 지금은… 잠버릇 그렇게 나쁘지 않아.	REVIEWED_DAY1	MM	400
dialogue	400		GM-ALL-dialogue-400--1	5D73E8BD26045E3998A79A214855C75994AAEDEBB31F786C29C9FD64D13BF4D0	글쎄? 내일 아침이면 알겠지.	REVIEWED_DAY1	LM	401
dialogue	401		GM-ALL-dialogue-401--1	ADE87D4EA6D7DEC3BF44F4297F634E8B57DF04BB9DBAC615A1B955225D26D6F4	반대쪽으로 몸을 돌리고 눈을 감으려 했다.	REVIEWED_DAY1		402
dialogue	402		GM-ALL-dialogue-402--1	914C0D022748E5B830E2BC19CB181CB2AD62FF73F7F68151526C8C2EA5DB3F06	오… 오빠, 조금만 더 얘기하자.	REVIEWED_DAY1	MM	403
dialogue	403		GM-ALL-dialogue-403--1	C2E1084E0A8E5F28E59B5AC679ABE03906B05D69BA663FBC9E7B72777A849700	다시 몸을 돌렸다.	REVIEWED_DAY1		404
dialogue	404		GM-ALL-dialogue-404--1	9A972E930B5DF647F4C6F021243A5D4EB89CEA9EC1871FD1F5990EB30C44AE54	말이 많아졌네. 잠이 안 와?	REVIEWED_DAY1	LM	405
dialogue	405		GM-ALL-dialogue-405--1	DA3B0C35CD30182D7E5D88F9195A77EFADD3C07693514F7EA13D876275F3B520	…사실 거의 잠들 뻔했는데 오빠가 깨웠잖아.	REVIEWED_DAY1	MM	406
dialogue	406		GM-ALL-dialogue-406--1	B38C414A0E7B4D82E13D671DEA01A4789499C2CC35DF702461FD807445B68001	미안. 아까 최대한 소리 안 내려고 했는데.	REVIEWED_DAY1	LM	407
dialogue	407		GM-ALL-dialogue-407--1	846DDE6AC9C19646CE272D059CC35E7691DEB4165254A1B5A173D731E36A4D92	응… 알아. 오빠가 살금살금 움직이는 거 봤어. 후후.	REVIEWED_DAY1	MM	408
dialogue	408		GM-ALL-dialogue-408--1	F5E6F7C31CD25EBBB2EDBD941DA00A34B09DB785CD2B09C4CF456F6FEFD16730	내가 무슨 나쁜 짓 하려던 사람처럼 말하지 마.	REVIEWED_DAY1	LM	409
dialogue	409		GM-ALL-dialogue-409--1	95AC38D8925E4F82D67357E85643AFE9E5A5136ACB5A0659BC01A63535A7D2CD	그럼 어릴 때 잠 안 올 때 하던 그 게임, 다시 해 볼래?	REVIEWED_DAY1	MM	410
dialogue	410		GM-ALL-dialogue-410--1	86B27F3CD062CF586462FE75313655803BD44F61EB7A5BA340607FED8D251EBC	오~ 손바닥에 글씨 쓰고 뭔지 맞히는 거?	REVIEWED_DAY1	LM	411
dialogue	411		GM-ALL-dialogue-411--1	4202BC19CF1E3194828C22D1CC9F123D6C4AD2FA08ADA1B081EDD5D381608628	응. 이거 할 때마다 잠들었잖아. 신기하지 않아?	REVIEWED_DAY1	MM	412
dialogue	412		GM-ALL-dialogue-412--1	43A00231E1671120CE42E6B2EF806F4684293271A31E3AEB9B39F280C82FD344	너 바닥에서 자잖아. 내가 손을 아래로 늘어뜨려야 해서 힘든데.	REVIEWED_DAY1	LM	413
dialogue	413		GM-ALL-dialogue-413--1	60EAF58526E5D331303E62640F9246927A1B9955B88768FFF52260DF1AEA417F	딱 한 번만. 응?	REVIEWED_DAY1	MM	414
dialogue	414		GM-ALL-dialogue-414--1	11E58B98B71F1C3DDF050DE76D990E2730372350C73D6F3752C8A09787519245	알았어, 알았어. 네가 하자는 대로 할게.	REVIEWED_DAY1	LM	415
dialogue	415		GM-ALL-dialogue-415--1	B884B5AE825B5D6DC5D94F1A335007A0ACF3DBE03C290935C4D4141EA8C60484	쓴웃음을 지으며 침대 옆으로 손을 늘어뜨려 샤오예의 손바닥에 닿았다.	REVIEWED_DAY1		416
dialogue	416		GM-ALL-dialogue-416--1	64627A696F6D48B49F03C283B710A00A2445B30EDE7EA2754D46666909C2B1FC	손가락을 뻗어 그녀의 보드라운 손바닥 위를 살며시 움직였다.	REVIEWED_DAY1		417
dialogue	417		GM-ALL-dialogue-417--1	E02AC176C0BE20F5D901A67056B39D4FF364F9C32E93D6CD1B2577BFE0B10CEE	세로로, 왼쪽 아래로, 오른쪽 아래로, 세로로, 가로로, 가로로, 반원을 그리고……	REVIEWED_DAY1		418
dialogue	418		GM-ALL-dialogue-418--1	1FDF401235A2CCFD53C72060E98A4406B99272E56C82CE0ED81F8229524A66E1	오랜 기억이 머릿속에서 되살아났다. 그때도 이렇게 같은 이불 속에서 샤오예와 단둘이 밤을 보냈다.	REVIEWED_DAY1		419
dialogue	419		GM-ALL-dialogue-419--1	E89F706A06A642E2752F4BA36E0B72306730D641CD365AE3FB6680F60F21308D	으, 으앗, 간지러워… 뭐라고 쓴 거야?	REVIEWED_DAY1	MM	420
dialogue	420		GM-ALL-dialogue-420--1	C51B4722F30074EEE88BD99C42C6A5C7983AE7A08777243459C3C682A2B32741	KFC.	REVIEWED_DAY1	LM	421
dialogue	421		GM-ALL-dialogue-421--1	50BAFB2FF3738B0E306E1BC980B5C6B9DFA00F9C00C8AEF4B0BAE9E1616FD6C3	왜 KFC야…	REVIEWED_DAY1	MM	422
dialogue	422		GM-ALL-dialogue-422--1	7F4CBFD879D23EDB56B65B9274E85E351F3DB49803DDD96B430D7A187FC46CE3	KFC 외계인에게 빙의됐다. 아—아아—	REVIEWED_DAY1	LM	423
dialogue	423		GM-ALL-dialogue-423--1	07F918DC9B4E34DF4A2466D027DCDDAF5FE7E0425AE887F749AD171AE0113435	으으… 바보 오빠… 이번엔 내 차례야.	REVIEWED_DAY1	MM	424
dialogue	424		GM-ALL-dialogue-424--1	DBB43D8A30192095172B00AB6AD9A70135F9D8565CCF45B81225BC72423D7D9F	가느다란 손가락이 피부에 닿아 살살 간질였다.	REVIEWED_DAY1		425
dialogue	425		GM-ALL-dialogue-425--1	BE0EEB7B4DB4EA52CF3D6B5469358D50CD5B78F69CF6B9A14A6A03EB1C2AD956	분명 손바닥에서 느껴지는 감촉인데도 마음속 깊은 곳부터 찌릿하고 간질거리는 느낌이 피어올랐다.	REVIEWED_DAY1		426
dialogue	426		GM-ALL-dialogue-426--1	677398F9686A362A3562A8DD7DCB9A613EB58AA73D2B05C6E07E981965322B26	조금 간지럽기는 했지만 싫지는 않았다. 오히려 점점 몸이 풀렸다.	REVIEWED_DAY1		427
dialogue	427		GM-ALL-dialogue-427--1	9497F9E8CE60969CF12EDA905D48F3C47DBC5CD8151640784D4E7368A3248E70	가로, 세로, 가로, 세로, 가로……	REVIEWED_DAY1		428
dialogue	428		GM-ALL-dialogue-428--1	78FFAFCF53A75E2AF56B9B0E23CB7A18B725CC7EE2552F8D9DB71D04A1F0C128	획이 엄청 많네. 뭘 쓰는 거지……	REVIEWED_DAY1		429
dialogue	429		GM-ALL-dialogue-429--1	5480B7312DD9CA7433B4319CE86763E76737424B044A0F08A82C53F575B3035E	점점 졸음이 밀려와 샤오예가 대체 뭘 썼는지는 생각해 보지도 않았다.	REVIEWED_DAY1		430
dialogue	430		GM-ALL-dialogue-430--1	A7F878B8CED1A7957C560D573E30DDBBC1696E38C370513AACBBF4BFF12E7F43	……	REVIEWED_DAY1	MM	431
dialogue	431		GM-ALL-dialogue-431--1	983ECC35E19DBD568D26B3AF8936D6FBD05D8C8CD306775CA17C6A8688BCBBDC	오빠… 가끔은… 집에도 가 줘…	REVIEWED_DAY1	MM	432
dialogue	432		GM-ALL-dialogue-432--1	A7F878B8CED1A7957C560D573E30DDBBC1696E38C370513AACBBF4BFF12E7F43	……	REVIEWED_DAY1	LM	433
dialogue	433		GM-ALL-dialogue-433--1	F633D1C7A28C79A0FAE22D6E222771E278B34D79415FEFF66799132F87325782	그 사람들도 분명… 아직 오빠를 사랑하고 있을 거야…	REVIEWED_DAY1	MM	434
dialogue	434		GM-ALL-dialogue-434--1	79FEF839981225DB6E3F8460A9D6E5D470F243B5F59E474F6E39322BDAB14427	잠꼬대 같은 말투였다.	REVIEWED_DAY1		435
dialogue	435		GM-ALL-dialogue-435--1	2FFF7C2494D68CB7FF87868D697FEEB42F1C0615E25D81FFDFAAE43E68ED6458	나는 샤오예에게 대답하지 않은 채 부드러운 감촉 속에서 서서히 잠들었다.	REVIEWED_DAY1		436
dialogue	436		GM-ALL-dialogue-436--1	B4935894C8CE16BDE67BBFFC672428B1533C4F1E1E8B1CE21A2933183DB6BFA5	…	REVIEWED_DAY1		437
dialogue	437		GM-ALL-dialogue-437--1	49EAD3494EE2F27346C11448641D8539450C065142A559FB5493FB9AF68C401B	…..	REVIEWED_DAY1		438
dialogue	438		GM-ALL-dialogue-438--1	04FB67C28284F5830099746FEBFDFFF830F173AAC95EA76A8B100A8A42279883	……왜 샤오예가 덮고 있던 이불이 내 침대까지 날아와 있는 거지.	REVIEWED		439
dialogue	439		GM-ALL-dialogue-439--1	ADD445A6751A7112FD1D17B3EC5CFEE4B75FFEA52C66ACB9ED7D584980927D2D	걷어찬 건가!? 잠버릇 너무 무섭잖아!	REVIEWED		440
dialogue	440		GM-ALL-dialogue-440--1	E3B0C44298FC1C149AFBF4C8996FB92427AE41E4649B934CA495991B7852B855		EMPTY_CONTROL		441
dialogue	441		GM-ALL-dialogue-441--1	A7F878B8CED1A7957C560D573E30DDBBC1696E38C370513AACBBF4BFF12E7F43	……	REVIEWED		442
dialogue	442		GM-ALL-dialogue-442--1	E3B0C44298FC1C149AFBF4C8996FB92427AE41E4649B934CA495991B7852B855		EMPTY_CONTROL		443
dialogue	443		GM-ALL-dialogue-443--1	99FD5F4F14C9297C72B26E6EA6A77D3C220B47732491170AB9E55EDDA0459B7F	후아암…	REVIEWED	LM	444
dialogue	444		GM-ALL-dialogue-444--1	11F1D0B879D560F15D36BB49AF318C564B8E377323AF32F37168BB246276BCE9	오늘 아침 들어 벌써 세 번째 하품인 것 같다.	REVIEWED		445
dialogue	445		GM-ALL-dialogue-445--1	8D2261340EFBD2C0049C9AE70C181665CBE61138E7D4A9579AEE6A31458DA1EE	리밍, 밤샜어?	REVIEWED	HXC	446
dialogue	446		GM-ALL-dialogue-446--1	E3B0C44298FC1C149AFBF4C8996FB92427AE41E4649B934CA495991B7852B855		EMPTY_CONTROL		447
dialogue	447		GM-ALL-dialogue-447--1	E3B0C44298FC1C149AFBF4C8996FB92427AE41E4649B934CA495991B7852B855		EMPTY_CONTROL		448
dialogue	448		GM-ALL-dialogue-448--1	E3B0C44298FC1C149AFBF4C8996FB92427AE41E4649B934CA495991B7852B855		EMPTY_CONTROL		449
dialogue	449		GM-ALL-dialogue-449--1	71D0599C3988CE261768B469B9247F5A50D6F53AFF37718A87F0CC31C14B149C	나른한 목소리가 옆에서 들려왔다.	REVIEWED		450
dialogue	450		GM-ALL-dialogue-450--1	EDDFCA9AF3D7967437A6A145D26A79C26EDE5BA130C37C42E024DFB40898B6C4	목소리의 주인은 옆자리에 앉아 있는 양갈래 머리 소녀였다.	REVIEWED		451
dialogue	451		GM-ALL-dialogue-451--1	1BCBBF98C293AC7C293AC8A217864E8B9AA1508DC40BC2EEC86BEA13C7A4DA46	…아니, 그냥 토요일에도 수업 들으러 와야 하니까 힘 빠져서.	REVIEWED	LM	452
dialogue	452		GM-ALL-dialogue-452--1	60084D6D338E8578E6261E1F705633ED24F9ABBA5369333BD0C91FCC3F9EA1B0	제일 짜증 나는 건 고작 1~3교시만 수업이 있다는 거다. 왜 월요일이나 금요일에 안 넣고 하필 아침 8시 수업이냐고.	REVIEWED		453
dialogue	453		GM-ALL-dialogue-453--1	7FFAE0780B50BE941BC73F1F8906CAC9F5F15ADD0F04F797ADE3A30CCDDFB91E	한샤오청이 나를 보며 고개를 갸웃했다.	REVIEWED		454
dialogue	454		GM-ALL-dialogue-454--1	B6E7DE10E2370A1B6917B16C458AD9DCCF9513DBCE1074C8BA330B312E0EB9B6	그녀는 더 묻지 않고, 평소처럼 태블릿을 꺼냈다.	REVIEWED		455
dialogue	455		GM-ALL-dialogue-455--1	9AEF3C1EEE53FD54D42A0765CF0F7E09EF43F45A4AB8F0B655EFA45B0955012E	하지만 그 태블릿은 수업 필기를 하려고 꺼낸 게 아니다.	REVIEWED		456
dialogue	456		GM-ALL-dialogue-456--1	F2A1C4BF7E2D2A485862BA3A928D6A7690C91476EF2AD0CDD4609A4E361A2B7F	또 그림 그리려고?	REVIEWED	LM	457
dialogue	457		GM-ALL-dialogue-457--1	37B46874CA24214C995E0CE520B1590DE976865F7AD0B869057D7C4E2C4980A3	응, 부탁해.	REVIEWED	HXC	458
dialogue	458		GM-ALL-dialogue-458--1	74B572C441D184871E766AFE2ED522BBAFDE66E77C6D714B229FD0EF855F5030	조심해. 오늘 저 영감 엄청 빡세잖아.	REVIEWED	LM	459
dialogue	459		GM-ALL-dialogue-459--1	ECEC2E4E50100A861C67BE3823EE30354877C8AEE3D07DA94DCFE5A7DD636B82	리밍이 있으면… 걱정 안 해도 돼.	REVIEWED	HXC	460
dialogue	460		GM-ALL-dialogue-460--1	A7F878B8CED1A7957C560D573E30DDBBC1696E38C370513AACBBF4BFF12E7F43	……	REVIEWED	LM	461
dialogue	461		GM-ALL-dialogue-461--1	3EDC2767F5CEE9ED620A27C20347E81A85E1834F1D26B48120CBA5CF2453F11A	한 번 들킬 뻔한 적도 있으면서.	REVIEWED		462
dialogue	462		GM-ALL-dialogue-462--1	1779A0CE5FDF89FD11918D23D91CB8B21520940CE132A311C230534D6CD5EABE	나는 어쩔 수 없이 허리를 펴고 앉아 최대한 그녀를 가려 주면서 다른 학생들의 시선도 막아 줬다.	REVIEWED		463
dialogue	463		GM-ALL-dialogue-463--1	73914E49F673E77A5C5F6DD1402CC1240C42ED959EB55BACFA833A5943CAAC2D	수업 시간에 한샤오청을 가려 주는 일—이 습관도 벌써 두 달 넘게 이어지고 있다.	REVIEWED		464
dialogue	464		GM-ALL-dialogue-464--1	B6C7B785966D3610612EC755DE86C759EA45CA0E7D3B5E9972D61ED5C2689C8B	처음 한샤오청을 만났을 때도 비슷한 상황이었다.	REVIEWED		465
dialogue	465		GM-ALL-dialogue-465--1	E3B0C44298FC1C149AFBF4C8996FB92427AE41E4649B934CA495991B7852B855		EMPTY_CONTROL		466
dialogue	466		GM-ALL-dialogue-466--1	AB5DF625BC76DBD4E163BED2DD888DF828F90159BB93556525C31821B6541D46	……	REVIEWED		467
dialogue	467		GM-ALL-dialogue-467--1	9686CDC4EC53AABC38D11B4678AB26DBEB4DD1D6AC631D752BCA740E25A99BA4	아마 석 달쯤 전 일이었을 거다.	REVIEWED		468
dialogue	468		GM-ALL-dialogue-468--1	E03959B707D2CBC3E31D4F6EEC085CA1933321EDDCA9D31FADB4526F9AE92DA5	그때는 계단식 강의실에서 수업 중이었고, 한샤오청은 내 앞자리에 앉아 있었다.	REVIEWED		469
dialogue	469		GM-ALL-dialogue-469--1	BC9447CEBFE20C778ACB6480988FF3D841107AEBBB366A9A3643243776C0B26C	그때도 고개를 푹 숙이고 그림을 그리고 있었지만, 남들이 보기엔 수업 중 태블릿에 뭔가 끄적이는 건 딱히 이상할 일이 아니었다.	REVIEWED		470
dialogue	470		GM-ALL-dialogue-470--1	24533F906D0ECF192DAB2D955D31772B44DD493275094F5B083675A757A4D548	뭘 그리고 있는지만 보지 못한다면 말이다.	REVIEWED		471
dialogue	471		GM-ALL-dialogue-471--1	84509972A32AFF165ACD43BF9AC4DDC8E363D1F103C0F005728D37EEBEDF25FA	좌석에 높낮이 차가 있다 보니 우연히 그녀가 태블릿에 그리고 있던 게 눈에 들어왔다.	REVIEWED		472
dialogue	472		GM-ALL-dialogue-472--1	8A21D01BE522C2DD336C670A6A6A1168F1F109E561454B476912B3DA729DA2C0	미친!!	REVIEWED		473
dialogue	473		GM-ALL-dialogue-473--1	41623453C6A694C320BF023D04F62EC33BD6A1685B2EC90FC86B34A2C23CFFB0	왕폭탄!!	REVIEWED		474
dialogue	474		GM-ALL-dialogue-474--1	639E292F479BE6B2FA0114117B382AAD1B56CE0A42C13AE1BBDFE405B6CBAEAB	풍만한 미소녀가 그녀의 손끝에서 점점 모습을 갖춰 가고 있었다.	REVIEWED		475
dialogue	475		GM-ALL-dialogue-475--1	E7DD510BAD285A9F34419AFBB1E816ADF666F70FA57A16E094564A9FEE2B4E80	나는 나도 모르게 주변을 두리번거리며 괜히 조마조마해졌다.	REVIEWED		476
dialogue	476		GM-ALL-dialogue-476--1	123924B56E21D83795E8134202E809F35122D237529197A5C93A50427BC35534	그녀 쪽을 보는 사람은 없었고, 단상 위 교수는 여전히 수업을 계속하고 있었다.	REVIEWED		477
dialogue	477		GM-ALL-dialogue-477--1	FD779F4D46EFF79E0CF720CE698F87E30728B7DB037865B8994DEE678300604C	저 교수, 엄격하기로 유명한데…	REVIEWED		478
dialogue	478		GM-ALL-dialogue-478--1	746FA2F4F73B7BB4C09DD1A985A192E942956FB16C17ABBC49BAFABE5BE5C396	이걸 이렇게 대놓고 그려도 괜찮은 거야?	REVIEWED		479
dialogue	479		GM-ALL-dialogue-479--1	9E0CFE9D8713A169D61BCB00A617D158285DF5B946B1251371431173A8F0EACC	요즘 게임에선 이 정도야 별것도 아니지만, 그래도 아무리 생각해도 지금 그릴 만한 건 아니잖아?	REVIEWED		480
dialogue	480		GM-ALL-dialogue-480--1	43ACA281EB3B9D47267A6554A4C9584AF630C2DD8268E61E60D7FA6121C7CDAB	거기 학생! 지금 뭐 하는 거야?	REVIEWED	L	481
dialogue	481		GM-ALL-dialogue-481--1	A827189B193B467DBFB475D821C34237A12C97E9EDFAAD4A28340FE6DD387335	영감이 갑자기 이쪽을 향해 소리쳤다.	REVIEWED		482
dialogue	482		GM-ALL-dialogue-482--1	28687CDEB5511A50E66D4D9E4866690FC30A5168DAEA454C2E27C3FDDB4611DD	망했다, 진짜 들켰어!	REVIEWED		483
dialogue	483		GM-ALL-dialogue-483--1	91C0083201ABFB1C6B7978BAA7E4983B1BA04A0B1058398B2CAB68AF51634E98	안 돼! 뭘 그리고 있었는지까지 들키면! 생각만 해도 쪽팔려 죽겠어!	REVIEWED		484
dialogue	484		GM-ALL-dialogue-484--1	ADFAC04315D06AF5834532CADFF61DED967FC402342B3AD57FDD5EE1AD8FD513	나는 몰래 그녀의 어깨를 톡톡 두드렸다.	REVIEWED		485
dialogue	485		GM-ALL-dialogue-485--1	A5A728F03A298CAEBD1B86A846A749F2A6DD11F4568183C326C11FA1B5AAE0B2	저…… 저기, 들켰어. 조심해!	REVIEWED	LM	486
dialogue	486		GM-ALL-dialogue-486--1	4BCA9266A891199A19229995388707D6F24C2BB1BAC886430356A7C19A0A2A84	…아… 고마워.	REVIEWED	HXC	487
dialogue	487		GM-ALL-dialogue-487--1	12FDCFE3FD4861C70C0A52A8D5096C886AFBCB227D9CF34C4AF508470D2E4293	한샤오청이 천천히 자리에서 일어났다.	REVIEWED		488
dialogue	488		GM-ALL-dialogue-488--1	39744F3984085DA4648038957E3017117E80531B31F26D440E5483C1EB7E1697	어… I DONT KNOW.	REVIEWED	HXC	489
dialogue	489		GM-ALL-dialogue-489--1	99D914F77E3A1CFB0EEB76368973819E0C0A77198A730006D24FDC096FD227FD	무슨 소리를 하는 거냐.	REVIEWED	L	490
dialogue	490		GM-ALL-dialogue-490--1	3727958450DEECC1C8E849F625FE80D45F5D6202A74BD183FAED6CE263CC16D1	무슨 소리를 하는 거냐고!?	REVIEWED		491
dialogue	491		GM-ALL-dialogue-491--1	2B27D1FD74B557FA9CB73BAA9B4B781F4CABF196087E54D4A932A643969EBDEE	…영어 수업?	REVIEWED	HXC	492
dialogue	492		GM-ALL-dialogue-492--1	1969C97126D74DAEA79AE1E0E726E2C7E215BA3E9CF9B55E5CC42D1868106D34	지금 미적분 수업이잖아!!	REVIEWED	L	493
dialogue	493		GM-ALL-dialogue-493--1	C8EA20EBB9A9E0A00D5E68684F87902DEF7DD7BC935D88301D1394EC6514CC57	……그럼 저 위에 적힌 저거, 영어는… 뭐야……	REVIEWED	HXC	494
dialogue	494		GM-ALL-dialogue-494--1	A7F878B8CED1A7957C560D573E30DDBBC1696E38C370513AACBBF4BFF12E7F43	……	REVIEWED	LM	495
dialogue	495		GM-ALL-dialogue-495--1	A7F878B8CED1A7957C560D573E30DDBBC1696E38C370513AACBBF4BFF12E7F43	……	REVIEWED	L	496
dialogue	496		GM-ALL-dialogue-496--1	4AE161814D92926A9B1D3C10C4211A67DA13D8E685AC48BFC95F8FC990D77520	…저 영감이 저렇게 발끈하는 건 처음 보네. 좀 재밌다.	REVIEWED		497
dialogue	497		GM-ALL-dialogue-497--1	471C6763D379644A2E73F2D646D854B87B668F926A82CD8FB309FC70DF56A847	아니, 이럴 때가 아니지. 더 열받게 하면 안 돼.	REVIEWED		498
dialogue	498		GM-ALL-dialogue-498--1	882A1C292ED5EFA1A81E6C72A99CA508AE028D09140FFB3E34D543CDC3168959	죄송하다고 하고 필기 중이었다고 해!	REVIEWED	LM	499
dialogue	499		GM-ALL-dialogue-499--1	C2008490AFB9EB7D00A62230D9EAAB0803679DAC1333F731F76AAFBFDC97E5F8	뒤를 돌아보진 않았지만, 내 말은 들었을 것이다.	REVIEWED		500
dialogue	500		GM-ALL-dialogue-500--1	1043B49C0354497F93B115491C009185DDF68C7A8D713E4BF70909D2FC250F0D	죄송합니다. 필기하고 있었습니다.	REVIEWED	HXC	501
dialogue	501		GM-ALL-dialogue-501--1	DD11E180B5042373B74D13EB60CA9A0D16D2AC5912ACDBE8DC8CEF8AFE8CF842	필기? 영어 필기라도 하고 있었다는 거냐, 흥! 그러다 둘 다 낙제하고 나서 후회하지나 마라!	REVIEWED	L	502
dialogue	502		GM-ALL-dialogue-502--1	6E43B13491AA4ECDB1C40BFFA9EB916590AF93915ED5D19DD75D18E622AE7D0D	어쨌든 큰일 없이 수업은 끝났다.	REVIEWED		503
dialogue	503		GM-ALL-dialogue-503--1	E3B0C44298FC1C149AFBF4C8996FB92427AE41E4649B934CA495991B7852B855		EMPTY_CONTROL		504
dialogue	504		GM-ALL-dialogue-504--1	79691154031D2F992D6016E59DFB035A8B53DD39A2F353C047F7906F85F2F8DA	강의실을 나가려던 순간, 한샤오청이 살짝 내 옷자락을 잡았다.	REVIEWED		505
dialogue	505		GM-ALL-dialogue-505--1	465824EEE8EAC250BA3FF74683A1E2D25E75F1A5ED9A0A4625EB879179710F66	아까 일… 고마워.	REVIEWED	HXC	506
dialogue	506		GM-ALL-dialogue-506--1	91B581A28758D28BC9256B4123AB982069A9CF0EF079BE616E793CF07B100F0C	…별말을. 근데 그림은 웬만하면 돌아가서 그리는 게 좋지 않을까? 아무리 잘 그려도 모르는 사람이 보면 이래저래 말 나올 수 있으니까.	REVIEWED	LM	507
dialogue	507		GM-ALL-dialogue-507--1	2F302021602B20DE397E63AC21F85100732997DB50B60EFEF30F243546EEB699	어? 잘… 그렸어?	REVIEWED	HXC	508
dialogue	508		GM-ALL-dialogue-508--1	99762B9001D1DFAD5418F5509AA091C57471678BBFC3D6F825DD860CB73F602E	중요한 게 그쪽이었어?!	REVIEWED		509
dialogue	509		GM-ALL-dialogue-509--1	DD397FE4B0FE13F275DA9E39B0BC57E4EC6AF83F701D89A6E2AEBCAC39416B16	…미안, 일부러 본 건 아닌데—	REVIEWED	LM	510
dialogue	510		GM-ALL-dialogue-510--1	2C78DA70DEB72A99034276C35B5DB66FA961EC38F1AA6492DCA2A7DD07C1D3E5	한샤오청은 갑자기 태블릿을 꺼내 내 쪽으로 내밀었다. 화면에는 아까 그리던 캐릭터가 떠 있었다.	REVIEWED		511
dialogue	511		GM-ALL-dialogue-511--1	4463A597B40CF0680978D8A7EE48DF16F19BC91E2715C0105981A3FBFD759E24	조금 난잡한 러프였지만, 그것만으로도 감탄이 나올 정도였다.	REVIEWED		512
dialogue	512		GM-ALL-dialogue-512--1	20F3738B5454B93CB63155DE0D76F730A6556B24710915A3291A431CC68C9A22	우리 반에 이렇게 잘 그리는 애가 있었나? 1학년 때 교양 수업 같이 들을 땐 왜 몰랐지?	REVIEWED		513
dialogue	513		GM-ALL-dialogue-513--1	EDB987A16C833293B380FAC2FBA5FB07AB408879788C8A5B016B95FF0D2319BC	이거, 이렇게 그리면… 예뻐 보여?	REVIEWED	HXC	514
dialogue	514		GM-ALL-dialogue-514--1	D6C58570824539991DEACE43C1B69CFD76E59A5330EA94D67BC6CE5B0CCCA35E	어? 나한테 묻는 거야…?	REVIEWED	LM	515
dialogue	515		GM-ALL-dialogue-515--1	5C7A9F97ADB5BED9D4C6ACA666DFFD0E37FDA970EBCFC2C8C0060523A483E295	응.	REVIEWED	HXC	516
dialogue	516		GM-ALL-dialogue-516--1	B45C2D9CEF8CFFA84C752BA400AF3CCF44C9E34C333D3B80CB1AD5E9017824A6	그녀의 눈빛은 무척 진지했다.	REVIEWED		517
dialogue	517		GM-ALL-dialogue-517--1	4ABB11455E89E9754FF343114460E1EDB3A05D08D0FA7ABC65ED5E2BA6111961	엄청 귀여워.	REVIEWED	LM	518
dialogue	518		GM-ALL-dialogue-518--1	BC92AACCC350A64C57B49414F2789356413F7CD6E43641DF79268EA771AE838C	그래서 솔직하게 대답할 수밖에 없었다.	REVIEWED		519
dialogue	519		GM-ALL-dialogue-519--1	A17CFA0048A9BF15B379EA9A8F7B68AF3FC7D4F07C52D38ADC9629114DFD9D00	빈말이 아니었다. 청초한 화풍에 풍만한 몸매가 어우러져 묘한 느낌을 자아내는, 상당히 독특한 그림체였다.	REVIEWED		520
dialogue	520		GM-ALL-dialogue-520--1	6881D655898E7E9B270D628996B9B6389BF9D3D8399CAED82D1305578711D880	정말? 그런데 부자연스럽다고 해서…	REVIEWED	HXC	521
dialogue	521		GM-ALL-dialogue-521--1	23C77AE11B382A58B7DD122BFD8C62421F5B91CA57D2B03A2544490330E909E3	어?	REVIEWED	LM	522
dialogue	522		GM-ALL-dialogue-522--1	939490E04B5D1F51EF0DBBF6FCCDD6B21872FCD0832DC2A7B4BE0CB749786F39	부자연스럽다고? 어디가? 캐릭터 되게 예쁜데?	REVIEWED		523
dialogue	523		GM-ALL-dialogue-523--1	8E8CC195D70902540AF6D524E7FB06B4A6E8EC4455EF6491B2ECFDADF477E1CB	응. 너무 딱딱하고, 풍선 같대.	REVIEWED	HXC	524
dialogue	524		GM-ALL-dialogue-524--1	1E95B17344AAE0D0A63B75667F197634CF64A64BC1B5F22D99EE0AD791A0F5FC	부자연스럽다는 게 그쪽 얘기였어!?	REVIEWED		525
dialogue	525		GM-ALL-dialogue-525--1	5E606090A9C2AB09CD23FE72ACC0473A226B3B737E034B7F7FEC861FDC6F352D	예전엔 계속 날씬한 체형만 그렸으니까, 이런 건… 좀 어려워…	REVIEWED	HXC	526
dialogue	526		GM-ALL-dialogue-526--1	115D323A3F957DA0F1FE82B5EAE1E1CED612FB042A165AAC671B86EBEB3EC0A8	꼭 그려야 하는 거야?	REVIEWED	LM	527
dialogue	527		GM-ALL-dialogue-527--1	4D2D2EAB2932E0509FA1AC9AC88709BC150359E13FC9E0562902DFCCCACAC514	그녀는 고개를 끄덕였다.	REVIEWED		528
dialogue	528		GM-ALL-dialogue-528--1	830C4781F32A2AA6FFC0739B531D85EBA16CA6DC73B4FDDD32C45AA602DCC2EC	그래도, 싫진 않아… 그냥 더 잘 그리고 싶어.	REVIEWED	HXC	529
dialogue	529		GM-ALL-dialogue-529--1	50EDE174AECBA821C2373F1A5D9EC2401F9DB4D61C13E499011016DFF20BF6C1	그렇구나… 그럼, 힘내.	REVIEWED	LM	530
dialogue	530		GM-ALL-dialogue-530--1	536AD46EABABFC6D093DA2B2CDE600604BCC16C8C28E40608F3D9C7E2DBDFA83	나는 한샤오청에게 가볍게 손을 흔들며 작별했다.	REVIEWED		531
dialogue	531		GM-ALL-dialogue-531--1	652928555B4EE802F5F5AC3B65FD44211C982A405BE2FD3B9959D71869BBB5CE	그 뒤로는 딱히 엮일 일이 없을 거라고 생각했지만…	REVIEWED		532
dialogue	532		GM-ALL-dialogue-532--1	E3B0C44298FC1C149AFBF4C8996FB92427AE41E4649B934CA495991B7852B855		EMPTY_CONTROL		533
dialogue	533		GM-ALL-dialogue-533--1	9266E2703A0109E02E18CE21179A68D2FAC3DD0718406D79BB220D4FA863BE01	나는 조용한 걸 좋아해서 강의실에선 구석지고 사람이 적은 자리를 골라 앉는 편이다.	REVIEWED		534
dialogue	534		GM-ALL-dialogue-534--1	9C885D4EB4181A7452BA3CCD9A434C5D4F66267E9826673DFED78BB5EA34323B	그날 이후 일반 강의실에선 한샤오청이 나를 따라 내 뒤쪽 자리에 앉았다.	REVIEWED		535
dialogue	535		GM-ALL-dialogue-535--1	88FDD69BD1271F7FEBAF37EFC4AFD8C3DE53FC1CAC7D9211D7CF3FC3EFD3A473	계단식 강의실에선 내 옆자리에 앉았고.	REVIEWED		536
dialogue	536		GM-ALL-dialogue-536--1	A7F878B8CED1A7957C560D573E30DDBBC1696E38C370513AACBBF4BFF12E7F43	……	REVIEWED	LM	537
dialogue	537		GM-ALL-dialogue-537--1	A7F878B8CED1A7957C560D573E30DDBBC1696E38C370513AACBBF4BFF12E7F43	……	REVIEWED	HXC	538
dialogue	538		GM-ALL-dialogue-538--1	EE2173408F9F3044B3996B0F491F0A70B47AF8FE6CCE559C323310BFDBE996BD	왜?	REVIEWED	LM	539
dialogue	539		GM-ALL-dialogue-539--1	6CCA1677D3F4DBE4B9BC366D1A875365E3621517DEBDB65BCE4499DC838A397A	…안심돼. 또 들키기 싫어.	REVIEWED	HXC	540
dialogue	540		GM-ALL-dialogue-540--1	E3B0C44298FC1C149AFBF4C8996FB92427AE41E4649B934CA495991B7852B855		EMPTY_CONTROL		541
dialogue	541		GM-ALL-dialogue-541--1	56A90E7C3A8A301B6C489575BB23FB8838BDCB59A7EF003D45A29A45099587CD	그렇게 나와 한샤오청 사이에는 묘한 관계가 생겼다.	REVIEWED		542
dialogue	542		GM-ALL-dialogue-542--1	B0B65D813F27A32E1814C19E8E4E4F3356C6969E661EEA3B5B4FF8628BFC5C27	같은 강의실에서 수업을 듣는 날이면 한샤오청은 먼저 내 모습을 찾은 뒤 곧장 다가왔다.	REVIEWED		543
dialogue	543		GM-ALL-dialogue-543--1	225923250C6C3F433D16589C9B4678A77B8B8AA34470B75C6AB590909460A843	리밍, 좋은 아침. 오늘도 부탁해.	REVIEWED	HXC	544
dialogue	544		GM-ALL-dialogue-544--1	BF7936FCD0188149770942BF69C6DF6AE74D18F4F3C46C63DEDC6D7554613262	어, 좋은 아침.	REVIEWED	LM	545
dialogue	545		GM-ALL-dialogue-545--1	A457D33A89597DB31B912428721A3AE0173BA5E638D8E6470414A2ACFB5D59A3	매일 아침 눈을 뜨고 침대에서 일어나 씻는 것처럼, 아무 변화 없이 당연한 일처럼 반복됐다.	REVIEWED		546
dialogue	546		GM-ALL-dialogue-546--1	31D43DB274F68F9822643AD5E4C73454655441145625E4FB1CCFFFAAFDDABF5D	한번 습관이 들면 좀처럼 바꾸기 어렵다.	REVIEWED		547
dialogue	547		GM-ALL-dialogue-547--1	A2654E854449B0DE65600EE3740A91F0EB5AE8BC7A3C40EA10D3EA6A71657CD9	가끔 내가 조금 늦게 오는 날이면 한샤오청이 불안한 표정으로 두리번거리는 모습이 보였다.	REVIEWED		548
dialogue	548		GM-ALL-dialogue-548--1	A7F878B8CED1A7957C560D573E30DDBBC1696E38C370513AACBBF4BFF12E7F43	……	REVIEWED	HXC	549
dialogue	549		GM-ALL-dialogue-549--1	C69A69D134409083B2571486BF2F11AF9EDEEA86EB1FF3CF2E67F3657D70FA6B	아…	REVIEWED	HXC	550
dialogue	550		GM-ALL-dialogue-550--1	40D76334BFF5E8299E465AA1ED3DD8B656C8DC0A0E19C9BF20D3D352304627FE	이미 수업이 시작됐는데도 아랑곳하지 않고 강의실을 가로질러 막 자리에 앉은 내 근처까지 온다.	REVIEWED		551
dialogue	551		GM-ALL-dialogue-551--1	992E89F5D2AE19873F508D9AB35CCBDF7D35FBD5E76BB812151D991509313642	그러고는 내 발치 쪽으로 비집고 들어와 구석에 앉아 그림을 그렸다.	REVIEWED		552
dialogue	552		GM-ALL-dialogue-552--1	EBA448257EFA8EBB88BFAB2631B2B8CF9E48EB6A18AF0D27F09104D40F9A9679	불안해하던 작은 토끼가 겨우 익숙한 곳으로 돌아온 것만 같았다.	REVIEWED		553
dialogue	553		GM-ALL-dialogue-553--1	0B7C1ECB514CC82397B41D37F898C8F9BD11D728E639BB2B4B8B9B699B1E0A08	앞쪽에 앉은 학생들이 소곤거리기 시작했다.	REVIEWED		554
dialogue	554		GM-ALL-dialogue-554--1	A7F878B8CED1A7957C560D573E30DDBBC1696E38C370513AACBBF4BFF12E7F43	……	REVIEWED	LM	555
dialogue	555		GM-ALL-dialogue-555--1	68728F0BA71BE6C9CA3D451F07B08CF7CB2556A5481F4FC7DA250954963D4726	나중에 룸메이트한테 들으니, 반에서 나와 한샤오청이 사귀는 거 아니냐고 추측하는 사람이 꽤 있는 모양이었다.	REVIEWED		556
dialogue	556		GM-ALL-dialogue-556--1	CD4D18C730D38E81AEBD313475E20DDDC6CDCB02B2CF5718E04C3988363EDC94	하긴 매일 같이 앉고 자리도 한 번 바꾼 적이 없으니 남들이 보기엔 그렇게 보일 만도 했다.	REVIEWED		557
dialogue	557		GM-ALL-dialogue-557--1	F452446728CFBAE427980E96FAD22BBDBDB15007F4C68B1214C4C7A8056E9E97	그런데도 소문을 못 들은 건지, 샤오청은 여전히 신경도 쓰지 않고 내 옆으로 비집고 들어왔다—마치 의지할 상대를 찾은 작은 토끼처럼.	REVIEWED		558
dialogue	558		GM-ALL-dialogue-558--1	E3B0C44298FC1C149AFBF4C8996FB92427AE41E4649B934CA495991B7852B855		EMPTY_CONTROL		559
dialogue	559		GM-ALL-dialogue-559--1	F81EC273B8A16832A9A9198C2DFA64CD35277ADB7F964057159FAE93A2FAE912	요즘은… 일찍 오네.	REVIEWED	HXC	560
dialogue	560		GM-ALL-dialogue-560--1	FEA51C640877406D6AE819A5DCFB3BF5E6EF2E0434B8CA8274D15BF920410F92	내가 늦으면 너 또 지난번처럼 강의실 전체를 훑어보면서 찾잖아. 너무 눈에 띄어서 못 견디겠다고.	REVIEWED	LM	561
dialogue	561		GM-ALL-dialogue-561--1	A469974B7B17C73BB32381D1E188FE59E368DE59AC765B554FB69EBD9B0BDBAA	나 알기 전에는 어떻게 강의실에서 그림을 그렸던 거야…	REVIEWED	LM	562
dialogue	562		GM-ALL-dialogue-562--1	7AA501320944DDB958D29906A0E7663A10497F31075E2E61FCE5D4D60186D545	예전엔… 들킨 적 없었어… 지금은, 리밍이 있으면 안심돼.	REVIEWED	HXC	563
dialogue	563		GM-ALL-dialogue-563--1	1DE72275A27A63CBB6036539B9589F77B494873EBC67449FB033E82D6F5D7B19	전에 그 교수한테 혼난 게 꽤 무서웠나?	REVIEWED		564
dialogue	564		GM-ALL-dialogue-564--1	3B99CC9951412F317D90DD84A514F36BA232580FF468BD3C8C672B08236308A6	강의실에서 왕폭탄을 아무렇지도 않게 그리길래 정말 겁 없는 줄 알았는데, 역시 편한 환경을 찾고 싶긴 한가 보다.	REVIEWED		565
dialogue	565		GM-ALL-dialogue-565--1	FFAEBD97CD75E9D3BA20704596B605C04EAA3DD2B86AE698770E94883D15CD8E	그냥 돌아가서 그리면 안 돼? 수업 시간엔 일단 수업에 집중하고… 뭐 그런 거 있잖아.	REVIEWED	LM	566
dialogue	566		GM-ALL-dialogue-566--1	E214C5ACA9CAB7DA45080ACDD05E3F3FD355D280E9D90D520B67C30E88733D95	말해 놓고도 나부터 헛소리 같았다. 강의실을 둘러보니 대부분 인강을 따로 듣거나 게임을 하거나 졸고 있었다.	REVIEWED		567
dialogue	567		GM-ALL-dialogue-567--1	C23A9D8BF858EDEB365F4C96838BE6FB1468CD56BDA0E47B65CF423C800E6CD4	…싫어. 너무 지루해.	REVIEWED	HXC	568
dialogue	568		GM-ALL-dialogue-568--1	5EECEBCE55028B37826E99809C75C3777EFEF13A2922527CACAE203DC37DCEF4	그건 그렇지…	REVIEWED	LM	569
dialogue	569		GM-ALL-dialogue-569--1	CA8C9D5838B0541D21D8ABA2287E1ED4266924E551E843D88B231193CF82B38F	그녀가 내 옆에 앉는 게 싫지는 않았다.	REVIEWED		570
dialogue	570		GM-ALL-dialogue-570--1	3DAC34ED0DA23A8F988B993883F46BA9BD8CCD54E15AA1E1DD3573A594C66B2F	분명 나는 혼자 조용히 구석에 앉아 있는 걸 좋아하지만, 한샤오청도 그림을 그리기 시작하면 조용해서 존재감이 느껴지지 않을 때가 많았다.	REVIEWED		571
dialogue	571		GM-ALL-dialogue-571--1	D01249979A8AA9EC018E98335C630074ED9E74CF6C3492088FFF73D900DB89A4	게다가 나도 관심 있는 2D 미소녀를 그리다 보니, 같은 강의실에서 수업을 듣는 날이 은근히 기다려지기까지 했다.	REVIEWED		572
dialogue	572		GM-ALL-dialogue-572--1	E3B0C44298FC1C149AFBF4C8996FB92427AE41E4649B934CA495991B7852B855		EMPTY_CONTROL		573
dialogue	573		GM-ALL-dialogue-573--1	F7F441329D5DD0CDDDFF9DC23B53081DAA30D6C6BADACBCE45E1F8F5C4550D2D	넌 그림 어떻게 배웠어? 이 정도면 프로 일러스트레이터 해도 되겠는데.	REVIEWED	LM	574
dialogue	574		GM-ALL-dialogue-574--1	4D145237B62531599E0B32B97DF825BE2B2BE435FCEC16E3E1A50E9588FCA532	초등학생 때 잡지 한 권을 봤는데, 미소녀가 잔뜩 나왔어.	REVIEWED	HXC	575
dialogue	575		GM-ALL-dialogue-575--1	E83A507249FF773B4FF0F9CCA23B857A947E29EB2C4CA2EB951D24BCBF525389	그래서 따라 그리기 시작해서, 지금까지 계속 그렸어.	REVIEWED	HXC	576
dialogue	576		GM-ALL-dialogue-576--1	149C8B276F6EEB0A19F23E90BAE7C60511DAA997BE6949C46231F03112513AAF	초등학생 때부터… 그렇게 오래 계속했다니 대단하다.	REVIEWED	LM	577
dialogue	577		GM-ALL-dialogue-577--1	1C6C92BE23C9DE206AE7768B91D7D2B75447522D275653B777CA44D03AF352CF	어… 내가 대단해?	REVIEWED	HXC	578
dialogue	578		GM-ALL-dialogue-578--1	ABFA39C5A0FEBF3075C6C20ABE6D46CD3CFA7B22C9A8EB9E4B7DD3B331F28A63	좋아하는 걸 계속해 온 것 자체가 대단한 거지.	REVIEWED	LM	579
dialogue	579		GM-ALL-dialogue-579--1	262D5803437BD36655BB700BFCA230F9CE0BD6AA53CEA2C9357D6C2747AB6666	나보다 잘하는 사람은… 많아.	REVIEWED	HXC	580
dialogue	580		GM-ALL-dialogue-580--1	07E33C54B590C109075AE10903A83FDCE34B7A9D0F782E2BFF92BA82CA331B65	그녀는 내 말을 부정하듯 고개를 저었지만, 입꼬리는 아주 살짝 올라가 있었다.	REVIEWED		581
dialogue	581		GM-ALL-dialogue-581--1	89D8F40972CE686E21A59255DBF430788AB2E471630C06DF1D22AD176240D7DC	나도 예전에는 하고 싶은 일이 있었다. 소설을 쓰는 것. 아쉽게도 한샤오청처럼 지금까지 계속할 끈기는 없었다.	REVIEWED		582
dialogue	582		GM-ALL-dialogue-582--1	E3B0C44298FC1C149AFBF4C8996FB92427AE41E4649B934CA495991B7852B855		EMPTY_CONTROL		583
dialogue	583		GM-ALL-dialogue-583--1	2D227531259ADFD502FC11185D8F78E8B3063B8FA70510752BBC554BAB5B65C8	시간이 흐르면서 한샤오청은 학교에서 내가 가장 자주 만나는 사람이 됐다. 강의실에서만 만난다지만, 그것만으로도 평일의 대부분을 차지했다.	REVIEWED		584
dialogue	584		GM-ALL-dialogue-584--1	B13D89909B2196E922B56D400109CCDB2453B91B2DAE86EFD7F9E8941AA7667D	이제는 서로 이름으로 불러도 전혀 이상하지 않은 사이가 됐다.	REVIEWED		585
dialogue	585		GM-ALL-dialogue-585--1	A73D26453A0DA133DB0D6229E4B5433D07F374794CC51A45A6C085ED4A1BE5F5	그리고 한샤오청은 눈에 띄게 말이 많아졌다—물론 예전의 그녀와 비교해서 그렇다는 뜻이다. 남들이 보기엔 여전히 매일 입을 꾹 다문 채 태블릿으로 뭘 하는지 알 수 없는 이상한 여자애겠지만.	REVIEWED		586
dialogue	586		GM-ALL-dialogue-586--1	CB30C0B76A1963536856384E485B9809E5A4E01FF537499D9D5A3031186CF671	리밍, 이 그림체… 되게 예뻐.	REVIEWED	HXC	587
dialogue	587		GM-ALL-dialogue-587--1	13558F06279FE1D5CF2149556330EE45C2DBCFB2A68FCFAC1E3A52198781B5D6	샤, 샤오청! 목소리 낮춰. 아직 수업 안 끝났어…!	REVIEWED	LM	588
dialogue	588		GM-ALL-dialogue-588--1	1A68306C43BC99A73EBF7AB456E992E3DB6AC2E7A2B62AFEDB5E3ADF28A52C72	…아.	REVIEWED	HXC	589
dialogue	589		GM-ALL-dialogue-589--1	CD88F10D6E7D2CD8D9CC1C31E1739306A4950710F9B1E5591F1F3F4B87C7965A	그녀는 늘 말없이 그림만 그리는 건 아니었다. 가끔은 같은 미소녀 계열 그림을 그리는 일러스트레이터 이야기를 나와 나누기도 했다.	REVIEWED		590
dialogue	590		GM-ALL-dialogue-590--1	A647D9A751BB87520B58F359A8B238AC9EC33AD6964D3C67D5CA3697FFED8685	내가 좋아하는 그림체? 눈 큰 모에 계열이지. 시로모지 사쿠라, 이즈니 츠바스, 네코가미 키라 같은… 아, 미카나 히요가 그린 것도 예쁘고.	REVIEWED	LM	591
dialogue	591		GM-ALL-dialogue-591--1	80EA4638F85188DF010BD750F1DAC2106AACA4550D7A9CB62F833DCF2E5FDAF8	아… 나도… 폭신폭신해서, 엄청 모에해…	REVIEWED	HXC	592
dialogue	592		GM-ALL-dialogue-592--1	9D5AF1E71745B78A0B779F5A6ED000782A4E0A7F7776C3D74F00592A53CF989F	그리고 홍차귀족, 테이토쿠, 이이즈히 타스쿠… 이것저것 다 좋아해.	REVIEWED	LM	593
dialogue	593		GM-ALL-dialogue-593--1	B532B6A811CCDA18EC64345EA1EF1364D5BCB63B186CB4A20EB51B3E197ECF4B	리밍, 아는 사람 많네…	REVIEWED	HXC	594
dialogue	594		GM-ALL-dialogue-594--1	24BA1A85603AA9F1EB603C9EB5A8413B0F83FE7A440A443781EE6A3B771C4517	사실 내가 말한 일러스트레이터는 샤오청도 거의 다 알고 있었다. 얘도 미연시 계열 일러스트레이터를 좋아하는 건가?	REVIEWED		595
dialogue	595		GM-ALL-dialogue-595--1	4F29353D16DEEE042DB12FDB6B6D428F0D6574EB1BB50694F57BC21C9B788187	그냥 이름만 아는 거야. 다 미연시 쪽 그림 그리는 사람들이라 게임 끝내고 나면 겸사겸사 찾아보거든.	REVIEWED	LM	596
dialogue	596		GM-ALL-dialogue-596--1	D8847AE4A479DFC6FE52114F94C18F8F56545E45F426FA8FF6A067210F7322F4	이런 거 좋아하는 사람, 실제로는 처음 만나.	REVIEWED	HXC	597
dialogue	597		GM-ALL-dialogue-597--1	D141279F95226878853D02E8CB71763E068864BBF37BA1B12C9BD580E9CBB19F	온라인이야 그렇다 쳐도, 현실에선 먼저 이런 얘기를 꺼내지 않으면 보통 자기가 어떤 일러스트레이터를 좋아하는지 말 안 하니까.	REVIEWED	LM	598
dialogue	598		GM-ALL-dialogue-598--1	1B405AE34188565EB752167C4448FBE5517D74051538CBE81FA4E6545B814D25	응. 그래서, 기뻐.	REVIEWED	HXC	599
dialogue	599		GM-ALL-dialogue-599--1	6116E7B3B1D8B7EE2FB2FE28976F07E150AFD6B6E658FE2F3F9E9071D5FCA3DB	그녀는 정말 아주 조금 미소 지었을 뿐이었다.	REVIEWED		600
dialogue	600		GM-ALL-dialogue-600--1	9FEDEF97A5FCF7D28CB50CCE167C51F6F661082A6ADAF7A438A7D97B72C4CABD	하지만 나는 그 말이 빈말이라고는 생각하지 않았다.	REVIEWED		601
dialogue	601		GM-ALL-dialogue-601--1	9D2D208CB06CCB47D0C58FE2F628FA6DA7C13AF6C2A7F5FCE14FE75DD547339E	나와 이야기하는 것 말고는 한샤오청이 다른 누구와 대화하는 모습을 거의 본 적이 없었다.	REVIEWED		602
dialogue	602		GM-ALL-dialogue-602--1	F6771ACF34E2AE4E9030E96A975EB93D3736E471B0D9F4D5674769F3C057CB92	그림 그리기 편하려고 지금은 학교 밖에서 혼자 산다고 했던가…… 그럼 얘기할 룸메이트조차 없을 텐데, 외롭진 않은 걸까?	REVIEWED		603
dialogue	603		GM-ALL-dialogue-603--1	CFFDAE5E2C945592A7710E3C8999771F711986831FFEF66D33CCA9600581FA43	나와 친구가 된 것 자체가 꽤 희박한 우연이었다. 그래서 나는 그녀와 맺은 이 관계를 진심으로 더 소중히 여겼다.	REVIEWED		604
dialogue	604		GM-ALL-dialogue-604--1	E3B0C44298FC1C149AFBF4C8996FB92427AE41E4649B934CA495991B7852B855		EMPTY_CONTROL		605
dialogue	605		GM-ALL-dialogue-605--1	EE5CA76084155524F3BFB8BEF0E742ECCF403899939111B86B36EEFB1404FA0A	한샤오청에게는 내가 조금 이해하기 힘든 습관이 하나 더 있었다. 요즘은 태블릿으로 그림 하나를 끝낼 때마다 곧바로 내 감상을 물었다.	REVIEWED		606
dialogue	606		GM-ALL-dialogue-606--1	508F05AE6E160AA601AE6A55753AE4683EF4582526CCC7DFB6F700BD74B27447	처음에는 나도 별로 신경 쓰지 않았다.	REVIEWED		607
dialogue	607		GM-ALL-dialogue-607--1	2815000C3652246891B7243C4BC23EAFAD253965FE7DA3BC07D1589316F825A8	…이거, 예뻐?	REVIEWED	HXC	608
dialogue	608		GM-ALL-dialogue-608--1	51E1C4D0F651420C51AC8A81D551EDC155F55136431FC32BABCDEAC4EFD3073D	아까 말한 그 일러스트레이터 따라 그려 본 거야? 진짜 비슷하다! 그러면서도 샤오청 그림체가 섞여 있는 게 보여.	REVIEWED	LM	609
dialogue	609		GM-ALL-dialogue-609--1	6F282CE710165B25507DB9FE5781F442F7366661371600C87F6B8F1A7D428F47	…아…	REVIEWED	HXC	610
dialogue	610		GM-ALL-dialogue-610--1	774BA8CC0DB3B8D26512ED63FC4EA5AA39D75F9C045A46CCF83B80D9131A0079	여전히 무표정해 보였지만, 눈에서는 아주 조금 들뜬 기색이 느껴졌다.	REVIEWED		611
dialogue	611		GM-ALL-dialogue-611--1	7121D94C98609617E1D9E3FFE242584EB0ED72C6C63AACD2CFEA2EF6AF5280AD	그리고 내가 그렇게 칭찬해 준 뒤부터였던가—	REVIEWED		612
dialogue	612		GM-ALL-dialogue-612--1	E3B0C44298FC1C149AFBF4C8996FB92427AE41E4649B934CA495991B7852B855		EMPTY_CONTROL		613
dialogue	613		GM-ALL-dialogue-613--1	E9F0ACD026204B115A0D2E550342459B55BDAF8CA6C940CBE6CB376366A78E23	이거, 예뻐?	REVIEWED	HXC	614
dialogue	614		GM-ALL-dialogue-614--1	4C54F1EBDC47266414F951F40BC1310F6F50D130A648EB5D7AF0C562A3C24C7C	어?	REVIEWED	LM	615
dialogue	615		GM-ALL-dialogue-615--1	E3B0C44298FC1C149AFBF4C8996FB92427AE41E4649B934CA495991B7852B855		EMPTY_CONTROL		616
dialogue	616		GM-ALL-dialogue-616--1	E9F0ACD026204B115A0D2E550342459B55BDAF8CA6C940CBE6CB376366A78E23	이거, 예뻐?	REVIEWED	HXC	617
dialogue	617		GM-ALL-dialogue-617--1	CA11F3FC1DAE3420B3ECEAE76C4D27CE337CAD14BBED9F578673BA5C4CC7BA80	어??	REVIEWED	LM	618
dialogue	618		GM-ALL-dialogue-618--1	E3B0C44298FC1C149AFBF4C8996FB92427AE41E4649B934CA495991B7852B855		EMPTY_CONTROL		619
dialogue	619		GM-ALL-dialogue-619--1	E9F0ACD026204B115A0D2E550342459B55BDAF8CA6C940CBE6CB376366A78E23	이거, 예뻐?	REVIEWED	HXC	620
dialogue	620		GM-ALL-dialogue-620--1	249B7429509915E09A1A9EA96466CA5F31B8C14C59CAA3A6F448F83BC6A5CB1C	참고로 옷도 안 그린 맨몸 소체 러프였다.	REVIEWED		621
dialogue	621		GM-ALL-dialogue-621--1	A28D62CB6C156533D24911B252AFAFC6551D81CA01129AFC495E3F16BDB3A279	솔직히 한샤오청은 꽤 예쁜 여자애다. 그런 애가 심장에 안 좋은 그림을 들고 눈앞까지 들이미니 내 심장이 버티질 못하겠다!	REVIEWED		622
dialogue	622		GM-ALL-dialogue-622--1	261B1670694B57E8D7072ED99CE4A286C7A5CC4CE93BF7B17B143D34E67CA616	남들한테 보이겠다, 빨리 치워!?	REVIEWED	LM	623
dialogue	623		GM-ALL-dialogue-623--1	C0EE19DD7EED3AF43D6F0C8EFF4ECB4FAE2F61B980D07556769388663E801FF3	어…? 뭐가 문제야…?	REVIEWED	HXC	624
dialogue	624		GM-ALL-dialogue-624--1	E3B0C44298FC1C149AFBF4C8996FB92427AE41E4649B934CA495991B7852B855		EMPTY_CONTROL		625
dialogue	625		GM-ALL-dialogue-625--1	A7F878B8CED1A7957C560D573E30DDBBC1696E38C370513AACBBF4BFF12E7F43	……	REVIEWED		626
dialogue	626		GM-ALL-dialogue-626--1	E3B0C44298FC1C149AFBF4C8996FB92427AE41E4649B934CA495991B7852B855		EMPTY_CONTROL		627
dialogue	627		GM-ALL-dialogue-627--1	2E25B2944214ED49216A8C153D83BB8CE1DC404D6871CF863C58953C1F15CC87	그렇게 지금에 이르기까지, 나는 그녀와 이런 관계를 두 달 넘게 이어 왔다.	REVIEWED		628
dialogue	628		GM-ALL-dialogue-628--1	966E65E8F464537771FCFCABAB1D5394A92DD697C43B1E128591088DD5FE7DB4	대부분의 사람에게는 매일 일찍 와서 자리까지 잡아 주고, 수업 중에는 교수 눈치까지 봐 줘야 하는 일—중학생 때 매일 친구 밥을 대신 받아 주는 것처럼, 얻는 건 없고 신경만 쓰이는 일일지도 모른다.	REVIEWED		629
dialogue	629		GM-ALL-dialogue-629--1	FAF0C5880FB5B6C3CD136709DA11E6CA5B10834B8D9D53FFE68289CBB73A0E0C	하지만 점점 나는 내가 그냥 이러고 싶어서 하는 거라는 걸 깨달았다. 나와 인연을 맺은, 너무 천연스러워 걱정되는 이 소녀를 위해 뭔가 해 주고 싶었다.	REVIEWED		630
dialogue	630		GM-ALL-dialogue-630--1	C1A5B9E4C7E3197A36F1F95AD35512D3F380470B0EA63A9BA0CFD784689D4C75	가끔, 정말 아주 가끔 한샤오청이 내 옷자락을 잡고 작은 목소리로 “리밍, 고마워.”라고 말할 때가 있었다.	REVIEWED		631
dialogue	631		GM-ALL-dialogue-631--1	6E05E028D3C8A5B02E277788D751B43DEE6589E6E7D8283FD8D7A7382ACA8E98	아니면 보답이라며 내가 관심 있어 하는 캐릭터 그림을 몇 장씩 그려 주기도 했다.	REVIEWED		632
dialogue	632		GM-ALL-dialogue-632--1	D0415923DE58CC84F794330FA22F6A02F70D4409D19857ABA865EEFD03AFC886	서로 이해하는 마음이 제대로 전해졌을 때의 기쁨은 마음을 가득 채워 준다. 나는 그런 느낌이 좋았다.	REVIEWED		633
dialogue	633		GM-ALL-dialogue-633--1	EF8CCF2267AF5AA3312DCA98A5217A881232E722F4CFC085F8BE5D18C6C80CF9	그러고 보니 한 번은 『여정의 스텔라』 남주를 그려 달라고 했더니, 처음으로 그렇게까지 질색하며 미친 듯이 고개를 저었다.	REVIEWED		634
dialogue	634		GM-ALL-dialogue-634--1	38AC8D7A6DC993ED579A0C14D5D4E97E66722F6FF7516B1DBF57E32C2F56BEAC	“내가 그리는 남자는 다 눈 큰 미소녀가 돼…… 보기 흉해.” 그녀는 그렇게 대답했다.	REVIEWED		635
dialogue	635		GM-ALL-dialogue-635--1	6AB9ADB8F9F458269102351DD822A0F7038DB1CCA300D475E9D48AE7B3AC83CE	생각해 보면 미소녀만 그리는 일러스트레이터도 적지 않다…… 한샤오청도 그런 타입이었구나.	REVIEWED		636
dialogue	636		GM-ALL-dialogue-636--1	12C8B3D8FF37644C5EE4A909D808629C0CCEC05F44F017CCFFD1415EAF71CF89	옆에 있는 한샤오청은 여전히 그림을 그리고 있었다. 자기 세계에 몰입하면 남이 하는 말은 전혀 들리지 않는다.	REVIEWED		637
dialogue	637		GM-ALL-dialogue-637--1	20A0ABA1D56CF7D864A9487C79A70F9F671FB6EF19644DBF8BB83188E387E273	왠지 부럽다. 자기가 좋아하는 일이 있다는 건 참 좋네……	REVIEWED		638
dialogue	638		GM-ALL-dialogue-638--1	E3B0C44298FC1C149AFBF4C8996FB92427AE41E4649B934CA495991B7852B855		EMPTY_CONTROL		639
dialogue	639		GM-ALL-dialogue-639--1	E3B0C44298FC1C149AFBF4C8996FB92427AE41E4649B934CA495991B7852B855		EMPTY_CONTROL		640
dialogue	640		GM-ALL-dialogue-640--1	9E126CB2381786E5A52FD143B4057F25298BB3214C0A0EAEBADEC20B5E53F0E3	토요일이라 학교 식당에는 사람이 많지 않았다.	REVIEWED		641
dialogue	641		GM-ALL-dialogue-641--1	EEC72B316B9671F2F834B3BD7B74F33F16F6A061BEC3DC382C9CB0EE174B2C4B	정식을 주문한 뒤 빈자리를 찾아 주변을 둘러봤다.	REVIEWED		642
dialogue	642		GM-ALL-dialogue-642--1	35C1355F7799BE393FA568E0AE2713C3B34722B88C2F7ACC573DEF4C2B7ED907	그러다 멀지 않은 곳에서 눈에 확 띄는 새하얀 머리카락이 보였다.	REVIEWED		643
dialogue	643		GM-ALL-dialogue-643--1	92C59793B85144D90120BA4D1085CD0D83054E9622C44D217024D60DFB54456A	오…	REVIEWED	LM	644
dialogue	644		GM-ALL-dialogue-644--1	9508362A2F2AC1F9031B074B66907F18AB66275B9D01CE3195F03B3ACEE33C36	어제 오후에 만났던 그 여자애다.	REVIEWED		645
dialogue	645		GM-ALL-dialogue-645--1	BEB9AEF8179C7C65648FB13B4EAD2E7CF2AEAA38F49A28854AFC8EA74D780EEA	소녀는 식판을 앞에 두고 구석 자리에서 혼자 앉아 있었다.	REVIEWED		646
dialogue	646		GM-ALL-dialogue-646--1	CB76CE78BF8DD9B62A72A5AD23E6AE7586B5449DF5F3BF98FFB01A6E045D215B	으음…	REVIEWED	BXY	647
dialogue	647		GM-ALL-dialogue-647--1	F06A36B02C18A894A175ABD0EC9CD6B4EAEC7332A108A80348386D42499519D7	혼자 점심을 먹으며 구석에 웅크린 모습이 유난히 자그마해 보였다.	REVIEWED		648
dialogue	648		GM-ALL-dialogue-648--1	B7D8CAA9C6008C7A7DA748344A192EB9325A5FA7DDE8FA37AAD5C478D896E101	같은 학교였구나… 진짜 우연이네.	REVIEWED		649
dialogue	649		GM-ALL-dialogue-649--1	9E72EBAE4A93A4D698E7F07CDEB94EF649F8E1158762648F1EB0856F8F33ED22	그 아이는 음식만 바라본 채 다른 생각이라도 하는 듯 조용히 식사를 하고 있었다.	REVIEWED		650
dialogue	650		GM-ALL-dialogue-650--1	A7F878B8CED1A7957C560D573E30DDBBC1696E38C370513AACBBF4BFF12E7F43	……	REVIEWED	LM	651
dialogue	651		GM-ALL-dialogue-651--1	A0C35B3E82A6F3CDBE004F7A9C7A05D6DEE39018B007773183D02B5659DF2FF9	어느새 점심을 다 먹었다.	REVIEWED		652
dialogue	652		GM-ALL-dialogue-652--1	F16B910CCFD9B7EDDA0AA9FD8057DD6FB2C89B95ECA02140D3A7D60DFA102D7E	다시 소녀 쪽을 보니, 여자애 몇 명이 그녀를 둘러싸고 있었다.	REVIEWED		653
dialogue	653		GM-ALL-dialogue-653--1	9F0C1088DD3C353C43A6AA9F176B7EC8776E7F10CC5BF0A06312A25C247F6DCA	바이셴위, 오후에 같이 다완광장 카페 갈래? 우리 기숙사 애들도 다 가기로 했어.	REVIEWED	L	654
dialogue	654		GM-ALL-dialogue-654--1	A7F878B8CED1A7957C560D573E30DDBBC1696E38C370513AACBBF4BFF12E7F43	……	REVIEWED	BXY	655
dialogue	655		GM-ALL-dialogue-655--1	B4D7F6A9C36075EBCF8EC8683237312D9260DE169DA2C9E03276042475AD77AE	소녀는 굳은 표정으로 이리저리 시선을 피하다가 점점 더 언짢은 얼굴이 됐다.	REVIEWED		656
dialogue	656		GM-ALL-dialogue-656--1	5894B6465C8414F64F128711AD6DD06189EF061AC1F0BCAA3C6044A81E4FB3A7	이 뒤에 볼일 있어.	REVIEWED	BXY	657
dialogue	657		GM-ALL-dialogue-657--1	3C7A26CCBDC088D038C1A00454F5355073D0BC1FE8DBBC4EFBA9436B05A595D4	그래도…	REVIEWED	L	658
dialogue	658		GM-ALL-dialogue-658--1	A7F878B8CED1A7957C560D573E30DDBBC1696E38C370513AACBBF4BFF12E7F43	……	REVIEWED	BXY	659
dialogue	659		GM-ALL-dialogue-659--1	EE832520E7D5E1CA490D36554BF8E10EC880143D753CDC833B7591001E28EFE6	그녀가 무척 험악한 표정을 짓자 말을 걸었던 여자애가 눈에 띄게 움찔했다.	REVIEWED		660
dialogue	660		GM-ALL-dialogue-660--1	4156F22B36AA68E72452D9D795A45B780B175234E12F1567DF9E914A51AB06CB	백발 소녀는 더는 한마디도 하지 않고 그대로 자리에서 일어나 떠났다.	REVIEWED		661
dialogue	661		GM-ALL-dialogue-661--1	4FD546D99D9E0B54E537610F322CF09AD76972AE25AC72B7B60266FF0FDDC7FC	기숙사장, 그냥 신경 쓰지 마. 좋게 같이 가자고 해도 우리한테는 표정 한번 좋게 안 보여 주잖아.	REVIEWED	L	662
dialogue	662		GM-ALL-dialogue-662--1	F8076A810B982F11A7FBA86911EF02DC8EEC34B120167E878CCE3D3EAF46A2AE	맞아… 맨날 인상 쓰고 있으면서 누구한테든 '나한테 다가오지 마~ 다가오지 마~' 하는 것 같다니까.	REVIEWED	L	663
dialogue	663		GM-ALL-dialogue-663--1	03998227B9F20A516B9887FED17683758090B0D93044C61C7021AC298493CB1E	나도 어쩔 수 없어. 심리위원이 나한테 기숙사장 책임 좀 다하라고 했단 말이야…	REVIEWED	L	664
dialogue	664		GM-ALL-dialogue-664--1	25D29CDF9F461B28D6CC9A450981420557C3531D750A017C096704FF1BE65780	쟤 진짜 무슨 정신질환이 있는 것도 아니잖아. 그냥 냅둬.	REVIEWED	L	665
dialogue	665		GM-ALL-dialogue-665--1	6880AE5BF8371923410932DD4A37AC58ED04F8194E6A77914D335352558E3CA7	게다가 집에서 통학한다며. 기숙사에 살지도 않는데 네가 무슨 책임이 있어.	REVIEWED	L	666
dialogue	666		GM-ALL-dialogue-666--1	13DE986AE1A9B9CD7503E266DAA4972D071E8E3E4B37B27B4301E232BE4CA2FF	여자애들은 그렇게 이야기하며 내 옆을 지나갔다.	REVIEWED		667
dialogue	667		GM-ALL-dialogue-667--1	A7F878B8CED1A7957C560D573E30DDBBC1696E38C370513AACBBF4BFF12E7F43	……	REVIEWED	LM	668
dialogue	668		GM-ALL-dialogue-668--1	E7F537E204876FDA13215A76CD8266376EE4933E3D36606A128376091956981D	바이셴위… 대충 그런 발음의 이름이었던 것 같다.	REVIEWED		669
dialogue	669		GM-ALL-dialogue-669--1	D76C28F7B2FF000A694532E19370E651594D91D389B952CF19B4CF06D16BA6E5	보아하니 남과 엮이는 걸 꽤 싫어하는 모양이다. 어제 나한테 그렇게 무서운 눈빛을 보낸 것도 이해가 간다.	REVIEWED		670
dialogue	670		GM-ALL-dialogue-670--1	E3B0C44298FC1C149AFBF4C8996FB92427AE41E4649B934CA495991B7852B855		EMPTY_CONTROL		671
dialogue	671		GM-ALL-dialogue-671--1	B943586A4EAD0037A94CFD5CDE53825F957DE08C8A18C52659303927AE746EC9	토요일은 오전 수업밖에 없어서 점심만 먹으면 이후로는 쉴 수 있다.	REVIEWED		672
dialogue	672		GM-ALL-dialogue-672--1	536A076E4514A65A09C81534A57DE528EDB8DC55C38E823DA056632D38AC88C6	이 다음엔 뭘 하지……	REVIEWED		673
dialogue	673		GM-ALL-dialogue-673--1	3E9989AB33013E4232CA3E4487235CE1EF42D1CABD59E45974842D8FEC99DCDF	돌아가서 적당히 게임이나 하고 소설 좀 읽다 보면 하루가 가겠지.	REVIEWED		674
dialogue	674		GM-ALL-dialogue-674--1	67D72B6090916F6A4533ED095E115C4C69F25CED2E18BC66A5B814E59ADCCAE5	딱히 하고 싶은 게임이나 읽고 싶은 소설이 없어도… 내가 움직일 수 있는 방법은 결국 이것뿐이다.	REVIEWED		675
dialogue	675		GM-ALL-dialogue-675--1	67B0952B97A2325FDAC21A4426F5EA433EA238451AC832AED7D763A8BC4A2E40	물론 시간을 때울 다른 방법도 있다. 어떻게 시간을 때울지 고민하면서 시간을 때우는 것.	REVIEWED		676
dialogue	676		GM-ALL-dialogue-676--1	9A5C51B142B4E4ED15D50923040C69B08F611E14CF2DEF9DF76346AFDC4A60C8	사실 그 자체가 제일 편한 시간 때우기다. 고민하고 또 고민하다 보면 어느새 잘 시간이 되어 버리니까.	REVIEWED		677
dialogue	677		GM-ALL-dialogue-677--1	91542A4256402B81BD09C43E8FA8C31EEBD8F3CD7B455F950EE150EC4F76DE02	…진짜 재미없네. 그렇다고 다른 걸 할 의욕도 안 나고.	REVIEWED		678
dialogue	678		GM-ALL-dialogue-678--1	5A817588695A38B61885B7B761CC64E35D2F17F4196BAA8D4B78440DA7859F0A	이유를 굳이 따지자면……	REVIEWED		679
dialogue	679		GM-ALL-dialogue-679--1	9E47839A2313B86C32AB6F2ABE577EC82B8B6AB5E906D9E7E868F73E2357A3AE	나중에 적당히 번듯한 직장을 잡아 먹고살고, 그다음엔 지금 같은 생활을 하루하루 반복하고… 그런 인생은 끝이 뻔히 보인다.	REVIEWED		680
dialogue	680		GM-ALL-dialogue-680--1	76C5B3AF8DBECE08CE1DEC022295B5E2BA0E30BF176DB2771C737AD4C70176A3	이렇게 재미없게 몇 년만 더 보내면 어느새 졸업이다.	REVIEWED		681
dialogue	681		GM-ALL-dialogue-681--1	9DC4055A0B2049244C85BA92F334CF56AF8D58B44EFA3F7B5ADC0BE3B9964B75	실제로 벌써 1년 반을 그렇게 보냈고.	REVIEWED		682
dialogue	682		GM-ALL-dialogue-682--1	0450287B7DA075C74F44B527716674187E4D7CDD05529216B3C7137182533289	그러다 졸업할 때 지난 몇 년을 돌아보면서 또 이런 말이나 하겠지.	REVIEWED		683
dialogue	683		GM-ALL-dialogue-683--1	2FD6154402E6C308471C1F040CF646226C41E1514CC2B6B8A03C3EACB7486E26	평범한 게 최고지. 평화 만세. 무사히 살아 있는 것만으로 충분하잖아.	REVIEWED		684
dialogue	684		GM-ALL-dialogue-684--1	98B2A2861D53FB1566197A3658D263317BDD0BE9205574716AE65EAE66176267	그 생각을 하자 나도 모르게 심장이 뛰는 왼쪽 가슴에 손을 얹었다.	REVIEWED		685
dialogue	685		GM-ALL-dialogue-685--1	0BFA2D87794D69FC7F0EA431F967CDA930A8AD70F845A25500BDA70ED22C51B0	……후…	REVIEWED	LM	686
dialogue	686		GM-ALL-dialogue-686--1	E21E842A6651D305E8087930DF6CA90BCAC76E91CB98887F7B1026C0800C4647	부모님이 모두 돌아가신 그해부터 지금까지, 마음 한구석이 늘 비어 있는 듯했다.	REVIEWED		687
dialogue	687		GM-ALL-dialogue-687--1	B2C39720B44B6C3BFF0B2BFACC1498B5193C5F44490AC76161BB91ACE53E92E9	뭔가 빠져 있다면 오히려 가벼워야 할 텐데. 왜 가슴은 반대로 더 답답한 걸까.	REVIEWED		688
dialogue	688		GM-ALL-dialogue-688--1	A7F878B8CED1A7957C560D573E30DDBBC1696E38C370513AACBBF4BFF12E7F43	……	REVIEWED	LM	689
dialogue	689		GM-ALL-dialogue-689--1	B230A0437D6CD33F7C2DF1780A17440460545659DF11EB30409947964E23942F	어제 갔던 그래플링 하우스가 떠올랐다.	REVIEWED		690
dialogue	690		GM-ALL-dialogue-690--1	55B770E6A647AF9344614191B31864A729F43BB9485EF5A836DE66325C201C17	――“여긴 평소엔 손님이 거의 없거든요. 또 놀러 와 주시면 정말 기쁠 것 같아요.”	REVIEWED		691
dialogue	691		GM-ALL-dialogue-691--1	7F589AD3822750A081F77DB18F4721C8271EB0F749DD36B8319A7C285764548D	…그냥 또 한번 가 볼까.	REVIEWED		692
dialogue	692		GM-ALL-dialogue-692--1	025F1198375919F9A2F6A62331632136A52D4AE64099C8506A29705A524B2097	딱히 특별한 이유는 없다. 늘 그랬듯 오늘도 뭔가 하면서 시간을 때우고 싶었을 뿐이다.	REVIEWED		693
dialogue	693		GM-ALL-dialogue-693--1	EEC5A5390BE26E514088913E04A3C17AA84CC44C57B422CA871180E6881ED63B	모추링이라는 사람이랑 미연시 얘기를 더 해 보는 것도 꽤 재밌을 것 같고.	REVIEWED		694
dialogue	694		GM-ALL-dialogue-694--1	E3B0C44298FC1C149AFBF4C8996FB92427AE41E4649B934CA495991B7852B855		EMPTY_CONTROL		695
dialogue	695		GM-ALL-dialogue-695--1	E3B0C44298FC1C149AFBF4C8996FB92427AE41E4649B934CA495991B7852B855		EMPTY_CONTROL		696
dialogue	696		GM-ALL-dialogue-696--1	E3B0C44298FC1C149AFBF4C8996FB92427AE41E4649B934CA495991B7852B855		EMPTY_CONTROL		697
dialogue	697		GM-ALL-dialogue-697--1	D38C3A2E2EFE1851E74E74E1AF645C38E0B668DF1FD5831301586FBFECD05F2C	…그러고 보니 저 간판 캐릭터 입간판이 밖에 나와 있는 건 처음 보네.	REVIEWED		698
dialogue	698		GM-ALL-dialogue-698--1	12E88D1377B2235C2861A38278C48A9D0A5BA114F5F16AAFD65C1AC80F5E44B3	너무 부끄럽잖아. 진짜 이걸 보고도 대놓고 들어갈 사람이 있나?!	REVIEWED		699
dialogue	699		GM-ALL-dialogue-699--1	9BDD4A19AA483E3315B2EA56DAFD341028F9BCFFC8BDFF75D69D23504F6C1880	사람이 별로 안 오는 것도 이 물건 때문인 거 아니야…	REVIEWED		700
dialogue	700		GM-ALL-dialogue-700--1	E3B0C44298FC1C149AFBF4C8996FB92427AE41E4649B934CA495991B7852B855		EMPTY_CONTROL		701
dialogue	701		GM-ALL-dialogue-701--1	071FCC5F4DCF50D6162116A0EC01D31FD844AB7281AC60C9C3B447570F1D3790	모추링은 카운터 앞에 앉아 키보드를 두드리고 있었다. 나를 발견하자마자 벌떡 일어나 활기찬 목소리로 인사했다.	REVIEWED		702
dialogue	702		GM-ALL-dialogue-702--1	63E2546374443F7704E06FAEDFF947CD152FA08FDDE9E3D24D52D3257BC2ED07	어서 오세요! …어! 또 놀러 오셨네요!	REVIEWED	MCL	703
dialogue	703		GM-ALL-dialogue-703--1	6396BA2729CD298FA0965031E2DEC11E3795ADA0F51F6EBA9AD0DEF3AC20B5BB	시간이 좀 남아서요. 잠깐 들렀어요.	REVIEWED	LM	704
dialogue	704		GM-ALL-dialogue-704--1	752B7F876860338B8A9C5C1245F63D5AD12E52703CA241687D0807F1B2153FEB	모추링에게 대답하다가 카운터 앞에 익숙한 뒷모습이 앉아 있는 걸 봤다.	REVIEWED		705
dialogue	705		GM-ALL-dialogue-705--1	3161D9C185E6417A506C09CCA514D80BA221DF7210B2F343940029C08B213618	샤오청?!	REVIEWED	LM	706
dialogue	706		GM-ALL-dialogue-706--1	779D81A1396FCBD63ED332C2484B06A5FCF1E3580E386C1FDAA8C60EA2278817	뭔가 책을 넘겨 보고 있던 한샤오청이 나를 알아보고 천천히 고개를 들었다.	REVIEWED		707
dialogue	707		GM-ALL-dialogue-707--1	1677CCB373F39A9F0E6DFF3720C34713B9F471172C79428C7C26477E1C2E00E3	아… 리밍, 안녕.	REVIEWED	HXC	708
dialogue	708		GM-ALL-dialogue-708--1	169DAE3056C4056CB9D5821EA272B9A4D7F750A4D251B0E9E566F8BD0DB64F4E	진짜 우연이네! 여기서 다 만나고.	REVIEWED	LM	709
dialogue	709		GM-ALL-dialogue-709--1	E9A1611D4AF2895674188B4F1927D0395E2990C4E4143BD0BB8C94BF582F27E3	…이거.	REVIEWED	HXC	710
dialogue	710		GM-ALL-dialogue-710--1	35C2C7DF3A406609A6C0CB384A2C0B347CB3989CDB09FC0E22A00DBF8E50E8D3	그녀는 손에 든 커다란 책을 가리켰다.	REVIEWED		711
dialogue	711		GM-ALL-dialogue-711--1	F2095E0519A7812B74C3B39D246388A45654A340DE0934F90178704585257F78	화집이었다. 온갖 미소녀 캐릭터가 인쇄되어 있었다.	REVIEWED		712
dialogue	712		GM-ALL-dialogue-712--1	1B5927A3DE9BD02AD1362843860E3138B72D7FF72F54CC34DEE75406CE950AAD	그녀 옆 탁자에는 화집이 십수 권이나 더 쌓여 있었다.	REVIEWED		713
dialogue	713		GM-ALL-dialogue-713--1	50019D5EFB2D18075987D613029DEDC577CAAF7C1588F30129AAAC4777B2B0DD	한샤오청은 자주 그림을 그리니까, 혹시 여기 영감 얻으러 온 건가?	REVIEWED		714
dialogue	714		GM-ALL-dialogue-714--1	A3E3A76260D541F65DDF3304DC86C8EF5D718D1A7BFA66F909E7B9668E0741F6	어? 두 분 친구예요?	REVIEWED	MCL	715
dialogue	715		GM-ALL-dialogue-715--1	D98514090F7AD46759BC19CBD02003C869DB382C86B4D54E38FA867E0A1F6DAC	응. 같이 있으면 안심되는 친구.	REVIEWED	HXC	716
dialogue	716		GM-ALL-dialogue-716--1	0EB506704D5D5461BEE665A1D95FD56F7E33F69E5CE58DB4AF8DCB5A1C559CA6	넌 안심되겠지만, 난 매일 네 뒤를 봐주느라 조마조마하거든.	REVIEWED	LM	717
dialogue	717		GM-ALL-dialogue-717--1	C5FA77F7CC2112B1774EFE17E72D57AEFD36BC656CA5C14995366CF30A267886	같이 있으면 안심돼… 응…	REVIEWED	HXC	718
dialogue	718		GM-ALL-dialogue-718--1	CC185E4762AD7DD673863B870903BC68D48A8880DA330FFE974539D114E468A9	그렇게 말하며, 익숙한 듯 자연스럽게 의자를 내 쪽으로 조금 옮겼다.	REVIEWED		719
dialogue	719		GM-ALL-dialogue-719--1	A5022600F4356CE34D4953E9E4384A8D52C57B54082B7EA19BE309AC8475285D	오셨으니 일단 앉아 계세요. 밀크티 가져올게요~	REVIEWED	MCL	720
dialogue	720		GM-ALL-dialogue-720--1	3D93C4873591FF74176BF153790547C4D575738A4548C34772A50F8159F4C906	저 아직 여기서 뭐 하나 산 적도 없는데, 그렇게까지 안 챙겨 주셔도…	REVIEWED	LM	721
dialogue	721		GM-ALL-dialogue-721--1	DC410A349908FCDEED43A78F10815B8FF7D0CD0A31C6D9957D12AA374385CCEC	아직도 그런 걸 신경 쓰세요? 저희 가게는 편하게 오시면 된다니까요!	REVIEWED	MCL	722
dialogue	722		GM-ALL-dialogue-722--1	57E43E52D5E1A85F103CD51F85AD6C32E22810494A995730BAD87186BF23C018	게다가 어제 말한 대로 진짜 또 놀러 와 주셔서 저 엄청 기뻐요!	REVIEWED	MCL	723
dialogue	723		GM-ALL-dialogue-723--1	E3C343728A4F6E0B3AFC15A09412EE03E9AA23D5D5008517C31E3C794E170AD2	모추링이 카운터 앞 높은 의자를 손짓하며 앉으라는 듯 권했다.	REVIEWED		724
dialogue	724		GM-ALL-dialogue-724--1	EB972FF29A635896835F7E8E717B4C43FF029F7A2B499570B4F69F29F4A10B2C	이렇게까지 반겨 주는데 억지로 거절하기도 뭐해서, 한샤오청 옆에 앉았다.	REVIEWED		725
dialogue	725		GM-ALL-dialogue-725--1	A7F878B8CED1A7957C560D573E30DDBBC1696E38C370513AACBBF4BFF12E7F43	……	REVIEWED	HXC	726
dialogue	726		GM-ALL-dialogue-726--1	BEF23C5ED6E328E5AF84A473A39595A2621BE58C8D43E2E5A287B10173AC2158	한샤오청은 진지하게 책장을 넘기고 있었다. 벌써 푹 빠진 모양이다.	REVIEWED		727
dialogue	727		GM-ALL-dialogue-727--1	24401FF04BAD3A6D9DD11D0E8EC9DC9B5BFEC0878AF4AF5C66F9C20FE59A6055	두 사람 원래 아는 사이였어요?	REVIEWED	LM	728
dialogue	728		GM-ALL-dialogue-728--1	1ABF0B7E3FE74A88EB32C3C1E855A59663EEEAC537503989A513A78CB0F67676	네, 한두 달 전쯤 일러스트 플랫폼에서 연락했어요.	REVIEWED	MCL	729
dialogue	729		GM-ALL-dialogue-729--1	35CC32897A44D076ECF4CCD0AEBF90EFA1107FFF784E142D9B29B8B7E7B082BE	그림을 다 그린 뒤에 실제로 어떻게 쓰였는지 보고 싶다고 여기까지 왔거든요. 그러다 친해졌죠~	REVIEWED	MCL	730
dialogue	730		GM-ALL-dialogue-730--1	A73EBC1634E93194276F37B9CED15CA78330206C9FD3CEE8404A32097E4B2D91	오~	REVIEWED	LM	731
dialogue	731		GM-ALL-dialogue-731--1	1A8873D59E2478743259CA3D94E9BECB9F39D6EFD3E33856C29BA60881A92E91	어!?	REVIEWED	LM	732
dialogue	732		GM-ALL-dialogue-732--1	2722A1376584BFD37D7B732B6818EFB92EF8E92E1EEAF52CE0AFD2CF61991D5E	일러스트레이터한테 의뢰했다고?	REVIEWED		733
dialogue	733		GM-ALL-dialogue-733--1	CCBEEF309C5576282E251A03EC0BC6F95056ADDB2AA844369CF0A71A29A05708	밖에 있는 저 입간판, 설마!?	REVIEWED	LM	734
dialogue	734		GM-ALL-dialogue-734--1	462E72774C770C594FCEF6FD7C78F2CD1A83008AD1734F29D6422D260B71C1AF	네네, 제가 부탁해서 그려 주신 거예요!	REVIEWED	MCL	735
dialogue	735		GM-ALL-dialogue-735--1	91E85079F7A36ABB1FBBD421B2A92B4C28792D65F597047E7BCE4CEEA5D54BFC	그 열쇠고리랑 안쪽에 있는 미연시 동인 포스터들도……	REVIEWED	LM	736
dialogue	736		GM-ALL-dialogue-736--1	2FAC62583E822219D1AB70E35EC792DAD4F1B6D0725FD5812DEF5916824CE85E	그것도 제가 부탁해서 그려 주신 거예요!	REVIEWED	MCL	737
dialogue	737		GM-ALL-dialogue-737--1	1AACD95579A5CB2550523F1221115234F531B8E298584B17D87E4716D742213B	어쩐지 그림체가 익숙하다 했어!	REVIEWED	LM	738
dialogue	738		GM-ALL-dialogue-738--1	60F9716C5E0C76468FF74DBA451D96D5F0704BFD2547FE562D378808B04C8C76	지금까지는 한샤오청이 러프 그리는 것만 봤는데, 채색하고 나니 이렇게 예쁠 줄은 몰랐다…!	REVIEWED		739
dialogue	739		GM-ALL-dialogue-739--1	A1DB74FCDC8F50C7F97D997EC0E6F21979A8A527F46C71409B599AFDCB119D4C	한샤오청 선생님 그림체가 딱 마음에 들어서, 간판 캐릭터는 꼭 선생님께 부탁해야겠다 싶었어요. 게임 캐릭터도 꽤 많이 그리셨대요.	REVIEWED	MCL	740
dialogue	740		GM-ALL-dialogue-740--1	7A0CEFED60DE0931E402C95368C7D5A2594BE0A9AC0027FF8801B0F2B92454DB	샤오청이 프로 일러스트레이터였어…!? 무슨 게임 그렸는데?	REVIEWED	LM	741
dialogue	741		GM-ALL-dialogue-741--1	FB706E0C3A0037C4D4154134BD9C1E71980FF666AF75E30AE9BF4958E07AAA9E	예전에 왜 프로 일러스트레이터 안 하냐고 물었는데… 이미 하고 있었잖아!?	REVIEWED		742
dialogue	742		GM-ALL-dialogue-742--1	46E3E7D17D7C8492690FB2E3C25E96CBC7841732194717C96A8CF9EA0245173E	모추링은 인기 서브컬처 게임 캐릭터 몇 개를 말했다.	REVIEWED		743
dialogue	743		GM-ALL-dialogue-743--1	A7F878B8CED1A7957C560D573E30DDBBC1696E38C370513AACBBF4BFF12E7F43	……	REVIEWED	LM	744
dialogue	744		GM-ALL-dialogue-744--1	87396DDBF2869C523C8BFE6B7532D13D4DF078E521448B442230E6201480275E	나, 매일 이렇게 대단한 사람이랑 같은 교실에서 수업 듣고 있었던 거야?	REVIEWED		745
dialogue	745		GM-ALL-dialogue-745--1	1A1A2143E2F15B8E72B3A6823022B7D9F58241941DB682CD704D7747898F6C08	앞으론 한샤오청한테 말할 때 존칭이라도 붙여야 하나.	REVIEWED	LM	746
dialogue	746		GM-ALL-dialogue-746--1	33A24CBF8B9736DE370393C3E957A69678ACBB97906E33BBB09E5D7C2F749E47	샤오청 선생님.	REVIEWED	LM	747
dialogue	747		GM-ALL-dialogue-747--1	03D663993BD898C025BEA7BA5017C6015E782E6A1F8B685DF584211B546AE3FA	시험 삼아 한번 불러 봤다.	REVIEWED		748
dialogue	748		GM-ALL-dialogue-748--1	EE53F7006E15BFB07C165487B210FF3EAF0E3DFC0323312B03A22C2393937FE4	으억!	REVIEWED	HXC	749
dialogue	749		GM-ALL-dialogue-749--1	AC42AA054451FFCC44B5061631F03B6E2B170DB3A9351B3E811A3D1A0D3B81F9	화집을 보던 한샤오청이 화들짝 몸을 떨며 떨리는 신음을 냈다.	REVIEWED		750
dialogue	750		GM-ALL-dialogue-750--1	8549685E91F5C674F102FF6A3C395C39BD0B5F8B6F8273AB3A89A3E51928DFC3	반응 너무 크잖아! 모추링이 부를 땐 왜 그런 반응 없었는데!?	REVIEWED		751
dialogue	751		GM-ALL-dialogue-751--1	C4CC585259B01BA917CCA50E81C5136211BCE7AB9C12943CEA3F8615C3ACA887	왜 심장이, 갑자기 이렇게 빨리 뛰지… 그런데 등은 서늘하고… 이상한 느낌…	REVIEWED	HXC	752
dialogue	752		GM-ALL-dialogue-752--1	22397FD5B8643C0A34A1C8E78DEF84298357BE9DE402432ACFAA18F732D4285B	그거 기쁜 거야, 무서운 거야?	REVIEWED	LM	753
dialogue	753		GM-ALL-dialogue-753--1	DA01A258A3D1D04B12C1C1DA6F0DC73E59B7A7F21E5DBCA8337B54A4F815358F	…모르겠어…	REVIEWED	HXC	754
dialogue	754		GM-ALL-dialogue-754--1	239DADE2694F7EBD68512DC471A408D569289891A176ED554CA49DAE5EC89594	샤오청 선생니임~	REVIEWED	LM	755
dialogue	755		GM-ALL-dialogue-755--1	37DA57FE768BE97CCF8FA3EA842E3CA01E8A1D27B1FA7C3D5E2EBE2638D3B954	하… 하아, 아마… 기쁜 것 같아…?	REVIEWED	HXC	756
dialogue	756		GM-ALL-dialogue-756--1	92C5C7FE47D3B2A48B152586903E24A8FBAD5E87CE1842B294BAE6698F40AC6A	그러고 보니 모추링이 두 달 전에 한샤오청에게 간판 캐릭터를 부탁했다고 했다.	REVIEWED		757
dialogue	757		GM-ALL-dialogue-757--1	2BA10C6B2D0361CC1F29FA821C970DD78BF385CF22A755C8951A4987BFFBD196	두 달 전—그럼 내가 한샤오청을 막 알게 됐을 때잖아?	REVIEWED		758
dialogue	758		GM-ALL-dialogue-758--1	6C28F432A0B2D2ED93E720D13E528283E153153DDCFC814F7DEBDF24E8F0B87F	그때 얘가 볼륨감 있는 몸을 죽어라 연습하면서… 엄청 고민하고 있었지.	REVIEWED		759
dialogue	759		GM-ALL-dialogue-759--1	CFC4426F9DD220F97BDE870194333ED289EC1B6DF880730EB61668E9ABA8D821	그래플링 하우스 간판 캐릭터를 그리려고 했던 거였구나.	REVIEWED		760
dialogue	760		GM-ALL-dialogue-760--1	96E30489ABD327747F945EBA09BFEFAC940E4D3AE23014EB4980FD5001D8AF44	이 얘기를 계기로 모추링에게 내가 한샤오청을 처음 만난 이야기도 해 줬다.	REVIEWED		761
dialogue	761		GM-ALL-dialogue-761--1	F23C62D2721E8ABBF0B7D232B072FC3FA5BFC8C57158B1DCC890422BB719BC5A	어쩌면 이쪽이랑 인연이 있으신 걸지도 모르겠네요!	REVIEWED	MCL	762
dialogue	762		GM-ALL-dialogue-762--1	87E2038F72C1BDEF9721442FD46D3220B29832B1BF3709522CCA7110838010DE	내 옆자리에 앉는 애가 이 가게 간판 캐릭터를 그렸을 줄은 나도 몰랐어요.	REVIEWED	LM	763
dialogue	763		GM-ALL-dialogue-763--1	8EF7ACDAB2E55A1A480B99EB247D74AECD230A7AC3473FB1883666E14676E62D	그 캐릭터, 이상하게… 보이진 않지?	REVIEWED	HXC	764
dialogue	764		GM-ALL-dialogue-764--1	C4009B8F4CF547EA3D5277B3D20482676A1198D9CAC5F9E53A8307A29AAD353C	이상하긴커녕… 너무 잘 그려서 오히려…	REVIEWED	LM	765
dialogue	765		GM-ALL-dialogue-765--1	9D76F2FF15B6D3A1667384B8222C3C805D1E53CB13BCC0EE57DAE64D82746CD5	덕력이 좀 높은 나조차 밖에서는 대놓고 보기 부담스러운데, 다른 사람들은 말할 것도 없다.	REVIEWED		766
dialogue	766		GM-ALL-dialogue-766--1	3ACACA29EBA6BD1860541986DFE91ACC76A64CF7705CCCE2AB02481AEAB3F38C	그리고 진짜, 두 달 전에 네가 보여 준 러프보다 훨씬 좋아졌어.	REVIEWED	LM	767
dialogue	767		GM-ALL-dialogue-767--1	6F282CE710165B25507DB9FE5781F442F7366661371600C87F6B8F1A7D428F47	…아…	REVIEWED	HXC	768
dialogue	768		GM-ALL-dialogue-768--1	6993992A743D068C97F6661E24E78F43D3E9659443FA35C17E2AF5852BCD0396	채색하고 나니까 느낌도 완전히 다르더라. 그 과정에서 대체 무슨 일이 있었길래 그렇게 크게 달라진 건지 궁금할 정도야…	REVIEWED	LM	769
dialogue	769		GM-ALL-dialogue-769--1	6F282CE710165B25507DB9FE5781F442F7366661371600C87F6B8F1A7D428F47	…아…	REVIEWED	HXC	770
dialogue	770		GM-ALL-dialogue-770--1	61AD704074D4EFF9377AE1818FEB032A7ABE01BBADD6E509A2E4816115AEA436	눈이 반짝반짝 빛나는 것 같다.	REVIEWED		771
dialogue	771		GM-ALL-dialogue-771--1	8813D0B9914A33E2D83203CBDECD1C82E40F2232E53E6479A3DA47654D63AFB3	자기 그림 칭찬받는 걸 되게 좋아하나…	REVIEWED		772
dialogue	772		GM-ALL-dialogue-772--1	99986F189BC0CD13609F81D2E83BB90B40B4497AEAB7E8A5B5E28673CE191EE7	한샤오청은 화집을 덮고 내 쪽으로 조금 더 가까이 다가왔다.	REVIEWED		773
dialogue	773		GM-ALL-dialogue-773--1	431C271AB4DC15C8787E0703DE05DDE81E8B743A8557A184FCD2E11565C8CF8B	거리감 따윈 전혀 신경 쓰지 않는 모습에, 나는 어색하게 상체를 뒤로 젖혔다.	REVIEWED		774
dialogue	774		GM-ALL-dialogue-774--1	DEF8DA4469887C36054AF4B2A77B823B0C0AFE81A96572AD08CD9F074EA1923B	많이… 궁금해?	REVIEWED	HXC	775
dialogue	775		GM-ALL-dialogue-775--1	23C77AE11B382A58B7DD122BFD8C62421F5B91CA57D2B03A2544490330E909E3	어?	REVIEWED	LM	776
dialogue	776		GM-ALL-dialogue-776--1	CDBA51655EAD9329B7E0028854C9AB373C0FACF1D3D40D6E1D5F71BB1DE15557	보고 싶어? 채색하는 거.	REVIEWED	HXC	777
dialogue	777		GM-ALL-dialogue-777--1	6465C5628BF6798A72FA4A23FB36D84726FA873E8A771383423F7941A7E40E7C	그녀는 기대에 찬 얼굴로 나를 바라보며 더 가까이 다가왔다. 살짝 따뜻한 숨결이 느껴질 정도였다.	REVIEWED		778
dialogue	778		GM-ALL-dialogue-778--1	92803ECC608A5AF02EDADD7EBB08B3FC6155F74B5A1B5EB9AAC2AD4CDB8FED8E	내가 채색하는 과정을 봐 줬으면 하는 건가?	REVIEWED		779
dialogue	779		GM-ALL-dialogue-779--1	DCBC49D63A39B7D526ABE9AEF37DF50829C18E6E6235CF57CDBDCB9E98A18199	귀찮지만 않다면 나야 보고 싶지… 이런 2D 캐릭터를 남이 그리는 과정은 거의 본 적 없거든.	REVIEWED	LM	780
dialogue	780		GM-ALL-dialogue-780--1	8AD369827952441C91C473703796D49B79CAF8FFE73C96D1EAFDD2FB4E5413C6	진심이다. 하얀 종이 위에 아무것도 없는 데서 미소녀를 뚝딱 만들어 내는 게 늘 신기했다.	REVIEWED		781
dialogue	781		GM-ALL-dialogue-781--1	FA65E5F3A08354927660269BBB62DC927815D4E32531B376D42CBE5571A3253C	전에 '이렇게 심심하게 살 순 없어' 싶어서 미소녀 그리는 법을 찾아봤는데, 죄다 수백 시간짜리 영상이라 시작도 하기 전에 질려 버렸다.	REVIEWED		782
dialogue	782		GM-ALL-dialogue-782--1	9A64ADD7C50BA7DBF484BE3DBF10E6A800AE267795B22FDFDEE7E7023E9A77C5	…응!	REVIEWED	HXC	783
dialogue	783		GM-ALL-dialogue-783--1	B3817BE23B7550A992D8C0345105E0805291767D040E79936FD9B4759254D313	한샤오청은 힘차게 고개를 끄덕이고 의자에서 일어나 가게 안쪽으로 향했다.	REVIEWED		784
dialogue	784		GM-ALL-dialogue-784--1	11CE65C912DBE964AE4311C92D88653026A99A66AAA55EE51C5BCD00FA486155	얼마 지나지 않아 거대한 장비 하나를 들고 돌아왔다.	REVIEWED		785
dialogue	785		GM-ALL-dialogue-785--1	D206BC36BDFD2465A942A9CBA1F2A7E3B4B0894248F5424EE97FF6D785084E49	태블릿? 그것도 아닌 것 같은데. 20인치는 훌쩍 넘어 보이고 버튼도 잔뜩 달려 있다… 대체 뭐지.	REVIEWED		786
dialogue	786		GM-ALL-dialogue-786--1	E3A40E24D670C73CE4DEBC34D831F0DD1C9FDE9CE3C877CA78BA111A4A1B67FE	이걸로 그림 그리는 거야?	REVIEWED	LM	787
dialogue	787		GM-ALL-dialogue-787--1	5C7A9F97ADB5BED9D4C6ACA666DFFD0E37FDA970EBCFC2C8C0060523A483E295	응.	REVIEWED	HXC	788
dialogue	788		GM-ALL-dialogue-788--1	F02B245980F78B0DBEE7011AD3B4EE5FF852DC9B800319CAFB893CBD3010D335	그녀는 커다란 태블릿(?)을 탁자 위에 올리고 전원을 켰다.	REVIEWED		789
dialogue	789		GM-ALL-dialogue-789--1	8C61B2766F67EDEF0BA6922C720B214B0EFCF8D22AF38EBEF292DBC08268608E	이런 건 처음 보네… 요즘 일러스트레이터는 다 이런 걸로 그려?	REVIEWED	LM	790
dialogue	790		GM-ALL-dialogue-790--1	8AA4187509AA5AD42147DFE8A95798ACF42B2F064263784B96FEAAC86E2DCDCF	이건, 액정 타블렛… 판 타블렛도 있고, 태블릿도 있어.	REVIEWED	HXC	791
dialogue	791		GM-ALL-dialogue-791--1	80465B4D6013B87D7138B6AC3CA80E368B9632E194E7669A6B21638ED7BBEA43	아, 액정 타블렛이라고 하는구나. 평소엔 맨날 태블릿으로 그리던데.	REVIEWED	LM	792
dialogue	792		GM-ALL-dialogue-792--1	7F306F972758452D3E99810338A7B379FE3D57664F5EDFA82FA4EA2A7AF0D963	그리고 태블릿으로 그릴 때는 채색하는 걸 본 적이 없다. 전부 러프뿐이었다.	REVIEWED		793
dialogue	793		GM-ALL-dialogue-793--1	1B94F1037615720D5E81842407C8AE576DBA90100273441529ED556CB6305B7A	태블릿은, 할 수 있는 게 적어서 연습용. 액정 타블렛은 작업용인데, 무거워… 그래서 하나 사서 여기 놔뒀어.	REVIEWED	HXC	794
dialogue	794		GM-ALL-dialogue-794--1	343D704A1C00AED0832593C4790F31E4B0EB5630149507430BFBFE9B00231FAF	여기 놔뒀다고?	REVIEWED	LM	795
dialogue	795		GM-ALL-dialogue-795--1	2EB546C694CB8394EBB1806B487C7953F6BDCF7BBFB8EF6989BAB29AC259952F	나는 모추링을 바라봤다.	REVIEWED		796
dialogue	796		GM-ALL-dialogue-796--1	2325A38196AA7B5F97145A32835E089DA8C0374C733C9AABC95546452EE7C6B0	처음 만난 뒤로 한샤오청 선생님이 몇 번 더 오셨어요… 매번 이 액정 타블렛을 힘들게 짊어지고 오셔서는, 여기가 영감 얻기 좋다고 하시더라고요.	REVIEWED	MCL	797
dialogue	797		GM-ALL-dialogue-797--1	61E58D3C42BE66659289C1B1269E704A21431A95E7CCE6D54D72605E48D05FD3	어제는 미처 몰랐는데, 여기엔 화집도 엄청 많이 들어와 있었다.	REVIEWED		798
dialogue	798		GM-ALL-dialogue-798--1	D4BE75842C16210E45469F05452C2F03202CDCB1DEE389C54CB4D8EA2FC29785	다른 사람이 그린 미소녀에 둘러싸여 있으면, 그림 그리고 싶어져서. 그래서 왔어.	REVIEWED	HXC	799
dialogue	799		GM-ALL-dialogue-799--1	037AB189214A4391437220CA74AEA0753C7EBC4EC134E5A595218774052F126F	공부할 때 독서실 가면 더 잘되는 것 같은 거야?	REVIEWED	LM	800
dialogue	800		GM-ALL-dialogue-800--1	E32C39E1305BB325941975F972167179F4DEE6043034FD4B0941EB6099D70A35	간판 캐릭터 그려 주신 게 큰 도움이 됐으니까, 선생님 액정 타블렛 놓을 자리도 따로 비워 뒀죠.	REVIEWED	MCL	801
dialogue	801		GM-ALL-dialogue-801--1	7E7791193B770EDB35A27341C224524F493BAD776D3761C6E17034847A18FC06	그렇구나… 그런데 이거 얼마야? 하나를 새로 사서 둘 정도면.	REVIEWED	LM	802
dialogue	802		GM-ALL-dialogue-802--1	73685901D66C95E84B2A7BB41B32FE1210C5A63F169680304858E55B0EF24E2C	아마… 얼마였더라… 5만?	REVIEWED	HXC	803
dialogue	803		GM-ALL-dialogue-803--1	A365A6D9553A8A69FC28E9D0D25331439A93C5D2379E5C0C59E9A3852EAE6259	얼마!?	REVIEWED	LM	804
dialogue	804		GM-ALL-dialogue-804--1	C3BAAFBC2F45C2674E89266131790FF51475EE4DC691A05756F077A386E88BA2	그림 그리는 데 돈 엄청 드네!?	REVIEWED		805
dialogue	805		GM-ALL-dialogue-805--1	632A3207610BE2EC226DE0270D76E000FAF0D379118F8F9B1F354095AEC891F5	나와 모추링은 카운터 앞에서 한샤오청을 둘러싸듯 앉았다.	REVIEWED		806
dialogue	806		GM-ALL-dialogue-806--1	1E07582C1842CED2A612418BAB09B60AC459A730B840F3926C50A7DD73F64A19	내가, 뭐 그리는 거 보고 싶어?	REVIEWED	HXC	807
dialogue	807		GM-ALL-dialogue-807--1	DCDB74E74635AE118B7B5EF467CCC3127512C636EB3586A9ECDC58B657FF7902	그렇게 묻는 얼굴은 기대감으로 가득했다.	REVIEWED		808
dialogue	808		GM-ALL-dialogue-808--1	E3B0C44298FC1C149AFBF4C8996FB92427AE41E4649B934CA495991B7852B855		EMPTY_CONTROL		-1
option	808	0	GM-ALL-option-808-0	BA582FF45DE430B3E0F8567503F379088BA6EAA777E45B087FCD68221D085C5C	코	REVIEWED		-1
option	808	1	GM-ALL-option-808-1	C91AD759B86042AAE82E498155F44875AB7E3D58048B50EE85D83A31341507AB	가슴	REVIEWED		-1
option	808	2	GM-ALL-option-808-2	9069CC8F2C62B4B449DBE7AD49BA0D4E18C083465EAF1231EE847C0171918FFF	눈	REVIEWED		-1
dialogue	809		GM-ALL-dialogue-809--1	F6449C77840C6DE44FA6864DBCA130CECF90AF9998ADE13D1BE61E028386F79F	코는, 점 하나면 돼.	REVIEWED	HXC	810
dialogue	810		GM-ALL-dialogue-810--1	5A4341B79398EF031DC6C562D12F5793685D5BB8E6E076992698C051232E74E4	그렇게 간단해?!	REVIEWED	LM	811
dialogue	811		GM-ALL-dialogue-811--1	7612EB321D5F76A040F5E1313107D2720A6279766FA931ED9906AE8224A4FD64	많이 그리면, 오히려 안 예뻐.	REVIEWED	HXC	812
dialogue	812		GM-ALL-dialogue-812--1	836765D135098061383001FB30F0BD88253383E30B93E3D3CC8BF9F1F8DF3EAB	그럼 다른 걸로 하자.	REVIEWED		808
dialogue	813		GM-ALL-dialogue-813--1	E7242266670DBFEAA5C61E8C44A936481D4CF5B424826ED6FF59716D00E83ED6	왜 내 머릿속에 이런 선택지가 있는 거야!?	REVIEWED		814
dialogue	814		GM-ALL-dialogue-814--1	103D534C34C6F8D8C5580C397519B4C9ED693C0452C24AEDF02967D49B77845F	아무리 안 지 오래됐다고 해도 갑자기 네가 슴가 그리는 거 보고 싶어~ 같은 말을 하는 건 좀 그렇잖아!!	REVIEWED		815
dialogue	815		GM-ALL-dialogue-815--1	5F7713DB4B29DEEF864874F6DA14983ACA4BFBBBF2C968383999F33A0CFC9564	물론!! 보고 싶은 건 맞지만!! 그래도 최소한 모추링 없을 때—	REVIEWED		816
dialogue	816		GM-ALL-dialogue-816--1	E8D950DEF27F97955F5728ED1F833FAC077F248C25660112BA9C35B5546FD8FA	간판 캐릭터 그려 주시면 안 돼요!	REVIEWED	MCL	817
dialogue	817		GM-ALL-dialogue-817--1	F0617690D2B084609C49F09ED3E998B7EE4717D1AC644BC14704B7197A451A17	너무 커서, 그리기 어려워.	REVIEWED	HXC	818
dialogue	818		GM-ALL-dialogue-818--1	F9E9726C3CBA9516F94F7C0514FF7FF9AC4EEE99FD09299C7A029CA86F3FA8D8	우우…!	REVIEWED	MCL	819
dialogue	819		GM-ALL-dialogue-819--1	A7F878B8CED1A7957C560D573E30DDBBC1696E38C370513AACBBF4BFF12E7F43	……	REVIEWED	LM	820
dialogue	820		GM-ALL-dialogue-820--1	3BF8A1DB8CFC071E2D91F9A0FF25B2C9842317D5FBAAF3E96AB132DDE509EAF1	옆에 더 천연인 녀석이 나타났다!	REVIEWED		808
dialogue	821		GM-ALL-dialogue-821--1	89874421CD918C61D2067F584B02E6614998DEE1A39BE75CBE8B02AFC7D0989F	…눈? 평소에 샤오청이 그리는 눈은 선 몇 개뿐이었잖아. 채색하면 그렇게 예뻐지는 줄은 몰랐어.	REVIEWED	LM	822
dialogue	822		GM-ALL-dialogue-822--1	FB7D9A7D8150AD38EECE08392512E3EB3D5A26C2EA3E08C7F25092AB60E03D9D	오오, 저도 그런 느낌이에요! 한샤오청 선생님이 그린 눈은 보석처럼 반짝반짝해요!	REVIEWED	MCL	823
dialogue	823		GM-ALL-dialogue-823--1	87EDDE57F118D82EF628F3BC65638BDE6F3E73D1F4BCAF4429300789F7C70006	……응.	REVIEWED	HXC	824
dialogue	824		GM-ALL-dialogue-824--1	18218E302B19440644825F86F2B11B87B0B79354B2B19AB451996611A5246081	한샤오청이 나를 향해 살짝 웃었다—평소엔 이야기가 잘 통할 때나 볼 수 있는 표정이다.	REVIEWED		825
dialogue	825		GM-ALL-dialogue-825--1	4695B37189FCDBB0B30A2403592E30352BCA189CDD0878E5A524047E10106116	그녀는 액정 타블렛 위에서 빠르게 손을 움직였고, 순식간에 모에풍 미소녀 눈의 선화가 완성됐다.	REVIEWED		826
dialogue	826		GM-ALL-dialogue-826--1	3D38EBB8788E336A94D9603FD379FAABB6AEBF42EA9F63E60CD6DB1668338994	그리고 채색… 여기는 눈꺼풀 그림자… 그다음 동공을 그리고…	REVIEWED	HXC	827
dialogue	827		GM-ALL-dialogue-827--1	EFEB720AE5791C9CCF3FAB75886ED3C50BBB6FD6E8C1B02C4752733ED13BFF25	좀 무서운데.	REVIEWED	LM	828
dialogue	828		GM-ALL-dialogue-828--1	4C72177C4954243E132C4CF097979C1614C80EA5F879322025CA584FD36F0059	하이라이트 넣으면, 안 무서워.	REVIEWED	HXC	829
dialogue	829		GM-ALL-dialogue-829--1	2462017B382962C88D413639151E72E00D55DB0703D253E7DBA3DCFE1EAE7C84	그녀는 눈 가장자리에 흰색을 몇 번 톡톡 찍었다.	REVIEWED		830
dialogue	830		GM-ALL-dialogue-830--1	B0DD6F1BCD437E2C42DA55D23BECECA4BEBB3E2C467665034538378CD91F9D25	신기해!? 갑자기 살아 있는 것 같아!	REVIEWED	LM	831
dialogue	831		GM-ALL-dialogue-831--1	C9FF83DC6CCB93C66001AD88342CC9E34AEC686DA2B70F66767B5D5F3B51AA86	오오! 진짜네요!	REVIEWED	MCL	832
dialogue	832		GM-ALL-dialogue-832--1	4E6DC355D6A8A7D0FBD91A1FBA7E0C0C4212B4B0CA1B64999B803294E115802E	응, 응… 그리고 여기에도, 반사광 더 넣고…	REVIEWED	HXC	833
dialogue	833		GM-ALL-dialogue-833--1	BACFD44E17665B619D08FB7185B621348CA41E0AF0ED3176C6870CCA3E0183E5	금세 모추링이 말한 '보석 같은' 눈이 완성됐다.	REVIEWED		834
dialogue	834		GM-ALL-dialogue-834--1	FAF3115E08C4E18C5B2980168EC74D1DE03084E32D3461D911A864E3D41C2DAA	눈 하나 그리는 데 이렇게 과정이 많구나… 어쩐지 그림 볼 때 눈 디테일이 엄청 많다고 느꼈어.	REVIEWED	LM	835
dialogue	835		GM-ALL-dialogue-835--1	2D0F4BCB06537C85B933FE4A41A0ED0E326096FA989D44D1E309DA613DD6504B	응, 눈 그리는 법이 바뀌면, 그림체도 바뀌어…	REVIEWED	HXC	836
dialogue	836		GM-ALL-dialogue-836--1	12B9B612C42DBAAC13CFF37DA2B4FFD7943B6143EE2DD9A13784297898A7ACB2	그림체는 눈 그리는 법으로 결정되는 건가요?	REVIEWED	MCL	837
dialogue	837		GM-ALL-dialogue-837--1	8EC6A39677C61B5EA416C0CE4ABEB90142856120E1B5122E95529EC9667E4DD3	…그건 아닌 것 같은데… 그래도, 중요해.	REVIEWED	HXC	838
dialogue	838		GM-ALL-dialogue-838--1	1933A8AE63B35FE6CDA7871594D36F838FF861CB6B6051C6AD85D65D141E4414	나야 2D 미소녀를 볼 때 일러스트레이터마다 그림이 다르다는 정도만 느꼈지, 왜 다른지는 설명하지 못했다.	REVIEWED		839
dialogue	839		GM-ALL-dialogue-839--1	C6913491E11C83EF126A7D982F66C46BC564FA62DF1405AD0F85AE8B7CCFF8DD	이게 프로 일러스트레이터가 보는 차이인가? 눈이 이렇게 중요한 거였구나.	REVIEWED		840
dialogue	840		GM-ALL-dialogue-840--1	6C7CAAEB506EEC5C606BFC04B9D2FCE58C0B293E1720072BE620CC2AAED8AC8E	그리고… 바깥쪽도 그려야 해.	REVIEWED	HXC	841
dialogue	841		GM-ALL-dialogue-841--1	B627F38FA82E14EE61A88E7BB0B6FB7B8E7EFEF8F4E03CBF6FCA205A2BCD97A3	그녀는 분홍색을 골라 눈꼬리에 살짝 칠했다.	REVIEWED		842
dialogue	842		GM-ALL-dialogue-842--1	10EE83FA5F4F97BBD0E9895864D85D7DBAED673893C5FE6B8D5D21795F531962	화장하는 것 같네요. 재밌다!	REVIEWED	MCL	843
dialogue	843		GM-ALL-dialogue-843--1	C3AF6A52DFC7B03D971F74175E42B05C7CA519B9AC4B3D270833B51F3338C467	응… 요즘은, 다들 아이섀도도 그리고 속눈썹도 길게 그려.	REVIEWED	HXC	844
dialogue	844		GM-ALL-dialogue-844--1	E80F5BCCE5DE3989C92B3BA99371DB930A622BE76F7BAD7031436A0A631D7588	예술은 삶에서 나오는구나.	REVIEWED	LM	845
dialogue	845		GM-ALL-dialogue-845--1	DBBCA5DCACC8BA0500FC52D8A3C321B4EB1C1AA7BAF0F58A96B7CC318032C58B	채색을 마친 한샤오청은 펜을 내려놓고 만족스러운 듯 한숨을 내쉬었다.	REVIEWED		846
dialogue	846		GM-ALL-dialogue-846--1	4EE98B43CDE8AFF0652790714BF0E6931F66A82086A580EB8C0E53D05EBE0413	너도, 해 볼래?	REVIEWED	HXC	847
dialogue	847		GM-ALL-dialogue-847--1	CB5D8FD7C38BE52AF1AC6655BE2F538C8D79597A6E1BD562B46C10D5CE84423F	나… 내가!? 나 그림 재능 없어! 초등학교 미술 시간 이후론 그려 본 적도 없다고!	REVIEWED	LM	848
dialogue	848		GM-ALL-dialogue-848--1	116DE2F63BFE1ACE5DFCB202CEE4646B89E42CA15F8A753632B77F5E81790531	괜찮아. 그림은, 재능 없어도 돼.	REVIEWED	HXC	849
dialogue	849		GM-ALL-dialogue-849--1	D6C96AB7B20FED4F2346727B23D17325ACBA625371B031DF0393BABEDA55CA95	진짜냐, 이게 천재의 자신감인가!?	REVIEWED		850
dialogue	850		GM-ALL-dialogue-850--1	CEE342754D2EB5A3804D2AE323DD89947F74987EE624C83FCBD69370BE6E797D	…웃지 마라.	REVIEWED	LM	851
dialogue	851		GM-ALL-dialogue-851--1	36457FF7211098F8DC017FA2FD69972BF93AB1B387074FD0140136AD8AFA8FEA	에헤.	REVIEWED	MCL	852
dialogue	852		GM-ALL-dialogue-852--1	F79EA1C6AE7D9D4746433D5B8B8ADCA5EC4FBA9DE2F36E713343D95D69EF28C4	왜 벌써 웃어!?	REVIEWED	LM	853
dialogue	853		GM-ALL-dialogue-853--1	8347645741B98D0D68F2C3F8E6FDEE1D759431364137E44ABA3003D7CC735611	한샤오청은 펜을 내 손에 쥐여 주고 자리에서 비켜났다.	REVIEWED		854
dialogue	854		GM-ALL-dialogue-854--1	A7F878B8CED1A7957C560D573E30DDBBC1696E38C370513AACBBF4BFF12E7F43	……	REVIEWED	LM	855
dialogue	855		GM-ALL-dialogue-855--1	128CB57E794BAFFC28BD2E44FAD532B55AAB8668E428654F40D6DA67304B3058	가게에 걸린 포스터들을 둘러보다 아무거나 하나 골라 따라 그리기 시작했다.	REVIEWED		856
dialogue	856		GM-ALL-dialogue-856--1	455E362773620F1CF007C349F779929AED4B8D88F0651CBD859EAF32F3206311	왜… 왜 이렇게 미끄럽지…! 조작하기 너무 힘들어! 진짜 종이에 펜으로 그리는 거랑 완전히 다르잖아.	REVIEWED		857
dialogue	857		GM-ALL-dialogue-857--1	67C37E0248F202F091673F868A58025597C5F342C86AE21C4FFC32E5C77A9881	으아… 못생겼어, 너무 못생겼어! 머리부터 그려야 해, 눈부터 그려야 해? 눈은 좌우 대칭도 안 맞잖아!	REVIEWED		858
dialogue	858		GM-ALL-dialogue-858--1	DC5D8AE77959ED9CC8F5A5F82DED3FFD0B51FDE86A0316E1B6015249CF4D8D59	똑같이 사람 손 달고 태어났는데 저 사람들은 어떻게 미소녀를 그려 내는 거야!?	REVIEWED		859
dialogue	859		GM-ALL-dialogue-859--1	91E4729719893C4B519A3490A576C455B1F763597F7B1CF6CC0D40D2151DFAC2	……다 그렸다.	REVIEWED		860
dialogue	860		GM-ALL-dialogue-860--1	A7F878B8CED1A7957C560D573E30DDBBC1696E38C370513AACBBF4BFF12E7F43	……	REVIEWED	LM	861
dialogue	861		GM-ALL-dialogue-861--1	A7F878B8CED1A7957C560D573E30DDBBC1696E38C370513AACBBF4BFF12E7F43	……	REVIEWED	LM	862
dialogue	862		GM-ALL-dialogue-862--1	A7F878B8CED1A7957C560D573E30DDBBC1696E38C370513AACBBF4BFF12E7F43	……	REVIEWED	LM	863
dialogue	863		GM-ALL-dialogue-863--1	1DA70D94A0CD3D0EC57151B0D148EF16B8F0F6F1665BB599A96C6BC0C51C593D	너무 못생겼어!! 살려 줘!! 이게 내가 그린 거라고!?	REVIEWED		864
dialogue	864		GM-ALL-dialogue-864--1	91F43249D870C85A7B865D1B447406140DCC689E668EC75B113FA8129AB13CB8	이거 CLANNAP의 그 캐릭터죠? 엄청 닮았어요!	REVIEWED	MCL	865
dialogue	865		GM-ALL-dialogue-865--1	EB33EE68EB6A414541DD5328F2E908232DABDD80440D9757E6B0977679ED3F90	아는구나. 내가 그린 건 보라색 머리 여자 캐릭터야.	REVIEWED	LM	866
dialogue	866		GM-ALL-dialogue-866--1	A2EB359D64A1CE8D4F01B15CA4670E892DCDE147C866BC2A816D6D63C37F4EBC	네!? 걔가 키우는 새끼 멧돼지 아니었어요!?	REVIEWED	MCL	867
dialogue	867		GM-ALL-dialogue-867--1	21DB5EB85388AA338D90893385F5D1C9BE86399C9DC22B568CCC5DCF4622A714	일부러 그러는 거죠!? 내가 그린 게 그렇게 보탄처럼 생겼어요!?	REVIEWED	LM	868
dialogue	868		GM-ALL-dialogue-868--1	09D225FC9424E692D735457885E711FE83A212ACD1D32F5C223FD7E4C1020537	저도 해 봐도 돼요?	REVIEWED	MCL	869
dialogue	869		GM-ALL-dialogue-869--1	8B1A85FA1C2090F41F5DBFEC3D6A4B21D3FBA4743EF9CA169E9B22A7F63E5F37	응, 그리고 싶은 대로 그려도 돼.	REVIEWED	HXC	870
dialogue	870		GM-ALL-dialogue-870--1	2F48A66AE678DB3E93C9750CA565B6835838E5BE91586B4D8BCFEAA1CD0C0D0D	좋아요~ 그럼 저는…	REVIEWED	MCL	871
dialogue	871		GM-ALL-dialogue-871--1	D856AD08718FEE280AC420D72DB04E9765A841B025DFE82EE1D374B02F8F48D0	모추링 씨까지 숨은 고수인 건 아니겠죠.	REVIEWED	LM	872
dialogue	872		GM-ALL-dialogue-872--1	14AE1041188F125FCA7EB6A9587BEFD39F6FFAECB9D19833E9075357172E9C03	…음, 음, 으음~	REVIEWED	MCL	873
dialogue	873		GM-ALL-dialogue-873--1	6C69F434A081F80CA4E4C44E6C8B77AD1ED57EC778CC1780992882E647D4CCAE	다 그렸어요! 어때요?	REVIEWED	MCL	874
dialogue	874		GM-ALL-dialogue-874--1	A7F878B8CED1A7957C560D573E30DDBBC1696E38C370513AACBBF4BFF12E7F43	……	REVIEWED		875
dialogue	875		GM-ALL-dialogue-875--1	A7F878B8CED1A7957C560D573E30DDBBC1696E38C370513AACBBF4BFF12E7F43	……	REVIEWED		876
dialogue	876		GM-ALL-dialogue-876--1	40606C2AF19454502F33A455D0188E9598A7BD27F17DE9AD83CEA31992AACA56	어, 이게 뭐지? 졸라맨이 잔뜩 있고 집 한 채를 포위하고 있는데…	REVIEWED		877
dialogue	877		GM-ALL-dialogue-877--1	EE1FD7FDB941FBF3F5BEA2AE82991CA533CF9DCAAF2CF0812054D3A3B1DA501B	군사 요새 공격하는 거예요?	REVIEWED	LM	878
dialogue	878		GM-ALL-dialogue-878--1	C642F11D605790576ECDF49B45F33FEDC2376448C076AA55EB242D5ABF29714D	왜 그렇게 살벌해지는 거예요!? 이건 그래플링 하우스고, 밖에는 줄 서 있는 손님들이에요!	REVIEWED	MCL	879
dialogue	879		GM-ALL-dialogue-879--1	8557E8C2642668D237C8C69739EDD6B9F33BCA6F3A9E7632A310E892310F098D	너무 추상적이잖아요!? 손에 든 건 장총이랑 방패 아니에요!?	REVIEWED	LM	880
dialogue	880		GM-ALL-dialogue-880--1	7FDAE1C0DD8F2CC3F1C4F08ADCFA6271D722805D0070860B64790DD8877AABBC	여기서 산 태피스트리랑 게임이에요!!	REVIEWED	MCL	881
dialogue	881		GM-ALL-dialogue-881--1	A7F878B8CED1A7957C560D573E30DDBBC1696E38C370513AACBBF4BFF12E7F43	……	REVIEWED	HXC	882
dialogue	882		GM-ALL-dialogue-882--1	7781E3D133098B323CA30F498E1D35BA7AD8876B30D6B8EEC3B2F59FAC541041	봐요, 고수도 웃잖아요.	REVIEWED	LM	883
dialogue	883		GM-ALL-dialogue-883--1	AB607F7AAB8E44842BA3172052D9530D010788F1367716D901D5FD5AE70E50B6	우우우우—	REVIEWED	MCL	884
dialogue	884		GM-ALL-dialogue-884--1	8ACD4F68DF05EC5631F686D78B1AACF9D00233D8C07A84203C0D8E08CECD17C5	아니야…	REVIEWED	HXC	885
dialogue	885		GM-ALL-dialogue-885--1	06156E7237A10CFC21B10369094D1A2BE9140FCB1859C8F33D2A28613F3272E8	한샤오청은 오른손을 가슴에 얹었다.	REVIEWED		886
dialogue	886		GM-ALL-dialogue-886--1	85E4A139B3F5C7FB094645DF28D0FE2C914987A1E617409128EA077DF7DD6B24	심장이, 엄청 빨라… 기뻐.	REVIEWED	HXC	887
dialogue	887		GM-ALL-dialogue-887--1	DB372F338C09D716C99D6B54AF926850BFA555E536917AD1AA6B06DEF1762A93	우리가 그림 그리는 걸 보는 게 그렇게 좋은 건가?	REVIEWED		888
dialogue	888		GM-ALL-dialogue-888--1	42FECBF1DA812B15434A652AC8A614F659CE21381714F946728C136712528453	한샤오청이 무슨 생각을 하는지는 정말 알다가도 모르겠다.	REVIEWED		889
dialogue	889		GM-ALL-dialogue-889--1	E3B0C44298FC1C149AFBF4C8996FB92427AE41E4649B934CA495991B7852B855		EMPTY_CONTROL		890
dialogue	890		GM-ALL-dialogue-890--1	76877AD60F418DCC53962B4D972FD6BFAF4FBC53C5EDD18C01A13D72AB59C826	오늘도 신세 많이 졌어요. 아, 그리고 이 태피스트리 하나 살게요.	REVIEWED	LM	891
dialogue	891		GM-ALL-dialogue-891--1	02990C9E1960E5D715A1A72B2B71622C692498FADD88F4C828EBDF748E2A6AD0	억지로 사실 필요는 없어요. 여기 놀러 오는 데 정말 일부러 돈 쓰실 필요 없다니까요.	REVIEWED	MCL	892
dialogue	892		GM-ALL-dialogue-892--1	0745BCAB87FED751A8D631901C02500B95880ED8891BD95DEFE757442362AAB8	아뇨, 이 게임 원화가를 꽤 좋아해서요.	REVIEWED	LM	893
dialogue	893		GM-ALL-dialogue-893--1	E179351A5E663C16954A290A96676A6F24A9A15B8D3B68DFEE2F9A90CFF3DE54	스프링 포켓츠네요! 저 예전에 할 때 울음이 멈추질 않았어요…	REVIEWED	MCL	894
dialogue	894		GM-ALL-dialogue-894--1	874B1B40035DEA86D09818ABA67CA9DC679E7D7CDBF98A74C95D58810964A2F8	계산을 마치고 쇼핑백을 건네받았다.	REVIEWED		895
dialogue	895		GM-ALL-dialogue-895--1	019D816A3A7023F9B43ED23554C3170AEB3F8AC8502E86DE4CE643B447BADA12	저기, 그러고 보니 아직 성함도 못 들었네요.	REVIEWED	MCL	896
dialogue	896		GM-ALL-dialogue-896--1	13E67A01CB595CF6C0D4D5687E2A078C784BAD91F385846BF6DF8EECDEA806BD	아하하, 그러네요. 제대로 자기소개 한 번 안 했으니까.	REVIEWED	LM	897
dialogue	897		GM-ALL-dialogue-897--1	03513F7A4263991D2F77AE1A71AFD84D344D3B94F896E0ED8222B8041A1B30EB	저는 리밍이에요. 그쪽은 모추링 씨, 맞죠?	REVIEWED	LM	898
dialogue	898		GM-ALL-dialogue-898--1	BE1DAA91EFC7BB3CD0DB47BF8916B320C724C9F19F23C2ED1983E482EAA5ADAF	리밍… 네, 기억해 둘게요!	REVIEWED	MCL	899
dialogue	899		GM-ALL-dialogue-899--1	3630F74570CF43F30A292AC896B868D52FE6C130E56A4A94028EFBF478BFBABA	앞으로도 괜찮으실 때 또 놀러 와 주세요!	REVIEWED	MCL	900
dialogue	900		GM-ALL-dialogue-900--1	1F7114A7A398B3D7C5B2B51C4EADF72556D396BAC15AC3E1E05AB4C4A0112265	네, 시간 나면 올게요.	REVIEWED	LM	901
dialogue	901		GM-ALL-dialogue-901--1	6FEE24D1E6201209D27FCBA9261913E7998AE0F885D6FD8E8A3C098884407AD8	샤오청, 너도 이제 가?	REVIEWED	LM	902
dialogue	902		GM-ALL-dialogue-902--1	5C7A9F97ADB5BED9D4C6ACA666DFFD0E37FDA970EBCFC2C8C0060523A483E295	응.	REVIEWED	HXC	903
dialogue	903		GM-ALL-dialogue-903--1	5EF2BF8D9A0A2B053969C982EE51900F35D8A34328878DBCA0B42B0E2888FA7E	한샤오청은 액정 타블렛을 그래플링 하우스 안쪽에 갖다 놓고 나를 따라왔다.	REVIEWED		904
dialogue	904		GM-ALL-dialogue-904--1	77E3CAAD1F4B91E2CF4C192A9FF8ED03E85E79064943BB4F93ACD0CBC6E82350	그럼 모추링 씨, 오늘은 이만 갈게요.	REVIEWED	LM	905
dialogue	905		GM-ALL-dialogue-905--1	4670A21767773B4940E60B0035DE3FDA7E93F22425D92BA3843FAB99B201EB26	네! 안녕히 가세요~	REVIEWED	MCL	906
dialogue	906		GM-ALL-dialogue-906--1	150BC9492B9A7772C98272D95FB8F9FB3E3A3594ED617A2DD9652819D86632A1	문을 밀고 나가려는 순간, 다시 그녀의 목소리가 들렸다.	REVIEWED		907
dialogue	907		GM-ALL-dialogue-907--1	92718585CD2CEB10057B8282BD7CA8E2AAE18200F198FC4015D6D894533199DE	저… 저기—	REVIEWED	MCL	908
dialogue	908		GM-ALL-dialogue-908--1	8AF85CE981D9EC89AD4D75B1BD062EBE03E9F22DC5EDB7CD9B8099F05574C6C4	네?	REVIEWED	LM	909
dialogue	909		GM-ALL-dialogue-909--1	A7F878B8CED1A7957C560D573E30DDBBC1696E38C370513AACBBF4BFF12E7F43	……	REVIEWED	MCL	910
dialogue	910		GM-ALL-dialogue-910--1	6A7A5A03CE23245A7DF869672A3B0D42423910A5B433DF649011F3824FB747B3	또, 놀러 와 주세요.	REVIEWED	MCL	911
dialogue	911		GM-ALL-dialogue-911--1	2CDA9CC6BA036867E11323C5B0712E6167A712DFDF5962F901E8EC5EEA074F64	그녀는 아까 했던 말을 다시 한번 반복했다.	REVIEWED		912
dialogue	912		GM-ALL-dialogue-912--1	34321EEE54BC68E2BD4D644BA89B36919928132399380416E4F3CB16D7DEC93C	…또 올게요. 샤오청도 그렇지?	REVIEWED	LM	913
dialogue	913		GM-ALL-dialogue-913--1	895361FFBF88D5A8C40D47F8DD3D03DF2042CA9360D08738BCBB4FAA39495404	……	REVIEWED	HXC	914
dialogue	914		GM-ALL-dialogue-914--1	3DC67FE8459B708E0C9D60C06DEC79789520641A3D55396DEADB84FDE7B5DE3D	헤헤, 두 분 오시는 거 기다리고 있을게요!	REVIEWED	MCL	915
dialogue	915		GM-ALL-dialogue-915--1	E3B0C44298FC1C149AFBF4C8996FB92427AE41E4649B934CA495991B7852B855		EMPTY_CONTROL		916
dialogue	916		GM-ALL-dialogue-916--1	632B550AE10C659B2AE47AC975AC3D91AB029493D31066011C119DC1B5F010CA	그래플링 하우스를 나온 뒤, 나는 뒤를 돌아봤다.	REVIEWED		917
dialogue	917		GM-ALL-dialogue-917--1	91D7D4F0C9BB7B8A470F6AAEF80E51EC3E822DBB8DFD433A209DA3DA73D05B71	유리 너머로 모추링이 카운터 안에 앉아 바깥을 바라보고 있었다.	REVIEWED		918
dialogue	918		GM-ALL-dialogue-918--1	4F5E744BAB779B6BAE760BED3BE3EC9EE1EDC61F74F6EF57B1CB5215DD6706A2	그곳은 그녀 혼자만의 세계였다. 바깥의 북적이는 거리와 선명한 대조를 이루었다.	REVIEWED		919
dialogue	919		GM-ALL-dialogue-919--1	E14AE7F4F022F2E850C448F629181518917A18FFCDC1DD6EA3144418A2A91104	어쩌면 저 밝고 적극적인 성격 아래에는, 외로움을 무척 두려워하는 마음이 숨어 있는 걸지도…?	REVIEWED		920
dialogue	920		GM-ALL-dialogue-920--1	E3B0C44298FC1C149AFBF4C8996FB92427AE41E4649B934CA495991B7852B855		EMPTY_CONTROL		922
dialogue	922		GM-ALL-dialogue-922--1	E3B0C44298FC1C149AFBF4C8996FB92427AE41E4649B934CA495991B7852B855		EMPTY_CONTROL		924
dialogue	924		GM-ALL-dialogue-924--1	FD77F870263E003F16F8394A2234069C1583F5A1D47D89925945E23D74127E06	앞으로 계속 여기서 지낼 생각이야?	REVIEWED	LM	925
dialogue	925		GM-ALL-dialogue-925--1	9C7725D53F7A52A86C401B00D38F587029E2AB11312DD171B1FF944DBBBCC165	난 매주 주말마다 올 생각인데.	REVIEWED	MM	926
dialogue	926		GM-ALL-dialogue-926--1	86AE494D2F0FEBEE186FA65D88A243CF3384D58A1CDBBCEDEB3AD4ABC83991FF	샤오예가 내가 준 열쇠를 꺼내 웃으며 흔들었다.	REVIEWED		927
dialogue	927		GM-ALL-dialogue-927--1	ACC39FC0C6EFEBBE386CA34080C0A3B69238BF2593CC2ED52E9148BAB1DCE085	그럴 거면 아예 매트리스나 접이식 매트 같은 걸 사서 바닥에 깔아 두자. 계속 맨바닥에서 자는 것도 안 좋잖아.	REVIEWED	LM	928
dialogue	928		GM-ALL-dialogue-928--1	08EDD25624423745C2B1F330AFE62533762524F06494335AB4AB046F1F9CE2C3	응, 오후에 상점가 쪽 가서 살까?	REVIEWED	MM	929
dialogue	929		GM-ALL-dialogue-929--1	8A0AC3087613C6DA00EEFD020F817FC5ED7D2087F8EF97866142D04918CA208D	나도 딱히 할 일 없으니까 같이 가 줄게.	REVIEWED	LM	930
dialogue	930		GM-ALL-dialogue-930--1	A87D1302C647D27997CF4F9653C74F7E8D90828B2086579DD5DC477DE4C2BFFD	매트리스 말고 인덕션도 하나 사자?	REVIEWED	MM	931
dialogue	931		GM-ALL-dialogue-931--1	E2DCE01840DDDDDD37537D3CC39CBE3A2AD28A6D9FB4C82F8B6A6136F5A74824	어? 싫어. 나 요리하기 귀찮단 말이야.	REVIEWED	LM	932
dialogue	932		GM-ALL-dialogue-932--1	ECAD082E8091E89E4342C547DFA465F443B02EAD07F66EC196218FEB710F12DD	오빠아—	REVIEWED	MM	933
dialogue	933		GM-ALL-dialogue-933--1	B005219311AC8DD999982F345425129027880A177D32B6ECECB6A62A6F59B541	샤오예가 크게 한숨을 쉬며 몹시 답답하다는 표정을 지었다.	REVIEWED		934
dialogue	934		GM-ALL-dialogue-934--1	1B81AE01A6B3D9978E58FE17147F6C19D3A77D08BA3943D96C33F683B49792FC	내가 안 올 때는 오빠 밥 어떻게 해결해? 배달 시켜 먹어?	REVIEWED	MM	935
dialogue	935		GM-ALL-dialogue-935--1	F3C80F90659E628720ED9FCE795F63759886D345463E533D6F49EB4C8481CFA4	모아밥.	REVIEWED	LM	936
dialogue	936		GM-ALL-dialogue-936--1	0A64B1301184E277C214148A933FF06A9A1DD46CF234005F50BFB5D1AE54902F	그런 것만 매일 먹으면 어떡해. 건강 좀 챙겨.	REVIEWED	MM	937
dialogue	937		GM-ALL-dialogue-937--1	A8063BCEBAA6C05CA02C3E25AC4709840ED4FDE20AFEC89926EE85EF333E2B8B	아, 알았어. 네 말이 맞아. 오후에 바로 살게.	REVIEWED	LM	938
dialogue	938		GM-ALL-dialogue-938--1	2599FF7B79E26FDA6702949FF4FB864433F1BF16CCC1CD40BA9DE234B755BAA0	가끔은 샤오예가 나보다 나이가 더 많은 것처럼 느껴진다. 어른처럼 말할 때면 나도 도무지 반박을 못 한다.	REVIEWED		939
dialogue	939		GM-ALL-dialogue-939--1	F09117CD0EA3753CC5736A32402E83AB18283D5FF790E8296D8B2F69033ACB9E	예를 들면 매일 새벽 한두 시까지 깨어 있지 말라든가, 밖에 나가 친구도 사귀고 기숙사에만 틀어박혀 있지 말라든가, 운동도 좀 하고 맨날 미소녀 게임 같은 불건전한 것만 하지 말라든가—	REVIEWED		940
dialogue	940		GM-ALL-dialogue-940--1	1E2F29080B6AB10848416F498F48A2870C2E5D4823F3EA662FFC1C72E1AABCA0	그래도 결국 날 걱정해서 하는 말이다. 고지식하다기보단 그냥 진지한 편인 거겠지?	REVIEWED		941
dialogue	941		GM-ALL-dialogue-941--1	E3B0C44298FC1C149AFBF4C8996FB92427AE41E4649B934CA495991B7852B855		EMPTY_CONTROL		942
dialogue	942		GM-ALL-dialogue-942--1	EA055D9AFCAAF4654D3A76808EF0B29AAADD7DFCB79A35003F7BF1B71DF49EB2	아침을 먹고 나서 샤오예는 침대에 앉아 책을 읽으며 시간을 보냈다. 자기가 가져온 책인 모양이다.	REVIEWED		943
dialogue	943		GM-ALL-dialogue-943--1	BC6DC7325568A0CEF617BD339E49C68C016F9D32F4708DC7D0C4A055B363DB16	어딜 가든 책 한 권씩 챙겨 다니는 습관은 중학생 때부터 생겼다. 추리, 고전, 로맨스, 청춘…… 장르를 가리지 않고 읽는다.	REVIEWED		944
dialogue	944		GM-ALL-dialogue-944--1	BABF9EB98DFA07E275EA6FEE3F2A2EA4E6F2603A1EA8A8DC2CD0CCF8BFE689AE	아— 게임하고 싶다.	REVIEWED		945
dialogue	945		GM-ALL-dialogue-945--1	E060F64DBBA7D21A086420A1A0FF4A1F8E77D90B3A217589AFD86EA12E8D8616	창밖 햇살도 이렇게 좋고, 바깥 공기도 이렇게 상쾌한데— 이럴 때야말로 집에서 게임하기 딱 좋은 날 아닌가!	REVIEWED		946
dialogue	946		GM-ALL-dialogue-946--1	FDFC09D1F858A35A759B71DE5183F4D948EC81624C10DB6564BD45A9D9361B09	그래도 샤오예를 내버려 두고 나 혼자 게임하는 건 좀 그렇지.	REVIEWED		947
dialogue	947		GM-ALL-dialogue-947--1	685C48619375A912A7E08B7EB66A71EDDEBB5AAD0EDB2B41B5E7307B780F9447	뭘 하지……	REVIEWED		948
dialogue	948		GM-ALL-dialogue-948--1	9F27250402D3DB23FEF8AF80ADDC4AA5A26C8D4C104CEA5A4F492E52171E633A	나도 한샤오청처럼 그림을 그릴 줄 알거나, 모추링처럼 가게라도 하고 있으면 좋을 텐데. 그러면 좋아서 하는 일이 하나쯤은 있을 테니까.	REVIEWED		949
dialogue	949		GM-ALL-dialogue-949--1	CC1C21D9C66CA030E5159960F52E383DA8357460C91B3A7C7845A41397DBE225	지금은 매일 정해진 대로 수업 갔다가 돌아와서, 컴퓨터랑 휴대폰을 대충 만지작거리다 보면 또 하루가 끝난다.	REVIEWED		950
dialogue	950		GM-ALL-dialogue-950--1	2790A46D72E24E4A6F86E842C4826CC4C8EECD4F047A55B87DCE3FFB15C8275F	이런 평범한 생활이 싫은 건 아니다. 다만— 뭔가, 빠져 있는 것 같다.	REVIEWED		951
dialogue	951		GM-ALL-dialogue-951--1	33895ED5C64CADBBF5B0941A581EED06E7CD89C7622CAAA89BB8DC10FAFA0B32	오빠?	REVIEWED	MM	952
dialogue	952		GM-ALL-dialogue-952--1	32531CA51FCA2F8B389CDFA0DF5C1E56580245375588D9D0873C3B494B8C75E0	……응? 어, 왜?	REVIEWED	LM	953
dialogue	953		GM-ALL-dialogue-953--1	4BE42A2E8762B7083EB65B861D9B7D6F29D7AD135BD934A18F9CA6991421FB17	계속 밖만 보면서 멍 때리고 있잖아……	REVIEWED	MM	954
dialogue	954		GM-ALL-dialogue-954--1	A7F878B8CED1A7957C560D573E30DDBBC1696E38C370513AACBBF4BFF12E7F43	……	REVIEWED	MM	955
dialogue	955		GM-ALL-dialogue-955--1	754A0DCF3B0A1AC4CFB368F6EA9278DF8B0D44B5535B5428BC3FA240FDD9E57F	나 너무 신경 쓰지 마. 오빠는 평소처럼 자기 할 일 하면 돼.	REVIEWED	MM	956
dialogue	956		GM-ALL-dialogue-956--1	900EDCCD48C5BFB665CCA219F21CE18D4A37C75FA29403EE34B1881214A19A29	평소에도 사실 거의 이래.	REVIEWED	LM	957
dialogue	957		GM-ALL-dialogue-957--1	92C430F56C12F19BD9E564F6AC64CDDB20EFEC333C97F4BF0CC430D6D2520D8F	그래? 맨날 멍 때려?	REVIEWED	MM	958
dialogue	958		GM-ALL-dialogue-958--1	86D2BD04018166FDD10A681AAA553E47B1E9DACE55362A6F8F3E3CBA095026A7	예전에 오빠가 한동안 소설 직접 쓰고 있었던 걸로 기억하는데. 지금은 안 써?	REVIEWED	MM	959
dialogue	959		GM-ALL-dialogue-959--1	A18DAA0CC70E96B37C79ACA9C90F62D1A92829729F38DC80B83208147D3155AC	아…… 중학교 때 말이지. 고등학교 올라간 뒤로는 거의 안 썼어.	REVIEWED	LM	960
dialogue	960		GM-ALL-dialogue-960--1	AF5CB7C6F48BB848A59AF7952979EEF5474C3C79F3A42C3DA3B6B9F467465D4A	맞다. 나도 뭔가 하나에 푹 빠져서, 하루하루가 꽉 찬 것처럼 느끼던 때가 있었던 것 같다.	REVIEWED		961
dialogue	961		GM-ALL-dialogue-961--1	C53CE492CDF9D775097E1D4CF0426EE9024BE62578E0986C4F89CFB80BC765DE	그때는 무슨 생각으로 그랬더라…… 기억이 안 난다.	REVIEWED		962
dialogue	962		GM-ALL-dialogue-962--1	E3B0C44298FC1C149AFBF4C8996FB92427AE41E4649B934CA495991B7852B855		EMPTY_CONTROL		964
dialogue	964		GM-ALL-dialogue-964--1	895361FFBF88D5A8C40D47F8DD3D03DF2042CA9360D08738BCBB4FAA39495404	……	REVIEWED		965
dialogue	965		GM-ALL-dialogue-965--1	10E2F81FD1700ECF826039875307F3C87092574FCDBE6D723BEB938C4651D871	정오가 조금 지난 뒤, 휴대폰 메모장에 살 물건들을 정리하고 샤오예와 함께 밖으로 나왔다.	REVIEWED		966
dialogue	966		GM-ALL-dialogue-966--1	2D4985F25D99930487A9057F1335BC450CF7D0B34FC2F08751AFD84D95086318	직접 매트리스 크기를 보고 나니, 역시 인터넷으로 주문하는 게 편하겠다는 결론이 났다.	REVIEWED		967
dialogue	967		GM-ALL-dialogue-967--1	C8386CD419D29D9A008A927033909B60CED3EF236E4D0256B7B9E2C3D477BB7A	인덕션도 마찬가지였다. 인터넷으로 사는 게 편했다.	REVIEWED		968
dialogue	968		GM-ALL-dialogue-968--1	155FA490DCDE75F805A5540BFB6B07054A6B02435C9E233ECF302A633B625F8C	그래서 우리 대체 왜 나온 거지.	REVIEWED		969
dialogue	969		GM-ALL-dialogue-969--1	AE94DB2DAF15F0859E55948804EF069B6C45FD8FCA106B06C7A532E70C11D5F3	이 가게 저 가게 대충 돌아다니다가 타코야키랑 서우좌빙도 좀 샀다…… 뭐라도 안 사 가면 나온 보람이 없을 것 같아서.	REVIEWED		970
dialogue	970		GM-ALL-dialogue-970--1	6AE85EB400A65B80DD84A96446DF77E6DD9ACD9C21151E2BA914C4C41CE184D0	지하 출구로 나오자 나도 모르게 거리 끝쪽으로 시선이 향했다.	REVIEWED		971
dialogue	971		GM-ALL-dialogue-971--1	7F8577E949656D810ADDF407C6024E3B4498959905FFC33A9604EEAF8BC74EDB	그곳이 바로 그래플링 하우스가 있는 곳이었다.	REVIEWED		972
dialogue	972		GM-ALL-dialogue-972--1	0906FCD59062189792294E93B1CDED012AA0D3DBD4E785E94CAAAA91D6BBFAE8	샤오예, 우리 저기 한 번 더 가 볼래?	REVIEWED	LM	973
dialogue	973		GM-ALL-dialogue-973--1	866F7C888E3EF723EF7DA4DB6814FAC55B7E4385CDF80E34E0C0A4FB76015E3B	……엊그제 오빠 데리러 갔던 곳?	REVIEWED	MM	974
dialogue	974		GM-ALL-dialogue-974--1	CDA6EA2A12BF370BCC01EB4DA520B0F8736BA848AD1C5F8D8C8A6515CA2F37E9	아직 시간도 꽤 이르고.	REVIEWED	LM	975
dialogue	975		GM-ALL-dialogue-975--1	84A5ACAC07BC16B466F15189D4FB0E2721DC43B29BC6427EE23C7B8981BC9E29	그날은 제대로 못 봤는데, 뭐 파는 가게야?	REVIEWED	MM	976
dialogue	976		GM-ALL-dialogue-976--1	82C01857E0544510D8985846C3CAA3048A0AD11897D31D3CC14957FF949002F9	우리는 이야기를 나누며 그래플링 하우스로 향했다.	REVIEWED		977
dialogue	977		GM-ALL-dialogue-977--1	C0AEF08D9418250CD88A64BDEDF4E877F9D880CAD24D9700629837DDFAD56D4F	……게임 굿즈?	REVIEWED	LM	978
dialogue	978		GM-ALL-dialogue-978--1	1CAEB265F321837BB088C4681EA3ECC479D5F80AA73030C8F2C93E32579C0EE4	미연시도 GAME이거든!	REVIEWED		979
dialogue	979		GM-ALL-dialogue-979--1	2C2553C588BF720D849713CE7398CA20F57BD968075F5771498838D698A5C8B1	게임…… 난 별로 해 본 적이 없는데. 대학 와서는 다들 하더라…… 같이 하는 그런 거.	REVIEWED	MM	980
dialogue	980		GM-ALL-dialogue-980--1	553D71AC599446A4B1743D6819B954DE8D2E960A19D18F272E267D4E8C7C4C96	친구들한테 나 게임 할 줄 모른다고 했더니 왜 그렇게 놀랐을까……	REVIEWED	MM	981
dialogue	981		GM-ALL-dialogue-981--1	8EF206C7B226F4B6001FC2AEE36A2D0D0F02CA7A123C846C0AF90CBEA01F9C29	요즘 세상에 스마트폰은 있는데 모바일 게임 한 번도 안 해 본 젊은 사람은 별로 없겠지. 너 고등학교도 전원 기숙사제였고 전자기기도 못 들고 갔잖아. 게임을 많이 못 해 본 게 당연하니까 너무 신경 쓰지 마.	REVIEWED	LM	982
dialogue	982		GM-ALL-dialogue-982--1	D8DAF0BB3507D4849F07B8C8435A78EBFCB88D3915180907E3475795FCB671BE	아예 안 해 본 건 아니야. 중학교 때 했던 「배추 지키기」는 아직 기억나.	REVIEWED	MM	983
dialogue	983		GM-ALL-dialogue-983--1	7C6F828A676B7097D7504358E8206903D1380A6BA771D5705064F9B4D9B00791	오오, 나도 기억나! 한밤중에 너랑 이불 뒤집어쓰고 몰래 하다가 네 엄마한테 들켰잖아.	REVIEWED	LM	984
dialogue	984		GM-ALL-dialogue-984--1	8C037C6AE7A2DEA707CD5C206CD0DB2B7058BD72EC8C3F0663F2648264BDCE3A	……이렇게 생각해 보니, 내가 샤오예를 꼬드겨 나쁜 짓 시킨 건가?	REVIEWED		985
dialogue	985		GM-ALL-dialogue-985--1	E3B0C44298FC1C149AFBF4C8996FB92427AE41E4649B934CA495991B7852B855		EMPTY_CONTROL		987
dialogue	987		GM-ALL-dialogue-987--1	242DFFE3A6F7223B2A8AC0CA40565416290637856EE9C7097A056DEF4E821816	어느새 보행자 거리 안쪽까지 들어왔다.	REVIEWED		988
dialogue	988		GM-ALL-dialogue-988--1	4E64016D8E2E4D67BC80135BDACDA4A2E929EC922272683ADC07877A98BE9143	다른 곳에 비하면 이쪽은 오가는 사람이 더 적었다.	REVIEWED		989
dialogue	989		GM-ALL-dialogue-989--1	23869520A53CC6CAEDE51DC5403AF247FCC00999E738BCB88F8DE0F7B362265F	그래플링 하우스가 이렇게 외진 데 있어서 장사에 좀 불리한 건 아닐까…… 어제는 토요일이었는데도 오후 내내 손님이 나랑 한샤오청 둘뿐이었다.	REVIEWED		990
dialogue	990		GM-ALL-dialogue-990--1	DC2ACA4740FE666E3544F14A6593668F1771169F11DD22020D325135E20792D1	이러다 적자 때문에 문 닫는 거 아니야? 괜히 걱정된다.	REVIEWED		991
dialogue	991		GM-ALL-dialogue-991--1	9FB90D87B94AAFAC8A51CEB57FEAE57198E19E67EC1B500B4EFAE0CF5975D754	그런 생각을 하던 중, 그래플링 하우스 앞에 익숙한 사람이 서 있는 게 눈에 들어왔다.	REVIEWED		992
dialogue	992		GM-ALL-dialogue-992--1	A7F878B8CED1A7957C560D573E30DDBBC1696E38C370513AACBBF4BFF12E7F43	……	REVIEWED	HXC	993
dialogue	993		GM-ALL-dialogue-993--1	535ED70424F2B9DF8AB88000B4F1BEB1DA3BC3082A6416AF50579CE518B32DC1	오, 얘도 왔네…… 샤오청—	REVIEWED	LM	994
dialogue	994		GM-ALL-dialogue-994--1	3A3A7E00C1BF034A03652FCE00587A6F996EEFF34B5767DE674861B894DD83F5	한샤오청이 뒤를 돌아 나를 보더니 가볍게 손을 흔들었다.	REVIEWED		995
dialogue	995		GM-ALL-dialogue-995--1	3DEBA68A3203D1CCE81452A900DD3693ED929860262F6C8B42F46CB36BBCF3CB	우와…… 엄청 예쁜 사람……! 오빠 친구야?	REVIEWED	MM	996
dialogue	996		GM-ALL-dialogue-996--1	77D542FCBD023013B7B72DE258175CB312C1DDEB81A83132DE5D52A05EF95D9F	응, 이번 학기에 알게 됐어.	REVIEWED	LM	997
dialogue	997		GM-ALL-dialogue-997--1	847C689C85421F6D59812EEF261C4DBBD7E1D2795D0A3F80E76BF2FF292964F4	……여자친구?	REVIEWED	MM	998
dialogue	998		GM-ALL-dialogue-998--1	DC669ABE9754646A052A8A57DF0FDB6513374DAE52017A12C02D538CBCBDB30B	샤오예가 싱긋 웃으며 팔꿈치로 내 허리를 살짝 쿡 찔렀다.	REVIEWED		999
dialogue	999		GM-ALL-dialogue-999--1	4763FD194F189B3117B2E6DCA0AB0E733DFD8FAE020AC3EE33FB366947C92236	같은 반이야. 그냥 평범한 친구.	REVIEWED	LM	1000
dialogue	1000		GM-ALL-dialogue-1000--1	A7443BE64914A71BA973B80BB329D5D668550E6651C7120ADC6BC417C23F4BD7	어쩌면 그렇게 평범하진 않을지도 모르지만.	REVIEWED		1001
dialogue	1001		GM-ALL-dialogue-1001--1	9717B36AEA145FB23E3BF34544811A5915278CE63174FEEAB6318B43BE66D3A7	리밍— 안녕.	REVIEWED	HXC	1002
dialogue	1002		GM-ALL-dialogue-1002--1	DA2EF028EFD86F7AA0614E81816061FBC47D4201E1B836929577C95E9A26BB74	또 그림 그리러 왔어?	REVIEWED	LM	1003
dialogue	1003		GM-ALL-dialogue-1003--1	5C7A9F97ADB5BED9D4C6ACA666DFFD0E37FDA970EBCFC2C8C0060523A483E295	응.	REVIEWED	HXC	1004
dialogue	1004		GM-ALL-dialogue-1004--1	26C3AE6DB2723897AC9591B5E11E45E4D0FF2EF9C141C2CD19005FDFACC9DC88	그녀는 고개를 끄덕이고 다시 가게 입구를 바라봤다.	REVIEWED		1005
dialogue	1005		GM-ALL-dialogue-1005--1	5F72B5FD2395EACDB8BF4DE460CAC14E1173372263EC7973E3C42A57A5E29424	나도 시선을 따라가 보니, 익숙한 등신대가 세워져 있었다.	REVIEWED		1006
dialogue	1006		GM-ALL-dialogue-1006--1	BD1DA03D78DD15B95D36D8F03BEAFD870E0CD5C9C49952F7228135B6459AB616	저 등신대가 왜?	REVIEWED	LM	1007
dialogue	1007		GM-ALL-dialogue-1007--1	1F9A146D128EF33CBF65E07C48F2FAAF94ADCABF75D75E96256E003BE2CA3C70	응? 응…… 실제로 보면 어떤가 해서……	REVIEWED	HXC	1008
dialogue	1008		GM-ALL-dialogue-1008--1	13C2DB4CB35DAF9B1EFD229119E2AA6CC3E587F52716ED3D17A9BEADC0032D62	아직도 마음에 안 들어?	REVIEWED	LM	1009
dialogue	1009		GM-ALL-dialogue-1009--1	D7B1B694F58F4ACA701446B39C92C9C4D58DEE2CF1DD7FED87F3C1C61E997067	응…… 다른 사람이 그린 걸 봤는데…… 저렇게 그릴 수도 있구나 싶어서, 조금 충격받았어……	REVIEWED	HXC	1010
dialogue	1010		GM-ALL-dialogue-1010--1	E9EF1AFE50E173675BBE1D33C6E1DDA6D02DC882F87B4FDE7A2B6DE8D08ADDB1	너무 기준 높게 잡지 마…… 난 꽤 마음에 드는데. 봐, 키링도 달았어.	REVIEWED	LM	1011
dialogue	1011		GM-ALL-dialogue-1011--1	0D9E5990F8528A925BF1313E0CFD38BA0A8AE335B1957753FF05CF7DAA2114F0	열쇠를 꺼내 한샤오청에게 보여 줬다. 거기에는 모추링이 준 간판 캐릭터 키링이 달려 있었다.	REVIEWED		1012
dialogue	1012		GM-ALL-dialogue-1012--1	A4D150B8E7B7316DD841F1AFDDEA66046B9082AFE542F5F7FB5635D374054807	……아…… 고마워……	REVIEWED	HXC	1013
dialogue	1013		GM-ALL-dialogue-1013--1	4C4055221BCC1B1E5DC59FA09ACA2287C276CBE86CBD96EF305A4DE3F18E981E	웬만한 미연시 SD 캐릭터보다 훨씬 귀여운 것 같다.	REVIEWED		1014
dialogue	1014		GM-ALL-dialogue-1014--1	59F9633CC5013CD13E95C3DA8F3DAB3F85D21CAE9E89DED4BE086AF5972A3819	어라? 이런 SD 캐릭터는 일반 비율 캐릭터보다 그리기 쉬워 보이는데, 나도 그릴 수 있으려나?	REVIEWED		1015
dialogue	1015		GM-ALL-dialogue-1015--1	323FFDB83A7E507E5E7D87FC500F93955B4A82E850A91B7A1DAD990D26DBB446	……응? 얘는?	REVIEWED	HXC	1016
dialogue	1016		GM-ALL-dialogue-1016--1	C65BAC7DCC421982E35795303FF29C9D9BF86AFDBA0510AF3F4A3B3BFB0FB2C4	그제야 한샤오청은 내 옆에 있던 샤오예를 알아챘다.	REVIEWED		1017
dialogue	1017		GM-ALL-dialogue-1017--1	13F01A327AE0A2E5C8B200AB227D9D41E5CD54190A1586D196B6E29324215D35	내 여동생이야. 샤오예라고 해.	REVIEWED	LM	1018
dialogue	1018		GM-ALL-dialogue-1018--1	BAB0E348FF4254B66A96E62485C30AAFB427876A0240E9723258545D042DC0A9	안녕하세요, 한샤오청 선배.	REVIEWED	MM	1019
dialogue	1019		GM-ALL-dialogue-1019--1	DE09A4DFCD9686EC133E38247AEB3F548BBAD6AA7AB2B59AA915E1DD9512BEDC	샤오예는 아주 공손하게 한샤오청에게 인사했다.	REVIEWED		1020
dialogue	1020		GM-ALL-dialogue-1020--1	80B1F874F158EE8F463A572A5298BF62841F21962F76F9A4D58549DA8637A734	……전혀 안 닮았어.	REVIEWED	HXC	1021
dialogue	1021		GM-ALL-dialogue-1021--1	56F893020E0B7C45AAA055BD755C82A66C666BD516269647F93CAF5CF195811F	그 말 많이 들었어.	REVIEWED	LM	1022
dialogue	1022		GM-ALL-dialogue-1022--1	567DEF835F21612122326E714EA386D22480423AD131A4D4CBE11F6F705A7457	친남매는 아니니까…… 나이 차이가 있어서 그냥 오빠 동생이라고 부르는 거고.	REVIEWED		1023
dialogue	1023		GM-ALL-dialogue-1023--1	E3636C5B518BC18C42A053E02EE1A869B3C534CCBFCC505E10EA455142D169B1	이제 들어가고 싶어.	REVIEWED	HXC	1024
dialogue	1024		GM-ALL-dialogue-1024--1	F7D03B8D46274D0F3A413692204C334D59BBC2C78D71A3FE13B69EA0F9740AE3	어, 나도 샤오예랑 안에 좀 둘러보려고.	REVIEWED	LM	1025
dialogue	1025		GM-ALL-dialogue-1025--1	06F402379EB89FC155EEAACB2FB31362BBE8075025808FAB3E42B3A5F5A5E99F	샤오예는 따라오지 않았다. 간판 캐릭터 쪽을 한 번 힐끗 보더니 곧바로 다른 곳으로 시선을 돌렸다.	REVIEWED		1026
dialogue	1026		GM-ALL-dialogue-1026--1	FBA75B8B38DE77F9E986F44B3CF5CE6F7A403F4F2CB1CB9F2C368ED8DBD3B04D	오빠, 저거…… 만화 캐릭터, 너무 많이 드러낸 거 아니야……? 옆에 서 있으면 안 부끄러워……?	REVIEWED	MM	1027
dialogue	1027		GM-ALL-dialogue-1027--1	9FC3842933B503C44C291F11E5F3CED55C2BA7F35B0651745834BB375701EED5	이, 이 정도는— 괜찮지 않아?	REVIEWED	LM	1028
dialogue	1028		GM-ALL-dialogue-1028--1	F7A116A042F0437C15ACE12839A0E00CF1CCDE9EC857179DBFC333A5585106CA	처음에는 일반인이 보면 나를 이상하게 생각하지 않을까 걱정했지만, 몇 번 와 보니 진작 신경 쓰이지 않게 됐다.	REVIEWED		1029
dialogue	1029		GM-ALL-dialogue-1029--1	987763D9443DAFC34DE2E87BF827F4BBCA277117E250334EC2F5C739542337C2	무엇보다 그래플링 하우스 앞은 정말 사람이 별로 안 다니고, 길거리에 세워 두기에도 사실 그렇게까지 부적절하진 않았다.	REVIEWED		1030
dialogue	1030		GM-ALL-dialogue-1030--1	73749149310815D3244880014446E31A5AAC03A5E324681CB9C0CDD1CD391EDD	하지만 샤오예는 이런 오타쿠 농도가 높은 작품을 잘 못 받아들이는 타입이라, 남의 시선도 더 신경 쓰일 수밖에 없었다.	REVIEWED		1031
dialogue	1031		GM-ALL-dialogue-1031--1	1F8668C084A5A95DAF159FB372C576676B985CA0D155A652255645BB665C8309	어릴 때부터 만화조차 거의 안 봤으니, 애초에 이런 쪽에 별 관심이 없는 걸지도 모른다.	REVIEWED		1032
dialogue	1032		GM-ALL-dialogue-1032--1	3ECAC77F2E8E0B407D36107ABC7051F4B5C07FA11535274DEF615E1BCEFAD509	나…… 난 그냥 안 들어갈래. 안에도 이런…… 이상한 것들만 있으면…… 나랑은 안 맞을 것 같아……	REVIEWED	MM	1033
dialogue	1033		GM-ALL-dialogue-1033--1	EC1F9CFE3D7135D0E0A3682AE2EA1CA742FF8D5F9217FC7F4FC92E097CB0CA27	이상한 것들이라니.	REVIEWED		1034
dialogue	1034		GM-ALL-dialogue-1034--1	FF3D334F19397F4933261975E03E2434A424BEB90259B95A26B3E6C9F63F26DF	샤오예……! 그걸 그린 본인이 네 앞에 있거든……!	REVIEWED	LM	1035
dialogue	1035		GM-ALL-dialogue-1035--1	69327B2AC002E21A7F829D1960AA9A1402C339387EE062D2B2F4F37707BA45A4	아…… 엣!? 죄, 죄송해요. 나쁜 뜻은 아니었어요……!	REVIEWED	MM	1036
dialogue	1036		GM-ALL-dialogue-1036--1	2BAE20CACF5B6FFD95C8ABA9F6554C7C5393D5568E4A7D69A4CDA455C38A7E5E	네 동생…… 나 싫어해?	REVIEWED	HXC	1037
dialogue	1037		GM-ALL-dialogue-1037--1	BDAD55A5FD33BD3D663305F5A6FADE6E9A1CD1FB44A0A62F4A69D429D45F27AF	한샤오청이 어리둥절한 얼굴로 나를 보며 눈을 깜빡였다.	REVIEWED		1038
dialogue	1038		GM-ALL-dialogue-1038--1	6D740F7159095C3D230CFF5C01DC8F53AA55DDD234DEB4B58E93151763B109E4	아! 아니에요, 아니에요! 그림 얘기였어요……	REVIEWED	MM	1039
dialogue	1039		GM-ALL-dialogue-1039--1	EB06FD8AA83AE52D9A726B706D1AFEF8CE1A1034396CB8F37FDBB2D6BBC4694A	내 그림이 싫어……?	REVIEWED	HXC	1040
dialogue	1040		GM-ALL-dialogue-1040--1	CD4C0650275D8F4CC1D3D8B181D03028DF34AB7E061150B5C53F796576E284E9	한샤오청의 표정이 더 시무룩해졌다.	REVIEWED		1041
dialogue	1041		GM-ALL-dialogue-1041--1	D9E6D11A07E2571A94342CFB0E3718AE8395AD14B36EBEF45BFAFDA351A55058	그것도 아니에요……! 선배 그림을 말한 게 아니라…… 저는…… 어……	REVIEWED	MM	1042
dialogue	1042		GM-ALL-dialogue-1042--1	A7F878B8CED1A7957C560D573E30DDBBC1696E38C370513AACBBF4BFF12E7F43	……	REVIEWED	HXC	1043
dialogue	1043		GM-ALL-dialogue-1043--1	A7F878B8CED1A7957C560D573E30DDBBC1696E38C370513AACBBF4BFF12E7F43	……	REVIEWED	MM	1044
dialogue	1044		GM-ALL-dialogue-1044--1	4DB44CB10252D0E3AFF89714360B36F4F75DD85A35BD1B10EA7F9CD67BB52AF3	죄송해요. 실례되는 말을 해서……	REVIEWED	MM	1045
dialogue	1045		GM-ALL-dialogue-1045--1	B5270DBE20724C86E00705D847925FA51EC74DABCCB6CB3FBCFBC292CD371FC7	샤오예는 조심스럽게 한샤오청에게 고개를 숙였다.	REVIEWED		1046
dialogue	1046		GM-ALL-dialogue-1046--1	F59EBCC6011406FE662356EC9BFD8725B02E0A14B27C25C6ED184260441BCCEE	응응, 괜찮아. 예전에, 친구도 비슷한 반응이었어.	REVIEWED	HXC	1047
dialogue	1047		GM-ALL-dialogue-1047--1	971647E55CC7D0A9F14DB5DCA11225C6E8754532AA73C7C1A7E5371EA33C9FDE	비슷한 반응을 보인 친구도 있었구나.	REVIEWED	LM	1048
dialogue	1048		GM-ALL-dialogue-1048--1	EB1BE1FB7835C7067716FA022FE7D705C3EACF1C6ED24A43FEDD12CA1951F120	그 뒤로, 친구 아니게 됐어.	REVIEWED	HXC	1049
dialogue	1049		GM-ALL-dialogue-1049--1	192E9D3010B1C7787D0BCB7B1A33DEBA4E85029E0540948BEE4A4A66FBC01317	반응이 너무 과격하잖아?!	REVIEWED	LM	1050
dialogue	1050		GM-ALL-dialogue-1050--1	D084DF5D7840E0517BCACEA5B6649569301596BC910EE467F1DB62CA71D94A56	나와 한샤오청은 그래플링 하우스 안으로 들어갔고, 샤오예는 한참 망설이다가 겨우겨우 발을 옮겨 안으로 들어왔다.	REVIEWED		1051
dialogue	1051		GM-ALL-dialogue-1051--1	E3B0C44298FC1C149AFBF4C8996FB92427AE41E4649B934CA495991B7852B855		EMPTY_CONTROL		1053
dialogue	1053		GM-ALL-dialogue-1053--1	4505259752BA65D9551A4140929523DEA638E3E11302EBAC1E559FD94EF591A4	……우와, 세 명! 신기록이에요!	REVIEWED	MCL	1054
dialogue	1054		GM-ALL-dialogue-1054--1	D1B767A53308EDE359B6E3B4747E50DE9B9B29A5B72A3EDD109BF34FC08B24A2	그래플링 하우스는 여전히 휑했고, 모추링만 카운터 뒤에서 키보드를 두드리고 있었다.	REVIEWED		1055
dialogue	1055		GM-ALL-dialogue-1055--1	72C3A033EEA8A656A8F98C950DD0F4BAB8D33259C26DC192D798DCCD037F311C	오늘은 여동생분도 데리고 오셨네요! 어서 오세요~	REVIEWED	MCL	1056
dialogue	1056		GM-ALL-dialogue-1056--1	D11BA79D723449A50B0E37D6B58A88D5AAF7A2A0E720CD19833E05D9277C0F53	감사합니다. 실례할게요.	REVIEWED	MM	1057
dialogue	1057		GM-ALL-dialogue-1057--1	14BE9C3FA5538C1F68C4AA3C9AC3F702D8896BCE1F0AB8F47CEAC35F10DBFCD5	막상 안으로 들어오자 예상과 달리 샤오예는 호기심 어린 눈으로 가게 안을 두리번거렸다.	REVIEWED		1058
dialogue	1058		GM-ALL-dialogue-1058--1	41473A0E384F7711A3C37BF05F9D636530601CE14BB673FD3FBA5E8469287BB8	속으로 안도의 한숨을 쉬었다. 모추링이 입구 근처에 진열해 둔 상품들은 전부 무척 건전한 것들이라, 샤오예에게 나쁜 인상을 주진 않을 것 같았다.	REVIEWED		1059
dialogue	1059		GM-ALL-dialogue-1059--1	0C39914ADCBC8E52BCF20D353D6E051F76A080AA0099636B1E56405A20C119A5	이야기를 나누던 중 유리문이 다시 열렸다.	REVIEWED		1060
dialogue	1060		GM-ALL-dialogue-1060--1	3D5266EFC9A6D1B47EAA6529DD13FCC45A59B3AA80057A6EEC71325306793F5D	잡담을 나누던 모추링은 곧장 카운터 뒤로 돌아가 손님을 맞았다.	REVIEWED		1061
dialogue	1061		GM-ALL-dialogue-1061--1	FECEBA89E4EA85AD4B844237209D6D95C74D7B335477D86BE52C0CC5DC80EDFC	어서 오세요—	REVIEWED	MCL	1062
dialogue	1062		GM-ALL-dialogue-1062--1	4EBF40CBF1F7C903D5B7C8CAF76FE94E0B5099E4F01D71877DDB11AF4E5644D5	앗! 네 명이다! 또 신기록이에요!	REVIEWED	MCL	1063
dialogue	1063		GM-ALL-dialogue-1063--1	A7F878B8CED1A7957C560D573E30DDBBC1696E38C370513AACBBF4BFF12E7F43	……	REVIEWED	BXY	1064
dialogue	1064		GM-ALL-dialogue-1064--1	EE1C9DD0C4AD3753FA998AD2BE77C14494FFD7AD9F9E60E0C2EAB7A3C0B68A13	그 신비한 백발 소녀였다.	REVIEWED		1065
dialogue	1065		GM-ALL-dialogue-1065--1	3588EF6DB613422CA6C29AE8FF0FCE6E4EDB37E182531704AA5EEA5F6823AA20	그녀는 문을 들어서자마자 그 자리에 우뚝 멈춰 섰다.	REVIEWED		1066
dialogue	1066		GM-ALL-dialogue-1066--1	0A17ED1D43824A744487AC5540886C7AD1C96D51B1878ADC5E14921D8107D8F8	나까지 있는 걸 보자 눈빛이 순식간에 날카로워졌다.	REVIEWED		1067
dialogue	1067		GM-ALL-dialogue-1067--1	6B51D4C1FD30F14C9D1D27D964A98B6183E05F62FD36C772BAD5EDC66604A279	무서워…… 그날 미연시 하는 걸 들킨 것 때문에 아직 화난 건가.	REVIEWED		1068
dialogue	1068		GM-ALL-dialogue-1068--1	18BA4B592A20C940CC37EE2B5F0D28B18012EACDE5AFE99D40D9E6B78B181834	기회가 되면 꼭 사과해야겠다.	REVIEWED		1069
dialogue	1069		GM-ALL-dialogue-1069--1	80A25783FA5B736E18693CFF8DAC48502C6A40365D62B04A19BC9DCB8A12C97D	바이셴위는 말없이 반걸음 물러서며 등으로 유리문을 밀어 열었다—	REVIEWED		1070
dialogue	1070		GM-ALL-dialogue-1070--1	168CFE9AE7AC272B1456F67F76CE3A40C7FA55AA55351B1A8183F8F6B7A672C9	맞다! 오늘은 모처럼 이렇게 많이 왔으니까……!	REVIEWED	MCL	1071
dialogue	1071		GM-ALL-dialogue-1071--1	9F14DEE1836CD0B052FE00EFAE97FC3AEF71F28508C791B30F17FAE36BBA4525	모추링은 그렇게 말하며 카운터 옆 음료 기계로 달려갔다.	REVIEWED		1072
dialogue	1072		GM-ALL-dialogue-1072--1	19EBDF6F0411421DDD2D2688F9C3471FBD339075F98CEB22D5B9D823F7804096	시럽을 탄 뒤 홍차를 섞고, 코코넛 젤리와 얼음을 넣는다. 능숙한 손놀림이 보기 좋았다.	REVIEWED		1073
dialogue	1073		GM-ALL-dialogue-1073--1	09311F8FE14E9091BC46EFB1E230B49EE62A40B466481C1488C3AD31C799128D	그녀는 완성한 밀크티를 카운터 앞에 내놓았다.	REVIEWED		1074
dialogue	1074		GM-ALL-dialogue-1074--1	24D71F8B569BFA292FF46E63E3CC4FB3F0D04C94830AF515BEC04875E935F10A	음료는 전부 무료예요! 일단 한 잔 드실래요?	REVIEWED	MCL	1075
dialogue	1075		GM-ALL-dialogue-1075--1	7275867FA7D2C25B4AFE6C244E5736FF53196CC70808023A30872E2FE2A8785F	이미 만들어 둔 걸 대놓고 거절하기도 예의가 아닌 것 같았는지, 바이셴위는 망설이다 고개를 끄덕였다.	REVIEWED		1076
dialogue	1076		GM-ALL-dialogue-1076--1	9AC818CCB0E8089349DE1A330B5B5174D029206740E791653051D1392DEC2D1C	……감사합니다.	REVIEWED	BXY	1077
dialogue	1077		GM-ALL-dialogue-1077--1	A0A83749B44894640FD9D49E6185A73172EA7CBE8D7D9137B8C092E62884724F	접객 카운터는 안쪽으로 이어져 작은 바 형태가 되어 있었다. 그녀는 조용히 밀크티를 들고 우리와 두 자리쯤 떨어진 곳에 앉았다.	REVIEWED		1078
dialogue	1078		GM-ALL-dialogue-1078--1	9F468305B849218F111A0747A3830B41B2D04EEB113256BE2FBE8FA1B3598E9D	허리를 꼿꼿이 세운 채 휴대폰도 꺼내지 않고, 벽만 멍하니 바라보며 빨대를 물고 있었다.	REVIEWED		1079
dialogue	1079		GM-ALL-dialogue-1079--1	A97B665ADCB0D7692E2674BF182F69C05563EA62265DC664A015044AF110D530	두 분도 뭐라도 드세요!	REVIEWED	MCL	1080
dialogue	1080		GM-ALL-dialogue-1080--1	81BEDE0B9E3901BD0582752CD417577846FD54500B77D3BB39922A1FCD25F016	아, 아니에요. 너무 폐 끼치는 것 같아서……	REVIEWED	MM	1081
dialogue	1081		GM-ALL-dialogue-1081--1	F4177156A3F249E184A6B83F9B5BCD2836839B97EC54B66C58ED24E53EF3389B	괜찮아, 샤오예. 이 가게는—	REVIEWED	LM	1082
dialogue	1082		GM-ALL-dialogue-1082--1	44C45DD15A262BC494B3268C6EF5BC5CF4FDFF73BACE7EC9D4F5971E751EFC8E	엄청 편하게 있어도 되는 곳이에요~	REVIEWED	MCL	1083
dialogue	1083		GM-ALL-dialogue-1083--1	3149558EB3071CD21E6B5C9061A7F7F01DF6ED2F160F0CB9F3819A05D6154568	나와 모추링은 서로를 보며 웃었다.	REVIEWED		1084
dialogue	1084		GM-ALL-dialogue-1084--1	A7F878B8CED1A7957C560D573E30DDBBC1696E38C370513AACBBF4BFF12E7F43	……	REVIEWED	MM	1085
dialogue	1085		GM-ALL-dialogue-1085--1	0C51E2BEBBC82703D5BA81A7ACA9B31D66FE8E14ECD15539C90FA8509E01312A	모추링이 음료를 준비하러 간 사이, 샤오예가 내 옷자락을 잡아당겼다.	REVIEWED		1086
dialogue	1086		GM-ALL-dialogue-1086--1	79195CF56845EFE89239991FA3F28DEE4470BD82670267BB299D1B7BC74CA4FF	오빠, 저분이랑 오래 알았어?	REVIEWED	MM	1087
dialogue	1087		GM-ALL-dialogue-1087--1	A0CE1368EA675E96B367FE1F70F1591DDBE2D51D5640D7AD42771E40E7DF9F93	엊그제 처음 만났어. 엄청 싹싹한 사람이지?	REVIEWED	LM	1088
dialogue	1088		GM-ALL-dialogue-1088--1	4611F089850D12B99723D5D4AF6BA603AED28ED91EC48D9E9BF1EC290A93F2CA	싹싹하다기보단……	REVIEWED	MM	1089
dialogue	1089		GM-ALL-dialogue-1089--1	EE20B817B44F4FEE843DAFA14A06E63ACBD464480FD03488191F640EB13F2B68	“어떻게든 붙잡아 두려고 애쓰는 것 같은데……” 샤오예가 작게 혼잣말했다.	REVIEWED		1090
dialogue	1090		GM-ALL-dialogue-1090--1	E3B0C44298FC1C149AFBF4C8996FB92427AE41E4649B934CA495991B7852B855		EMPTY_CONTROL		1092
dialogue	1092		GM-ALL-dialogue-1092--1	57BF411F0C216E97AFABDEF6FE9862B3E91E7810B51DFB9ED60DF126D392F1F3	우리 다섯은 바 앞에 나란히 앉았다.	REVIEWED		1093
dialogue	1093		GM-ALL-dialogue-1093--1	08D26A6604A9122D667514008A0B3BFAF81345E29C7E74AA6EA34681554E0684	한샤오청은 여전히 그림을 그리고 있었고, 샤오예는 내 옆에서 가끔 한샤오청의 태블릿을 힐끗 본 뒤 아무 일도 없었다는 듯 차를 한 모금 마셨다.	REVIEWED		1094
dialogue	1094		GM-ALL-dialogue-1094--1	434893A9F6E16186C58ADAC9A5CC250ED45FB44E6D9B2D88DF598A5D01DCED21	바이셴위는 구석에서 말없이 앉아 있었고, 밀크티도 거의 다 비어 갔다.	REVIEWED		1095
dialogue	1095		GM-ALL-dialogue-1095--1	4AB7D1C94FA64EA77E0B5C600350BBA3BC61684FCDDA1338246F867857023B16	근데 왜 모추링 씨도 같이 앉아 있어요?	REVIEWED	LM	1096
dialogue	1096		GM-ALL-dialogue-1096--1	577A90FDFBCCA1AFACEE2E4A4B292C713EF6051700F9B38D517073AB4F0324F5	모추링은 내 왼쪽에서 콧노래를 흥얼거리며 활짝 웃고 있었다.	REVIEWED		1097
dialogue	1097		GM-ALL-dialogue-1097--1	00A9D6B0DF9EE38079D0AB5215EB092DD003AFC6E6615FD5B8E5082095AEFCC9	이런 광경이 제가 보고 싶었던 거예요……	REVIEWED	MCL	1098
dialogue	1098		GM-ALL-dialogue-1098--1	17FA288DCD8798F015BFE60DC2CA8ECAA78C4BDB3D79D3D9B745C446588B63D0	이런 광경이요?	REVIEWED	LM	1099
dialogue	1099		GM-ALL-dialogue-1099--1	40ECA8D0D2139704A9F7B6927DC021A2E9C03C6BDD6F0E721AC51EE47F01040B	같은 걸 좋아하는 사람들이 이 가게에 모여서, 좋아하는 작품이나 원화가 얘기를 함께 나누는 거요…… 계속 이런 걸 해 보고 싶었어요.	REVIEWED	MCL	1100
dialogue	1100		GM-ALL-dialogue-1100--1	CEB31E8899E5B5B12FF753047418422AF4A82FB8C90237E66467EB51AC0DFB7E	우리 지금 아직 아무도 제대로 얘기 시작 안 한 것 같은데요……	REVIEWED	LM	1101
dialogue	1101		GM-ALL-dialogue-1101--1	9021A7286545AE3D2D09B4A8B78FB71A15420DB482E920A3995041136C03AAD4	헤헤, 그렇긴 하네요. 아직 완전히 이루어진 건 아니지만…… 그래도 벌써 만족스러워요.	REVIEWED	MCL	1102
dialogue	1102		GM-ALL-dialogue-1102--1	573A1EE34EF356C57CD89871D58D4775783B6B3898577B0CBFD0DC56EDC1858F	구석에 있던 바이셴위가 살짝 고개를 돌려 이쪽을 보더니, 빈 컵을 들고 걸어오는 게 눈에 들어왔다.	REVIEWED		1103
dialogue	1103		GM-ALL-dialogue-1103--1	8603D95B1609BB7008013E373FDAE03CB60770BF672F2726DBDA8BB50CFCAF3D	감사합니다……	REVIEWED	BXY	1104
dialogue	1104		GM-ALL-dialogue-1104--1	D5CD3A3B5E7F5A3768EAA72791A82B6D7B51964EEE2A6FFFA1159757B606D682	그녀는 컵을 카운터에 내려놓고 나가려 했다.	REVIEWED		1105
dialogue	1105		GM-ALL-dialogue-1105--1	1BF6ABE7AB301FCF377392CF91A23308B8B940436E9EC6B68E476FD93BF50BFF	어, 벌써 가시게요?	REVIEWED	MCL	1106
dialogue	1106		GM-ALL-dialogue-1106--1	67D2F0C11A66376051BEC1FB89B6E27C5656088442B055F3CAC7935BEF4D5F04	……오늘은, 그냥 바람 쐬러 나온 것뿐이라…… 여윳돈이 없어요.	REVIEWED	BXY	1107
dialogue	1107		GM-ALL-dialogue-1107--1	A36F6BC82E63D3E346D42FA89CD683F4A7BBBCBDA436657E27C3EB117187CAD0	그럼…… 아! 오늘 여기서 게임하는 것도 무료예요!	REVIEWED	MCL	1108
dialogue	1108		GM-ALL-dialogue-1108--1	A7F878B8CED1A7957C560D573E30DDBBC1696E38C370513AACBBF4BFF12E7F43	……	REVIEWED	BXY	1109
dialogue	1109		GM-ALL-dialogue-1109--1	A7F878B8CED1A7957C560D573E30DDBBC1696E38C370513AACBBF4BFF12E7F43	……	REVIEWED	LM	1110
dialogue	1110		GM-ALL-dialogue-1110--1	BA12B3E9D9E24E2EC7CE9AD3102EBCBF5A9DEB9D4B8D2E1C005510FBF52AA1F9	바이셴위와 나는 동시에 굳어 버렸다.	REVIEWED		1111
dialogue	1111		GM-ALL-dialogue-1111--1	639A887EE8C7905EDCBB8C0AEB2130D851CE74C4A3F2F6020660CF7F638BA64C	……우……	REVIEWED	MCL	1112
dialogue	1112		GM-ALL-dialogue-1112--1	B22B89CEE1824C280D672B5F5B4721D67AF633D304925F0C84D6B1EF81C7FAC0	저기……! 괜찮으시다면, 조금 더 놀다 가 주세요!	REVIEWED	MCL	1113
dialogue	1113		GM-ALL-dialogue-1113--1	CE2F85ECACFF67A48AC7A681AFFD8DFDAD43474DF7AE482D3C2C95BD665D17B9	두 손을 모으고 고개까지 숙여 부탁하고 있었다.	REVIEWED		1114
dialogue	1114		GM-ALL-dialogue-1114--1	5677CDC7409F437F2CEC8D0767BC3A7BA9ED11E35693CCB9F8FA2159401052D5	그래플링 하우스 동시 접속자 수 신기록에 너무 집착하잖아.	REVIEWED		1115
dialogue	1115		GM-ALL-dialogue-1115--1	A7F878B8CED1A7957C560D573E30DDBBC1696E38C370513AACBBF4BFF12E7F43	……	REVIEWED	BXY	1116
dialogue	1116		GM-ALL-dialogue-1116--1	874B2E268D02DC6D3A58468B0C34356C04E6AE6CE2BE2E1CE5910DB01C7EFDD8	백발 소녀는 난처한 듯 고개를 갸웃했지만, 결국 다시 돌아왔다.	REVIEWED		1117
dialogue	1117		GM-ALL-dialogue-1117--1	09794A7E7FD754CC30F7F1F7B39C0D029C62C4FE88586797CC9A349A815B6214	고마워요…… 정말 괜찮나요?	REVIEWED	BXY	1118
dialogue	1118		GM-ALL-dialogue-1118--1	AAEBBFBDEE7DA851436F461D725A8802B823412AA7068E5450B5069E59C46507	괜찮아요, 괜찮아요! 안쪽으로 들어가세요! 아, 그리고 엊그제 제가 추천했던 그 미연시는—	REVIEWED	MCL	1119
dialogue	1119		GM-ALL-dialogue-1119--1	E9FE4840E2E1D4F09E290143388D0A3CEA7368DA3E47EFF259AC4F0389FEE64E	집에 가서 직접 찾아볼게요.	REVIEWED	BXY	1120
dialogue	1120		GM-ALL-dialogue-1120--1	5408394BE5283CFE5D1BB33FF0D9B12BBD2BF347D0EDC510C28F706D7DCDB8DC	우우…… 네……	REVIEWED	MCL	1121
dialogue	1121		GM-ALL-dialogue-1121--1	7F64C4F346C64D8148646FC522E03E604902E23F826E5D56BE4448514D2E44B4	모추링은 울상이 되어 다시 자리에 앉았다.	REVIEWED		1122
dialogue	1122		GM-ALL-dialogue-1122--1	CD8227C9D36F984C3A6F60B96437DD3C271DC7D90E0FDBCD1C6C7CDF9B749BD8	대체 얼마나 우리를 여기 붙잡아 두고 싶은 거예요.	REVIEWED	LM	1123
dialogue	1123		GM-ALL-dialogue-1123--1	67E89E68828E74CF666608BFCE1FBEF61B79A05693DFC41DFF6D38ABD0CAC936	그게, 그게 말이죠. 평소엔 사람이 이렇게 많이 안 오니까요…… 아니면 리밍 씨도 이번에 새로 나온 미연시 한 번 해 보실래요? 다 같이 하면 재밌고, 캐릭터도 엄청 귀여운데—	REVIEWED	MCL	1124
dialogue	1124		GM-ALL-dialogue-1124--1	E17079B8948E3A66AC4409A7E2CFAB56ADE6699ED5D7FA1BF294863BE1FFD986	죄송한데 그건 집에 가서 할게요. 밖에서 미연시 켜는 건 아직 무리예요.	REVIEWED	LM	1125
dialogue	1125		GM-ALL-dialogue-1125--1	5AE5F2D362C309101A4BAE40B28B80F626AD8A4EBE419080210A1F93D568FB24	우우우…… 저 아직 게임 이름도 안 말했는데요……	REVIEWED	MCL	1126
dialogue	1126		GM-ALL-dialogue-1126--1	E3B0C44298FC1C149AFBF4C8996FB92427AE41E4649B934CA495991B7852B855		EMPTY_CONTROL		1128
dialogue	1128		GM-ALL-dialogue-1128--1	17C9B8E2F6AE15AB22A4D40177971F2FABDBC8AC33597C3AFE0768B311C52B93	바이셴위는 가게 안쪽으로 가 게임기를 켰다. 이쪽에서도 TV 화면에 불이 들어오는 게 보였다.	REVIEWED		1129
dialogue	1129		GM-ALL-dialogue-1129--1	87F33378544889FEF1466061BDEA8331127ABB65D0A123046C6A87B4D1D88FF5	반대편에서는 어느새 샤오예와 한샤오청이 이야기를 나누고 있었다.	REVIEWED		1130
dialogue	1130		GM-ALL-dialogue-1130--1	5FDA3040FEAD5DE7077674C8F714B8127752AB9CDC16E3DF1556C2E03AFF4A76	이거…… 화면 엄청 크네요. 만화는 이런 걸로 그리는 거예요?	REVIEWED	MM	1131
dialogue	1131		GM-ALL-dialogue-1131--1	5C7A9F97ADB5BED9D4C6ACA666DFFD0E37FDA970EBCFC2C8C0060523A483E295	응.	REVIEWED	HXC	1132
dialogue	1132		GM-ALL-dialogue-1132--1	4EE98B43CDE8AFF0652790714BF0E6931F66A82086A580EB8C0E53D05EBE0413	너도, 해 볼래?	REVIEWED	HXC	1133
dialogue	1133		GM-ALL-dialogue-1133--1	AEFE85CCFCC1A316C089582A4A5CC7D1BF8081A96B39768A3677A0D7A4A0B720	엣!? 전 안 돼요. 중학교 미술 시간 이후로는 그림도 안 그려 봤어요……	REVIEWED	MM	1134
dialogue	1134		GM-ALL-dialogue-1134--1	0FBB3275C32F3383D91F52A123790899ECAD80FF77616B0303A12BC3C60D42AF	그림은, 재능 없어도 돼……	REVIEWED	HXC	1135
dialogue	1135		GM-ALL-dialogue-1135--1	D491244A5779C879C3C3B0C1BB9C543D4C1A58D2498BD533C0401F30E9AFC04B	어째 이 대화, 어제도 들었던 것 같은데.	REVIEWED		1136
dialogue	1136		GM-ALL-dialogue-1136--1	70D04FBC1F50630C6DD0BC63C11F3E086A8D7FC27B142C180DC7305127F628D7	나는 자리에서 일어나 게임 코너로 향했다.	REVIEWED		1137
dialogue	1137		GM-ALL-dialogue-1137--1	1111ED55A861872954811E1F17D48AFCD3C9DE9CB1BCEBF5895C3A95E6374C07	전에 모추링이 한 말을 들어 보면, 바이셴위는 이곳 단골이라고 했다.	REVIEWED		1138
dialogue	1138		GM-ALL-dialogue-1138--1	3635AF1A48482A05A80740DEA5AD89C3D6240F4571D4C99603B50960FE7C8108	앞으로 나도 여기 놀러 오려면 분명 몇 번이고 마주치게 될 거다.	REVIEWED		1139
dialogue	1139		GM-ALL-dialogue-1139--1	F79EDB7907FFB023F4B188DB55688390427C5B41463A89264189D03A3200F499	올 때마다 노려보이면 견디기 힘들 텐데…… 이참에 사이가 너무 어색하지 않게 풀어 두는 게 좋겠다. 잠깐이라도 얘기할 수 있으려나.	REVIEWED		1140
dialogue	1140		GM-ALL-dialogue-1140--1	8720633D5035ADA3C032D3EA7C17739AD871D31091CE16E90813E5CF8E7EDD07	이번에는 바이셴위가 이어폰을 끼고 있지 않았다. 내가 다가온 걸 알아차리자 몸을 조금 옮겨 거리를 벌린 것 같았다.	REVIEWED		1141
dialogue	1141		GM-ALL-dialogue-1141--1	A7F878B8CED1A7957C560D573E30DDBBC1696E38C370513AACBBF4BFF12E7F43	……	REVIEWED	LM	1142
dialogue	1142		GM-ALL-dialogue-1142--1	24970A41FE3ABEF534D2D44806117BA740C4928ACB95B308150DD777754D9E08	뭐라고 말을 걸어야 하지.	REVIEWED		1143
dialogue	1143		GM-ALL-dialogue-1143--1	BC1F96DF6BB48D7E0EBC66D8190964BED75B41A84299339334911F7AA114728D	나는 방석 하나를 집어 바이셴위와 조금 거리를 둔 곳에 앉았다.	REVIEWED		1144
dialogue	1144		GM-ALL-dialogue-1144--1	57D93C2D7B22DE7252653638A18C0153B013CB5AC2408DADAFD830AC8A883D36	백발 소녀가 이쪽을 봤다. 또 그 날카로운 눈빛이다.	REVIEWED		1145
dialogue	1145		GM-ALL-dialogue-1145--1	EC3EB74B16DBA180ABED7BC9975F92FDCF7F2B951F8FA5972446A814509B6373	나는 아까 상점가에서 산 걸 꺼냈다.	REVIEWED		1146
dialogue	1146		GM-ALL-dialogue-1146--1	D033A9149456A9BCAF09CF74538ED1786F87765E0818AD64BF18DBB5A4C2153D	이거, 타코야키 먹을래? 나랑 샤오예 둘이 먹기엔 좀 많아서.	REVIEWED	LM	1147
dialogue	1147		GM-ALL-dialogue-1147--1	A7F878B8CED1A7957C560D573E30DDBBC1696E38C370513AACBBF4BFF12E7F43	……	REVIEWED	BXY	1148
dialogue	1148		GM-ALL-dialogue-1148--1	0CBAA7F8F6D2693BCF6879503F0E76A45D72CFD7A1807ADA1976DC8E8E897580	그녀의 눈이 살짝 커졌다.	REVIEWED		1149
dialogue	1149		GM-ALL-dialogue-1149--1	71FED7815AB21966C2BA24B68D77ADF1E43803396574D645FF20CB396AC28ADB	나를 보진 않고 타코야키만 뚫어져라 바라봤다.	REVIEWED		1150
dialogue	1150		GM-ALL-dialogue-1150--1	8869C3A947B198F2866DB54E537EBD4AEC23D4A0DB8E246C567927BDD21204BB	손을 뻗을 줄 알았는데, 바이셴위는 고개를 저은 뒤 다시 게임을 했다.	REVIEWED		1151
dialogue	1151		GM-ALL-dialogue-1151--1	A7F878B8CED1A7957C560D573E30DDBBC1696E38C370513AACBBF4BFF12E7F43	……	REVIEWED	LM	1152
dialogue	1152		GM-ALL-dialogue-1152--1	FA5A68031977B1639F73B564449EDC868DD1D97716AD4D69D8F6B542DFF7480D	하긴, 결국 낯선 사람이 주는 음식이니까. 경계하는 게 맞지.	REVIEWED		1153
dialogue	1153		GM-ALL-dialogue-1153--1	7528F2C1E8FF4CD7842125D17C338F70A6DB529AF3410F3E6FE3AC0817883894	먹을 걸로 분위기를 좀 풀고 말을 걸어 보려 했는데, 작전 실패다.	REVIEWED		1154
dialogue	1154		GM-ALL-dialogue-1154--1	D0CCA7827F662EB7AD05F88C4F909D2C885B1B4FFCF9D621BE6A34EAD5094872	—인 줄 알았는데 아닌가.	REVIEWED		1155
dialogue	1155		GM-ALL-dialogue-1155--1	74BD9322F143D840F0180384A41AAAA2FD4C2B32294730C44CD1D203A9820F71	바이셴위가 슬쩍 다시 시선을 돌렸다가 재빨리 화면으로 되돌렸다.	REVIEWED		1156
dialogue	1156		GM-ALL-dialogue-1156--1	8757F8B73A6F9BA59BA60FF4518B9E66D113BEE6AF2BE7CBA88BAFC591C9D6EF	저 타코야키, 진짜 냄새 좋긴 하지.	REVIEWED		1157
dialogue	1157		GM-ALL-dialogue-1157--1	251C8930C2EC9F7A847713AFB54B91D47BBEA042A539A6441BDB3603051AEBF7	지금은 오후 다섯 시. 저녁때가 다가오는 시간에 이 냄새의 파괴력은 말할 것도 없었다.	REVIEWED		1158
dialogue	1158		GM-ALL-dialogue-1158--1	DF1E7FCD03EB25C27EFAB4FB84EFA3F16479FFD90207A3417D459C7A8D37CD77	그녀가 다시 한번 힐끗 봤다.	REVIEWED		1159
dialogue	1159		GM-ALL-dialogue-1159--1	82FEC3801D176574A5C73B753C0428097BA4EFACD01F74D8BBEB0F256D85692F	으……	REVIEWED	BXY	1160
dialogue	1160		GM-ALL-dialogue-1160--1	5104B4ECEF8A4EA5C93E2853F70287A3E1A5B9CCE354897FEF3D6E75B1500613	내게 들키자 민망한 듯 작은 소리를 냈다.	REVIEWED		1161
dialogue	1161		GM-ALL-dialogue-1161--1	9AC818CCB0E8089349DE1A330B5B5174D029206740E791653051D1392DEC2D1C	……고마워.	REVIEWED	BXY	1162
dialogue	1162		GM-ALL-dialogue-1162--1	21CFC418F983E32946FB69AFE8E744E7F76711F3F5D44FE8CD4B0C48D46ABCBD	백발 소녀는 얼굴을 붉히며 살짝 고개를 끄덕이더니, 게임 패드를 내려놓고 비닐봉지 안의 꼬치를 집었다.	REVIEWED		1163
dialogue	1163		GM-ALL-dialogue-1163--1	8CD273BB9F85D8A5AE016B97B737A82545C745842A78AB85CD3DBC2CF47242F2	생각했던 것만큼 공격적인 성격은 아닌 것 같은데……?	REVIEWED		1164
dialogue	1164		GM-ALL-dialogue-1164--1	8362D7D65E24BC0323559AE194447FD196BA437477E3128A8D446261E923EFE6	그녀는 작은 입을 벌려 고기 고명과 김가루까지 한입에 베어 물더니, 금세 황홀한 표정을 지었다.	REVIEWED		1165
dialogue	1165		GM-ALL-dialogue-1165--1	BC5BFC309E0385E8E49028C7AE5C8E93F225D1154EFCF9338819063B40FAC847	첫 번째 타코야키를 다 먹자 다시 꼬치를 내밀었다.	REVIEWED		1166
dialogue	1166		GM-ALL-dialogue-1166--1	FBE9B8A6562528C71DAC2F35E4BB3503757FD80FD15A323C0F3842922F08E2DA	아……	REVIEWED	BXY	1167
dialogue	1167		GM-ALL-dialogue-1167--1	D8F7162A5942861826B11F3FED803ACCF93147AE694D43F364BF86DDD8925B98	하지만 타코야키 용기까지 완전히 손을 뻗진 못하고, 바이셴위는 손을 거둬들였다.	REVIEWED		1168
dialogue	1168		GM-ALL-dialogue-1168--1	AE2BD04BB2163DD97CFBF6FB1218229A18E32F38EE95430D0315E1265ACE3B02	그녀는 나를 향해 고개를 저었다.	REVIEWED		1169
dialogue	1169		GM-ALL-dialogue-1169--1	368FCDA6ABBDE5BD607689100070B190AC3F042B447BFC7DF0F0FC7FC6B9A640	배고프면 더 먹어도 돼……? 나랑 샤오예 먹을 거 몇 개만 남겨 줘.	REVIEWED	LM	1170
dialogue	1170		GM-ALL-dialogue-1170--1	3ADCB1052059902CCFF20278C7602816673786EE670D41338412D982E1D47E95	백발 소녀는 망설이며 나를 바라보다가, 결국 속으로 무언가를 포기한 듯 어깨를 축 늘어뜨리고 두 번째 타코야키를 집었다.	REVIEWED		1171
dialogue	1171		GM-ALL-dialogue-1171--1	CE2E0C8D38EAA581E3C46A1A1DC3F154D3B209B7066DE2315180BB102FDE7C76	으음…… 음…… 하아……	REVIEWED	BXY	1172
dialogue	1172		GM-ALL-dialogue-1172--1	006796677499665B188116FCF5882937ACAA28C6576C3E6ABA64A11EFC4B6F0C	너무나 행복한 소리를 내더니, 아까까지 날카롭던 분위기는 온데간데없이 얼굴 전체가 말랑하게 풀어졌다.	REVIEWED		1173
dialogue	1173		GM-ALL-dialogue-1173--1	FC7E37CB24B6BE3A03FD81282020FCE278B2DBC109398BA1718C3682F65E94E9	먹이를 받아먹고 경계를 푼 새끼 고양이 같다.	REVIEWED		1174
dialogue	1174		GM-ALL-dialogue-1174--1	1DA4004B1F6ED5C95810B9C75105BED1F700BC75F14CF046C730AEABA08A44A7	저기, 고마워. 이제…… 됐어.	REVIEWED	BXY	1175
dialogue	1175		GM-ALL-dialogue-1175--1	67A2BCFCEDC9950A254E08A8D653588CF67471C22D975129AF1748996F36B65F	그녀는 아주 공손하게 고개를 끄덕인 뒤 주머니에서 휴지를 꺼내 꼬치를 감싸고, 구석의 쓰레기통에 버렸다.	REVIEWED		1176
dialogue	1176		GM-ALL-dialogue-1176--1	533169EF1E58A4505E0EEE0F9F0677E01E966C6C8FB7286DD77F638E07D1ED97	이 정도면 됐겠지?	REVIEWED		1177
dialogue	1177		GM-ALL-dialogue-1177--1	8FC6EEB0F0313176CAA38AAB030E9FEBEF9C8353EFDA0CA3F52902222C9B66A0	엊그제 오후에 게임하는 데 방해해서, 혹시 화났다면 미안해.	REVIEWED	LM	1178
dialogue	1178		GM-ALL-dialogue-1178--1	A7F878B8CED1A7957C560D573E30DDBBC1696E38C370513AACBBF4BFF12E7F43	……	REVIEWED	BXY	1179
dialogue	1179		GM-ALL-dialogue-1179--1	DD60F153EDC6AD2BABB984893B67903376102709BEBC39902C648FF962298BF2	나…… 화 안 났어.	REVIEWED	BXY	1180
dialogue	1180		GM-ALL-dialogue-1180--1	F770D6A80061A9CD3F7B7C34FE7C74A3D1C6B1B72E9C65B98D2F6ABD39E42902	그렇게 날카롭게 쳐다봤으면서, 그게 화난 게 아니라고?	REVIEWED		1181
dialogue	1181		GM-ALL-dialogue-1181--1	0DDC9D6CA777B4EDFC81C5219BB283BBD3101E0905F89BAC81C8E1B2EB76C8D7	그녀는 더 설명하지 않고 잠시 침묵하다가 말을 이었다.	REVIEWED		1182
dialogue	1182		GM-ALL-dialogue-1182--1	01AE0BEBA3A9070F2954031ED50E1ECE7BDC8C4987F26D9D2BB046A75A93A740	……타코야키, 고마워.	REVIEWED	BXY	1183
dialogue	1183		GM-ALL-dialogue-1183--1	70661AA036371D9D56362C5452F70B38223DE57B8ACC3EC15D086D75481928AE	별말을.	REVIEWED	LM	1184
dialogue	1184		GM-ALL-dialogue-1184--1	C1D2FBF086C4FEC09F8DA2947B0B0A5D98BA4CF198F8C02FD1055F91686B33C1	내가 더 말할 기색을 보이지 않자, 바이셴위는 패드를 집어 들고 다시 게임 세계로 돌아갔다.	REVIEWED		1185
dialogue	1185		GM-ALL-dialogue-1185--1	C7641601BA43912B7255B4041DEA0FA8D185EF2BED0EA3E980F5A24E3590542A	화난 게 아니라니, 일단 그렇게 믿어 두자.	REVIEWED		1186
dialogue	1186		GM-ALL-dialogue-1186--1	9D26500F7BB5AF8B35DFE4DDEC123A7FFC589CC32222B8E4DF18E02294C8DC16	분위기도 확실히 전보다 덜 답답해졌다. 설마 사실은 나 혼자서 괜히 화나게 했다고 착각했던 건가?	REVIEWED		1187
dialogue	1187		GM-ALL-dialogue-1187--1	2A36A1A03B35B2206F2514233CB1C5496AD36A72F8003B6F196A8CDCC1AE13A0	백발 소녀는 내가 옆에 있는 걸 크게 싫어하진 않는 듯, 딸깍딸깍 패드 버튼을 눌렀다.	REVIEWED		1188
dialogue	1188		GM-ALL-dialogue-1188--1	D1187EDD80A4EAC258D3513B5284E96A6E0C16ADA491C7A0DC618AD15A6F1ECD	나는 다리를 조금 풀고 더 편한 자세로 앉았다.	REVIEWED		1189
dialogue	1189		GM-ALL-dialogue-1189--1	713776287FC886105558DE9A57C74494A66B91E679A60618D7DBE1705359AC04	옆에서 게임을 구경하는 걸 묵인해 준 것 같았다. 마침 이 애가 어떤 게임을 좋아하는지도 궁금했다. 어쩌면 취향이 맞을지도 모르고.	REVIEWED		1190
dialogue	1190		GM-ALL-dialogue-1190--1	E3B0C44298FC1C149AFBF4C8996FB92427AE41E4649B934CA495991B7852B855		EMPTY_CONTROL		1191
dialogue	1191		GM-ALL-dialogue-1191--1	B98B8F9320826AA941D911B9073123C95ACB3137FE05C20C254EE48FE00C0AA5	화면을 자세히 보니, 한 캐릭터가 권총을 들고 어두운 방 안을 걷고 있었다.	REVIEWED		1192
dialogue	1192		GM-ALL-dialogue-1192--1	F6EE9D7CC5C4BF985CBF718342940E45C07E852E452E246EFEB281615C4F7D44	3인칭 액션 게임인가? 화면 분위기가 좀 무서운데……	REVIEWED		1193
dialogue	1193		GM-ALL-dialogue-1193--1	299ED7AAEF77A4904A27C2BA8F81BBE0166589E1256CCEA2324E4E67D9C99777	그렇게 생각하던 순간, 어두운 방 안에서 중세 갑옷을 입은 괴물이 갑자기 튀어나왔다. 귀를 찌르는 효과음과 괴물의 포효에 나도 화들짝 놀랐다.	REVIEWED		1194
dialogue	1194		GM-ALL-dialogue-1194--1	469D1B6B4C7CE9EFE3F8842FA14AF7D86D6A76D9E7085306D8FCDE72F9716C92	으앗!	REVIEWED	BXY	1195
dialogue	1195		GM-ALL-dialogue-1195--1	96964913E4955BAF5F65C04F371FB855BB92E1C9C690C29E5C8515C11D38F1A7	옆에 있던 바이셴위도 작게 비명을 지르며, 패드를 쥔 두 손을 흠칫 떨었다.	REVIEWED		1196
dialogue	1196		GM-ALL-dialogue-1196--1	9AF3F6F621FDADF4D944F814C9F1AD2C3994518B57D41552957B7DC3609650FB	그녀는 얼굴을 붉히며 게임을 일시정지하고 깊게 숨을 들이마셨다.	REVIEWED		1197
dialogue	1197		GM-ALL-dialogue-1197--1	2485B8ED0EDBD0052FB35D8574C112BC483675144F1803ED60836D663F3B15EE	이거…… 무슨 게임이야? 너무 무섭잖아…… 나도 소리 지를 뻔했어.	REVIEWED	LM	1198
dialogue	1198		GM-ALL-dialogue-1198--1	54C99A92D74767C416EAC72C99F8AE713223670347E0F41539BB4F2A94F2773E	……바이오세이프티.	REVIEWED	BXY	1199
dialogue	1199		GM-ALL-dialogue-1199--1	153F5EF064B9BF84A60453EE7632171AA1522BCF8CA1F606300757DA54145B02	이게? 바이오세이프티가 이런 게임이었어? 다른 사람이 하는 건 봤는데, 1인칭이었던 걸로 기억하는데……	REVIEWED	LM	1200
dialogue	1200		GM-ALL-dialogue-1200--1	23C77AE11B382A58B7DD122BFD8C62421F5B91CA57D2B03A2544490330E909E3	응?	REVIEWED	BXY	1201
dialogue	1201		GM-ALL-dialogue-1201--1	94187F3D03CC79235819397C8916D4A7954B8581A00E6FBD60220903421011D6	백발 소녀의 얼굴에 의아한 기색이 떠올랐다. 말수가 워낙 적어서 한샤오청처럼 늘 무덤덤한 타입인 줄 알았는데.	REVIEWED		1202
dialogue	1202		GM-ALL-dialogue-1202--1	95A2AB44842FD4780167106C4D5A13556F97F58BAD6AE3CD2D1D2AD6E0FAF618	바이오세이프티 시리즈…… 안 해 봤어?	REVIEWED	BXY	1203
dialogue	1203		GM-ALL-dialogue-1203--1	5DAB7C5BFCF0BF30EA171D4FE5EB71AF3CBE2CD3A46EE93864A6C5C1FA411C19	좀 비싸서. 이 시리즈 그렇게 재밌어? 여기저기서 얘기 많이 하던데.	REVIEWED	LM	1204
dialogue	1204		GM-ALL-dialogue-1204--1	B61814A3C6EE05E54E616B03058322D5429C22415F0F8A1A5FE88D7563B1BE02	엄청……	REVIEWED	BXY	1205
dialogue	1205		GM-ALL-dialogue-1205--1	6C1E8AA1E452A706AE0B41A85D3E778D3DBFF12C5E50CC171DD0FC41839D1475	그녀의 목소리가 커졌다. 하지만 곧 뭔가를 깨달은 듯, 뒤에 이어질 말이 끊어진 테이프처럼 뚝 멈췄다.	REVIEWED		1206
dialogue	1206		GM-ALL-dialogue-1206--1	87EDDE57F118D82EF628F3BC65638BDE6F3E73D1F4BCAF4429300789F7C70006	……응.	REVIEWED	BXY	1207
dialogue	1207		GM-ALL-dialogue-1207--1	486BC5819904080BF9F46DBD7DB995515AD177DF9BE1A1F3F0469CC75AD5893A	애매한 대답으로 바뀌었다.	REVIEWED		1208
dialogue	1208		GM-ALL-dialogue-1208--1	FA494C1FE6E7F1B73F877A2A28D236EDF835C14155549650BFBD62B6B8CE2EFA	마침 요즘 할 게임도 없는데, 이 시리즈…… 처음 하기엔 몇 편이 제일 좋아? 하나 추천해 줄래?	REVIEWED	LM	1209
dialogue	1209		GM-ALL-dialogue-1209--1	7E5DAC8327FE25640F2B023537BF73221E379B70A90EBF8A35BA3F65B4B52CB6	내가…… 추천해도 돼?	REVIEWED	BXY	1210
dialogue	1210		GM-ALL-dialogue-1210--1	550534B5BBD27B111016FD49EC27439797E077BC6B977F27B75CDB235C5A0F3D	응, 괜찮다면.	REVIEWED	LM	1211
dialogue	1211		GM-ALL-dialogue-1211--1	53E7C94113763F5A7B5ED1BC68AE416978CB7B3E664C510DA65CAFC34E345906	그녀의 눈빛이 순간 반짝였다. 내 착각일지도 모르지만, 겉으로 보기엔 여전히 무표정이었다.	REVIEWED		1212
dialogue	1212		GM-ALL-dialogue-1212--1	AEF7805C957D119E4EE0262C933D645452B00529D7E40F93FA5FA6217002056E	4편……이 좋아. 4편 리메이크면, 괜찮을 거야.	REVIEWED	BXY	1213
dialogue	1213		GM-ALL-dialogue-1213--1	F1238C2A5441C3589329C8C73FB41B3A395B6481F5A2288F0CCE3458F365E48C	4편 리메이크구나…… 좋아, 집에 가서 해 볼게.	REVIEWED	LM	1214
dialogue	1214		GM-ALL-dialogue-1214--1	FBE9B8A6562528C71DAC2F35E4BB3503757FD80FD15A323C0F3842922F08E2DA	아……	REVIEWED	BXY	1215
dialogue	1215		GM-ALL-dialogue-1215--1	8B931CBBC5FF834D619D16792036706CC06F14CF1A2024230235D3263006AF89	왜?	REVIEWED	LM	1216
dialogue	1216		GM-ALL-dialogue-1216--1	BCC1D242BF6A57495F0BAA9FFF81C32C17C52079F2F91F201752ECB3F62488FB	……리메이크야. 복각판이나 골드판, HD판, 이식판 같은 게 아니라.	REVIEWED	BXY	1217
dialogue	1217		GM-ALL-dialogue-1217--1	FA27F85EA0CB7D9288836F3DC86905FCD658A1961962D34B16FABA021575C8DB	이 게임 버전이 그렇게 많이 나왔어!?	REVIEWED	LM	1218
dialogue	1218		GM-ALL-dialogue-1218--1	8250F14F0E698296C3049722CE6906D40653688ED566307075B8B5F31D3A833C	명작이니까.	REVIEWED	BXY	1219
dialogue	1219		GM-ALL-dialogue-1219--1	8F923AA28D16B436212CDEAEB1E1445EDDBD5F8B9D66872C8FB6B57BD2210C44	그 말을 끝으로 소녀는 내게 고개를 끄덕였다. 대화는 여기까지라는 뜻이었다.	REVIEWED		1220
dialogue	1220		GM-ALL-dialogue-1220--1	68339219B253B315CE92FADD0B4580F1179DD41464151675F6A18EEA8F22D3E6	그래도 얘기가 아예 안 통하는 건 아니네. 의외로 예의도 바른 사람이고.	REVIEWED		1221
dialogue	1221		GM-ALL-dialogue-1221--1	7A5A9E53E7E3689155772AA4DE7D39AEDF73D55D53B6906E86BA89A8CF2C4CE9	앞으로 그래플링 하우스에 다시 와도 마주치기 어색할까 봐 걱정할 필요는 없겠다.	REVIEWED		1222
dialogue	1222		GM-ALL-dialogue-1222--1	18473896D2FDF2901D9E01BAA7297EE023FE30C5D0F80F7F4D831CED0FDE5F1C	네, 여기 쭉 걸려 있어요—	REVIEWED	MCL	1223
dialogue	1223		GM-ALL-dialogue-1223--1	6A72BA7ED2DB404078ABD9A3D23DE1FE0BB3A0DE4CC302EEEA6D2C59B65B343F	뒤쪽에서 발소리가 들려왔다. 한 사람만은 아니었다.	REVIEWED		1224
dialogue	1224		GM-ALL-dialogue-1224--1	8B931CBBC5FF834D619D16792036706CC06F14CF1A2024230235D3263006AF89	무슨 일이에요?	REVIEWED	LM	1225
dialogue	1225		GM-ALL-dialogue-1225--1	C1C3D2F23A60FC330A4B7C0244E90E31A416AAE53F8D2C4A42662B50CE08BBFE	샤오예가 한샤오청 선생님의 작품을 보고 싶다고 해서 데리고 왔어요.	REVIEWED	MCL	1226
dialogue	1226		GM-ALL-dialogue-1226--1	A7F878B8CED1A7957C560D573E30DDBBC1696E38C370513AACBBF4BFF12E7F43	……	REVIEWED	LM	1227
dialogue	1227		GM-ALL-dialogue-1227--1	1DA4578282307C588F56C3A7A670BEBFE052F482A752693307F1C0BDB4B3B49D	아니, 아니, 이런 걸 보여 주면 안 되죠! 샤오예는 이런 쪽 내성이 전혀 없어서 못 받아들인다니까요!	REVIEWED	LM	1228
dialogue	1228		GM-ALL-dialogue-1228--1	D9937E5E0315039D04FB5871263AA02A23E18BC22CBCF0DFCA1C320FFCAC2E60	이미 늦었다.	REVIEWED		1229
dialogue	1229		GM-ALL-dialogue-1229--1	8E5FB68D192B06ADF69F4488AB7B33539F5B981B7F3C5CCFC4C932F0BDF86847	으음…… 너무 어두워…… 저기, 어디에 있는 건가요?	REVIEWED	MM	1230
dialogue	1230		GM-ALL-dialogue-1230--1	D730C5EAAE5AF4B85A0DF5E60E9FB4991B1B173085093A5C30F32B77530FEE87	저 벽에 있는 거, 내가 그린 거야.	REVIEWED	HXC	1231
dialogue	1231		GM-ALL-dialogue-1231--1	556AD8B30AAD8F52F2A71BFF476D24F2DD1A780F03AE9709017FCB999395209A	오오~	REVIEWED	MM	1232
dialogue	1232		GM-ALL-dialogue-1232--1	A7F878B8CED1A7957C560D573E30DDBBC1696E38C370513AACBBF4BFF12E7F43	……	REVIEWED	MM	1233
dialogue	1233		GM-ALL-dialogue-1233--1	F0EC09EE644EDCDCA2A1BE496E2E00F1904037E94880217B98F3314BF73DFA07	나는 샤오예의 시선을 따라 바라봤다——벽에는 B2 크기의 태피스트리가 잔뜩 걸려 있었다.	REVIEWED		1234
dialogue	1234		GM-ALL-dialogue-1234--1	3A0F1689465E2789530C03498CDCDC68B6957BB5603C460AEF95565F16D361F9	이제는 저게 한샤오청의 작품이라는 걸 안다. 단정한 얼굴의 미소녀에 살짝 유혹적인 느낌을 더한 구도가 무척 인상적이다.	REVIEWED		1235
dialogue	1235		GM-ALL-dialogue-1235--1	BC04DE4E99D637C91A76185158C94A455E00DD96B8AC57506E4B2A217C6268B8	문제는 애니나 만화를 거의 보지 않고 성격까지 진지한 샤오예가 저걸 보면——	REVIEWED		1236
dialogue	1236		GM-ALL-dialogue-1236--1	5D85A15B3CB5305FAE9EF6E8EE875F1A82F388B9402ABDFCF707468F4E7FFC57	아…… 아아아……	REVIEWED	MM	1237
dialogue	1237		GM-ALL-dialogue-1237--1	70D999FE6D70245AAF94D77982AFCD3D4D148308DD22D797F6DD9FC3FAB6E461	얼굴이 새빨개졌다.	REVIEWED		1238
dialogue	1238		GM-ALL-dialogue-1238--1	ADBA7558A484C1127E93712E90C2C4115661B5D9D6103147C19A94C268794502	이, 이거 왜…… 옷이 전부 이렇게 짧아? 이러면…… 이러면 하나도 못 가리잖아?!	REVIEWED	MM	1239
dialogue	1239		GM-ALL-dialogue-1239--1	EB9002958EEBECCAD51AE3040A31C047DB35F57EA5711ADC9ED9B59F5023370A	……응…… 귀여워.	REVIEWED	HXC	1240
dialogue	1240		GM-ALL-dialogue-1240--1	98CCF3F63C3DA048C8828B28A6C9953924546868B3D506EF5EC627E6AC50E821	귀여워? 어? 이게 귀여운 거야?! 으아! 속옷까지……! 이런 걸 그냥 벽에 걸어 둬도 정말 괜찮은 거예요?!	REVIEWED	MM	1241
dialogue	1241		GM-ALL-dialogue-1241--1	A7F878B8CED1A7957C560D573E30DDBBC1696E38C370513AACBBF4BFF12E7F43	……	REVIEWED	HXC	1242
dialogue	1242		GM-ALL-dialogue-1242--1	D4D061750ED1C5AB6C68B2C710BC4C568DEC178584F3FB07DAACFB4EC053EB80	죄, 죄송해요. 한샤오청 선배 그림이 못 그렸다거나 그런 뜻은 아니에요! 그냥 제가……	REVIEWED	MM	1243
dialogue	1243		GM-ALL-dialogue-1243--1	DD8F91344F65FEB49123D59E522F34EBB45326634E3C19877E85E06CDF652059	……이런 2차원 문화 같은 건 저랑 잘 안 맞는 것 같아서……	REVIEWED	MM	1244
dialogue	1244		GM-ALL-dialogue-1244--1	1FA4776449EB776EA45D578E88E01A91E07603D2EB7FE69FFFA66265995A8331	샤오예는 머리를 감싸 쥐고 그 자리에 쪼그려 앉았다. 만화였다면 머리에서 연기가 피어오르고 있을 것이다.	REVIEWED		1245
dialogue	1245		GM-ALL-dialogue-1245--1	E490C880C0AB31AEC1B7AD0912F872888472B7F97643BA0A39543831687DF62B	샤오예, 타코야키 먹을래?	REVIEWED	LM	1246
dialogue	1246		GM-ALL-dialogue-1246--1	F6B740A575DB608F2F07CC3CA818AA045C4D859BD74B587089651CC0401AA4B8	샤오예가 번개처럼 고개를 돌려 나를 바라보며 입을 꾹 다물었다.	REVIEWED		1247
dialogue	1247		GM-ALL-dialogue-1247--1	A7F878B8CED1A7957C560D573E30DDBBC1696E38C370513AACBBF4BFF12E7F43	……	REVIEWED	MM	1248
dialogue	1248		GM-ALL-dialogue-1248--1	B61B9CD86B5DC5FBBA182DD8B6F448809056C768E3DC8F63EEBB3C8E32C7ABC8	대나무 꼬치를 낚아채 타코야키를 푹 찌른 뒤, 햄스터처럼 조금씩 계속 갉아먹었다.	REVIEWED		1249
dialogue	1249		GM-ALL-dialogue-1249--1	A7F878B8CED1A7957C560D573E30DDBBC1696E38C370513AACBBF4BFF12E7F43	……	REVIEWED	MM	1250
dialogue	1250		GM-ALL-dialogue-1250--1	EBD96E4636CB585E6B536B6DAA28C8817DAC915E6BE12C41584469978AD11F10	……맛있어.	REVIEWED	MM	1251
dialogue	1251		GM-ALL-dialogue-1251--1	EC6418522BFBAE40743CD1CDFEAA15D9CA27B0285090F0A8E79976C95B0D5648	그제야 겨우 진정했다.	REVIEWED		1252
dialogue	1252		GM-ALL-dialogue-1252--1	374429D1D0DB0C40E9C6242327219F1061605897D0E1600E3AA65ED9E7774BF5	모추링이랑 샤오청도 좀 먹을래요? 아직 꽤 남았는데.	REVIEWED	LM	1253
dialogue	1253		GM-ALL-dialogue-1253--1	74DF74FAA9E2B2D0E6A9D759F62650339D363182C19970AE41D434945803B3FF	어머…… 저는 역시…… 괜찮겠죠…… 하나 정도라면……	REVIEWED	MCL	1254
dialogue	1254		GM-ALL-dialogue-1254--1	87EDDE57F118D82EF628F3BC65638BDE6F3E73D1F4BCAF4429300789F7C70006	……응.	REVIEWED	HXC	1255
dialogue	1255		GM-ALL-dialogue-1255--1	A48BB77BC9DFCEEAA5AE74D038AC9DD996638F0455B9908AB774A800FA09232A	우리는 바이셴위를 둘러싸듯 자리를 잡았다.	REVIEWED		1256
dialogue	1256		GM-ALL-dialogue-1256--1	3559396BF70CFE84A5CCC2F0481BABE46960CA59AD671DA344BF29D13CD77CB9	우리에게 둘러싸인 백발 소녀가 우리를 한 번 쳐다보더니 입술을 살짝 깨물고 몸을 웅크렸다. 그래도 패드를 조작하는 손가락은 한순간도 쉬지 않고 움직였다.	REVIEWED		1257
dialogue	1257		GM-ALL-dialogue-1257--1	4B0C15730945A8B9AB633950A621CDCDB2EBFD526E633E0114953A10BC710AC9	……하아……	REVIEWED	MM	1258
dialogue	1258		GM-ALL-dialogue-1258--1	1BD138563248215306DDCEDB3E389664DD220C232EB707326D96C0DCE44BD691	샤오예는 아직도 머리를 감싼 채 작게 한숨을 쉬었다.	REVIEWED		1259
dialogue	1259		GM-ALL-dialogue-1259--1	B9582161467A1054F449BAC24E3DDD6F40EFC2ED7E2DFEB34F1AA6F52E8787CA	……샤오예, 싫으면 이제 돌아갈까?	REVIEWED	LM	1260
dialogue	1260		GM-ALL-dialogue-1260--1	0EC2C74D6BB5427A2033AC023CA5D84B780C9851C82420D2AB600CE51B3D5796	아, 아니. 그게 아니라, 나는……	REVIEWED	MM	1261
dialogue	1261		GM-ALL-dialogue-1261--1	AD5550225E70B34B82D3F4AB2D06C94E466371A2A6BB232ABF3E2738E7AA603E	아직 볼이 조금 붉은 샤오예는 우리를 한 바퀴 둘러보며 말을 꺼낼지 망설였다.	REVIEWED		1262
dialogue	1262		GM-ALL-dialogue-1262--1	16389652121C1E7B294217A50B67E1521DDC93E30F36859815961881B155053A	나 계속, 궁금했던 게 하나 있어…… 으으…… 뭐라고 말해야 하지……	REVIEWED	MM	1263
dialogue	1263		GM-ALL-dialogue-1263--1	4B0C15730945A8B9AB633950A621CDCDB2EBFD526E633E0114953A10BC710AC9	……하아……	REVIEWED	MM	1264
dialogue	1264		GM-ALL-dialogue-1264--1	51FEFA7A0F65CFA590870146DACB0322C4065B89D8FD9D84DA90A0C72C522B0B	다시 한숨을 쉬고 한참 고민하더니, 마침내 생각을 정리한 듯했다.	REVIEWED		1265
dialogue	1265		GM-ALL-dialogue-1265--1	75A1D6AE9A93483DFCF12D2EEB6D745C032E1F2DDE4ED322C44B64438189B8FA	나…… 혹시 다른 사람들을 못 따라가는 타입인 걸까?	REVIEWED	MM	1266
dialogue	1266		GM-ALL-dialogue-1266--1	91FF433EE21825E68172FB3784DB5D1F721C5515724C6EE6520B626EDA119BF3	……무슨 뜻이야?	REVIEWED	LM	1267
dialogue	1267		GM-ALL-dialogue-1267--1	6D6CF6C4CAB5EE3252A48566FD341A071AA204212FF310A2F0D3D98F2877BBB1	그러니까, 그 2차원이라는 거 있잖아…… 대학에 들어오고 나니까 친구나 룸메이트들은 다들 그런 걸 즐기는 것 같은데, 난 계속 잘 모르겠어……	REVIEWED	MM	1268
dialogue	1268		GM-ALL-dialogue-1268--1	58DCA88BC2ED2AC47C38E621C6671BF01D8E225214092C79854E3E20F71B4F50	만화나 애니도 거의 안 보고, 게임도 별로 안 해 봤고…… 친구들한테 이 얘기를 하면 다들 바로 엄청 놀란 표정을 짓고……	REVIEWED	MM	1269
dialogue	1269		GM-ALL-dialogue-1269--1	FEFD4DB8D28653146867EB02A4661198493D6405CF891618890477FE932E76B1	그래서 나도 좀 접해 봐야 하나 싶었어. 다들 하고 있으니까…… 나만 아무것도 모르면, 왠지——	REVIEWED	MM	1270
dialogue	1270		GM-ALL-dialogue-1270--1	9A881774AE57285BDE2C916619A815BCF1B0C2064CB0F893B87071B15B121F40	주변 사람들이랑 겉도는 것 같아서……	REVIEWED	MM	1271
dialogue	1271		GM-ALL-dialogue-1271--1	3F3D693141122FEC8F82D0F7EBAC2313EC67CDE0447E9BAE06037B5C5D4D7DF8	한숨에 다 털어놓은 뒤, 샤오예는 양팔 사이에 얼굴을 묻었다.	REVIEWED		1272
dialogue	1272		GM-ALL-dialogue-1272--1	51863F8C23F8188FBBEAE6E0D49CD783F026A1C79E47811F83A0998A435DCFCF	……참 샤오예다운 고민이다.	REVIEWED		1273
dialogue	1273		GM-ALL-dialogue-1273--1	30E2ADD9C8419C490A5580A9FBE4B1E22DC924353A1DEFA10D5E342B94206D80	난 이런 걸 전혀 눈치채지 못했다. 좀 더 신경 써 줬어야 했는데.	REVIEWED		1274
dialogue	1274		GM-ALL-dialogue-1274--1	6463172C0B955B7631A5F7CD9981C3DE4E7033E86144F7CAB308689A442A6EED	그나저나 요즘은 정말 이 정도까지 된 건가? 내가 중학생이던 십 년 전만 해도 2차원은 꽤 마이너한 취미였던 것 같은데?	REVIEWED		1275
dialogue	1275		GM-ALL-dialogue-1275--1	79F022E8B8BCE333A789604A7965D268B0D55BAE94483BF116309E0564A4C960	굳이 남들이랑 똑같아질 필요 없어. 샤오예한테도 좋아하는 게 있잖아? 진짜 너한테 맞는 걸 하면 돼.	REVIEWED	LM	1276
dialogue	1276		GM-ALL-dialogue-1276--1	F3CB70DA9DB1E9E53CBE6EB6DFA26584AB16346DC93FFEE76725A36C25BB854F	나도 그건 알아…… 그런데, 으으…… 좀 분해.	REVIEWED	MM	1277
dialogue	1277		GM-ALL-dialogue-1277--1	ED0804A56BB87D6F8DD18D87B296362C1F095E1129D8642CC9C9FFCD38ED102E	분해요?	REVIEWED	MCL	1278
dialogue	1278		GM-ALL-dialogue-1278--1	A977CA8E3137E67A7A6918A06D3D86D57FBF577994F726C5155115E0A2B3071A	응……	REVIEWED	MM	1279
dialogue	1279		GM-ALL-dialogue-1279--1	A65618E7E2B32C54B6C90AE612965C63BC3DB5CE156461A903CC83B0CB109FC1	그제야 한샤오청이 그림을 멈췄고 바이셴위도 패드를 내려놓았다는 걸 알아챘다. 모두 조용히 샤오예의 말을 기다리고 있었다.	REVIEWED		1280
dialogue	1280		GM-ALL-dialogue-1280--1	FD5B70ED78D7CE4D13B72C51EDAA1B2B0FB8F2EC255FB7780BBE40C6DECC8188	전에 정말 친한 친구가 애니 몇 개를 추천해 줬어. 제목도 기억해. 『신멸의 칼날』이랑 『SPY×부재중』이었는데, 엄청 인기 있다고 나중에 나랑 같이 얘기하고 싶대.	REVIEWED	MM	1281
dialogue	1281		GM-ALL-dialogue-1281--1	6EAA1FAC4AB4A8E463BC35C5CE7FA55F8D389C7DE66A04B53B6904CC0F773CE7	그래서 한번 봤는데……	REVIEWED	MM	1282
dialogue	1282		GM-ALL-dialogue-1282--1	4FBDB9BAD1DFC731BBC735F7BE9857E51D2859203F489AA5BAFCBF8EF90606E4	……그래서?	REVIEWED	LM	1283
dialogue	1283		GM-ALL-dialogue-1283--1	437A3E0B3E8D92B0CE240ECBC696217D3EE4DC21C5DCCB2DE72A4148AAA16F72	……대단한 애니라는 건 알겠어. 어릴 때 보던 거랑은 완전히 다르더라. 그런데 대사는 잘 안 들리고 말은 또 너무 많고, 자막을 다 읽고 나서 화면을 보려 하면 무슨 뜻인지 이해하기도 전에 벌써 다음 장면으로 넘어가고……	REVIEWED	MM	1284
dialogue	1284		GM-ALL-dialogue-1284--1	A88E03DCBCA291B26E8F801A35746F3077CD2C6E7E7DF3C8E5CA29B3FAB656C0	인터넷도 찾아봤는데 다들 엄청 재밌다고 하더라. 그래서 몇 화나 열심히 봤는데, 그…… 그런 느낌을 못 찾겠는 거야.	REVIEWED	MM	1285
dialogue	1285		GM-ALL-dialogue-1285--1	89BC8DA5B27A7AA7FDC7F1F8CDE3A61D1F25C76C76499977AF42369780752A27	그러다 보니까 좀 충격받아서——내가 머리가 나쁜 건가, 아니면 다른 사람들이랑 너무 다른 건가, 그런 생각까지 들었어.	REVIEWED	MM	1286
dialogue	1286		GM-ALL-dialogue-1286--1	DF38C9ECB664324142B27DD60AFACB61DC612358E87C400A67F014D4048CFD9E	풀이 죽은 모습이 어릴 때와 정말 똑같았다.	REVIEWED		1287
dialogue	1287		GM-ALL-dialogue-1287--1	D910BF700FDC5C685C0A2D14DC0A8FF3D20AA597D69B20B8472CFC868A573E2C	다른 사람에게는 사소하고, 농담거리나 다름없어서 고민이라고 하기도 민망한 일일지 모른다.	REVIEWED		1288
dialogue	1288		GM-ALL-dialogue-1288--1	CC4E2F0B72D40507A01E2906AE318C30B1040C15E5A832D7ACD0F8B52F9F2BB2	하지만 샤오예에게는 아마 줄곧 마음에 걸리면서도 답을 찾지 못한 진짜 고민이었을 것이다.	REVIEWED		1289
dialogue	1289		GM-ALL-dialogue-1289--1	D199ABF82212C555BE398424D9643060788FE3EB5024CE0EF41A94EBE7A37F15	샤오예는 예전에 애니를 본 적이 없어요?	REVIEWED	MCL	1290
dialogue	1290		GM-ALL-dialogue-1290--1	A7F878B8CED1A7957C560D573E30DDBBC1696E38C370513AACBBF4BFF12E7F43	……	REVIEWED	MM	1291
dialogue	1291		GM-ALL-dialogue-1291--1	D0275C1168CDB33EB070CFE7A15AB9A7913164FD030F8A6C78E6F7CF270C9698	『후이산양과 시즈랑』도 쳐줘요……?	REVIEWED	MM	1292
dialogue	1292		GM-ALL-dialogue-1292--1	F3FA31F52236532B233C6C4E7BECB74E88D97E29191FED9B9169FC3DE7568C3E	너무 옛날 예시잖아.	REVIEWED		1293
dialogue	1293		GM-ALL-dialogue-1293--1	5651629122EF22AB56B329A4CACD3250D42703142F1B7A71403F17C9D5F0EED0	샤오예, 싫거나 받아들이기 힘들면 안 해도 돼. 네 친구들도 그런 걸로 널 이상하게 보진 않을 거야. 우리도 그렇잖아——	REVIEWED	LM	1294
dialogue	1294		GM-ALL-dialogue-1294--1	C03F03AD9E50611F69353680C3FF7BFDF6D6BF31DD5D84665F4B4C9E77A4DF5B	모추링도 옆에서 고개를 끄덕였다.	REVIEWED		1295
dialogue	1295		GM-ALL-dialogue-1295--1	5EB2B4F9F6A5823D613346E565F5E4C0FDEFBD9F8810C19B914F48BFDC16B2C8	사람마다 자기한테 맞는 취미가 있는 거니까요. 저는 미연시를 좋아하고, 한샤오청 선생님은 그림을 좋아하고…… 자기한테 맞는 게 제일 중요하죠! 샤오예는 평소에 뭘 좋아해요?	REVIEWED	MCL	1296
dialogue	1296		GM-ALL-dialogue-1296--1	13D203B139EDCA312188D657CDA2904004EECE578BA4AA26444B4393A7AFAC18	……나는……	REVIEWED	MM	1297
dialogue	1297		GM-ALL-dialogue-1297--1	CE015D6BF3F226640816694CA2AA51D981C3BFFBAF01368607CC1D8FDFBB863F	샤오예는 고개를 갸웃하고 한참 생각한 뒤에야 다시 입을 열었다.	REVIEWED		1298
dialogue	1298		GM-ALL-dialogue-1298--1	C3644CCD439A83813798420CFF83358CD2ED4F1E094DA251A7D085F8B1B3CF7B	친구들이랑 같은 걸 하는 거? 꼭 특별한 데 갈 필요는 없고, 그냥 다 같이 있으면 그것만으로 만족해.	REVIEWED	MM	1299
dialogue	1299		GM-ALL-dialogue-1299--1	F114198EDC2446E47A10C175EDDD2596F89EDDA217888F94B359B18A0537F939	말을 이어 갈수록 샤오예의 얼굴에 미소가 번졌다. 눈은 아래를 향한 채, 추억에 잠긴 듯했다.	REVIEWED		1300
dialogue	1300		GM-ALL-dialogue-1300--1	FFA856ED4BD63A9DD94284DBE0C2E4A2FE25D588F5E39A2667ED60241CE3EAB9	수업 끝나고 새로 배운 게 있어서 뿌듯해하고, 저녁에는 학교 운동장에서 같이 달리자고 약속하고, 다 같이 도서관에서 복습하고, 주말이 되면 기숙사 친구들이랑 근처에 아직 안 가 본 곳을 돌아다니기도 하고.	REVIEWED	MM	1301
dialogue	1301		GM-ALL-dialogue-1301--1	BFB5B4EA618F42FD5F571F3BA097B1D7BFF66C8E453794C9CC7262BA9837D5A2	룸메이트들이 다 타지에서 왔으니까 내가 길 안내도 해 줘야 하고…… 개강한 지 아직 몇 달밖에 안 돼서 서로를 완전히 아는 건 아니지만, 조금씩 각자 성격이나 취향을 알아 가면서 낯선 사람에서 점점 친구가 되어 가는…… 그런 과정도 재밌어.	REVIEWED	MM	1302
dialogue	1302		GM-ALL-dialogue-1302--1	93E74EC411C0AE37E75A1E3E3AF81691021B0C760A4BE2EAE2C680C8A9E0A3B0	그리고 또……	REVIEWED	MM	1303
dialogue	1303		GM-ALL-dialogue-1303--1	585A3CEBFB4462059D81EA9762276BF5A55ED4C9AEA6004B0B15E15A9F5229C2	아니 아니, 대체 어디가 즐거운 거야!? 그만 말해, 듣기만 해도 피곤해! 그냥 하루 종일 게임만 하고 낯선 사람이랑 말 안 섞으면 안 되는 거냐고!?	REVIEWED		1304
dialogue	1304		GM-ALL-dialogue-1304--1	378C1A49A66A426E702D116859F96811A655BCE06B98FAAEE33BF166A0D8A215	으아아! 인싸! 인싸 인싸!!	REVIEWED	MCL	1305
dialogue	1305		GM-ALL-dialogue-1305--1	87CA15DDF05DB07ED24DEDDF2A857CE295C6CC27514B3EF2A3C71AA4066F56E1	크악! 인싸 자기장이다!	REVIEWED	LM	1306
dialogue	1306		GM-ALL-dialogue-1306--1	24B15C874653DF705A15375905DEB41856953229CA26ACEBAAD3D9A6FB316513	눈부셔……	REVIEWED	HXC	1307
dialogue	1307		GM-ALL-dialogue-1307--1	82FEC3801D176574A5C73B753C0428097BA4EFACD01F74D8BBEB0F256D85692F	으……	REVIEWED	BXY	1308
dialogue	1308		GM-ALL-dialogue-1308--1	A3CAE64E59070B8AEB8EA5E483C902E8DF69E7321E1582402E859FD892117A71	네 명의 오타쿠가 약속이라도 한 듯 동시에 비명을 질렀다.	REVIEWED		1309
dialogue	1309		GM-ALL-dialogue-1309--1	9016CD91414AD99C531115161067D16FC25E6D6131CD780327040A8E833BED13	왜 다들 그런 반응이야!? 역시 내가 이상한 거야!?	REVIEWED	MM	1310
dialogue	1310		GM-ALL-dialogue-1310--1	557121FD2828A195793EC8A0E95AD58170C660C29049FC38224C42C1D6636218	반대야! 네가 너무 정상이라 우리한테는 오히려 비정상적으로 보이는 거야!	REVIEWED	LM	1311
dialogue	1311		GM-ALL-dialogue-1311--1	D567AAB456AAA2BDCD1CE43D4A5245EE7AF7B2B7F61FBDB182C48990AC5A578B	으으…… 대체 어떡해야 하지……	REVIEWED	MM	1312
dialogue	1312		GM-ALL-dialogue-1312--1	723A0E9A373A84E0A0E39C8207891486E81D2A071A51595586CE8D16A3CCAE92	몇몇 친구들이 계속 나랑 2차원 얘기를 하고 싶어 해. 그렇게 신나서 이것저것 추천해 주는데 난 하나도 이해를 못 하니까, 매번 대화에 못 끼고 옆에서 멍하니 듣기만 해.	REVIEWED	MM	1313
dialogue	1313		GM-ALL-dialogue-1313--1	4A249A9F4FCF3EFBAB5EC6E6008BA0F2DB54D65097D9CAA66E5A502885B124FE	속에 있던 말을 전부 털어놓고 나니 오히려 더 기운이 빠진 모양이었다. 이렇게 풀이 죽은 샤오예는 정말 오랜만에 본다.	REVIEWED		1314
dialogue	1314		GM-ALL-dialogue-1314--1	F58ABA77B9139642872113ACA0DEFFB12E1B97F1E9DFF33ADFF247B462EEC84F	조금이라도 이해할 수 있으면 좋겠어…… 정말 조금만이라도. 그러면 이렇게까지 신경 쓰이진 않을 텐데.	REVIEWED	MM	1315
dialogue	1315		GM-ALL-dialogue-1315--1	7ED4937C3B4B6B6770A71D7B492C8432235BC538366CFB0FA02DFE0D3AB15BD6	샤오예처럼 생활의 중심을 사람들과 어울리는 일과 일상에 두는 사람은 남의 반응에도 더 민감하다. 그래서 친한 친구들 사이에 제대로 끼지 못하고, 이렇게 많은 사람이 함께 좋아하는 것을 전혀 이해하지 못한다는 사실이 계속 마음에 걸렸던 거겠지.	REVIEWED		1316
dialogue	1316		GM-ALL-dialogue-1316--1	9B97E2F7E371150F77EDBFAB06789DFF7FBF0781AFF0CE647E80271044A561F8	샤오예 일이라면 뭐든 최우선으로 둔다——그건 고민할 필요도 없는 일이다.	REVIEWED		1317
dialogue	1317		GM-ALL-dialogue-1317--1	EE87B8A6698B7F0A9193B77720593DED8877279138C2E230FD6CF6EAD182AF36	이 고민을 더 일찍 알아채지 못한 만큼, 이제라도 만회할 때다.	REVIEWED		1318
dialogue	1318		GM-ALL-dialogue-1318--1	E9BE1F7F44CBAF4210FA29D45B652BF78D0B26CBB18EC03506B4BD86D4A46BA7	네 오빠가 애니, 만화, 게임에 십수 년을 빠져 산 고수거든. 나한테 맡겨! 반드시 그 고민을 풀어 줄게!	REVIEWED	LM	1319
dialogue	1319		GM-ALL-dialogue-1319--1	C65A682C34872DA8208A87C902A6D79438B9BE89BD741155A13C34837F62A90B	으음——역시 이해하고 싶다면 직접 체험해 보는 게 좋겠죠?	REVIEWED	MCL	1320
dialogue	1320		GM-ALL-dialogue-1320--1	415048925BAC1D2AF7FD78953BB2415D0C2E1A283027A277885BB300A5A2C983	그런데 샤오예는 애니를 잘 못 보잖아요.	REVIEWED	LM	1321
dialogue	1321		GM-ALL-dialogue-1321--1	70D72D11CE4E970609BBF06E33EEE19299D5FBD38341B7BA6961861ADECB6C66	그냥 애니가 안 맞는 걸 수도 있죠. 다른 장르는 맞을지도 모르고요?	REVIEWED	MCL	1322
dialogue	1322		GM-ALL-dialogue-1322--1	1B1032F9757C9248C53E5ABEE3028B551109BC35F4C69CBCEAE904E7D67E0ECF	샤오예는 평소에 책 읽는 거 좋아해요?	REVIEWED	MCL	1323
dialogue	1323		GM-ALL-dialogue-1323--1	F3885228158959DB4543C808C6BBE818F34F1CEF503AFA0FA12025A25CE5F299	자주 봐요. 중학생 때는 어디 가든 한 권씩 들고 다녔고요.	REVIEWED	LM	1324
dialogue	1324		GM-ALL-dialogue-1324--1	05F12F056B8F388BF95D86A3E59E39ECAB206B7069B0018FADA23A3165A04B57	잠깐, 설마 얘한테——	REVIEWED	LM	1325
dialogue	1325		GM-ALL-dialogue-1325--1	C5F7728EDF254E3FF99B87E997D19A7192D5C091AC4B50B8E38F0658EC373554	BINGO! 그럼 미연시를 하는 게 최고의 선택 아니겠어요!	REVIEWED	MCL	1326
dialogue	1326		GM-ALL-dialogue-1326--1	E97956F801C6188DB0F285A807831AE415F39E9D3EFE2838B4F90BD690961152	역시 그 말 할 줄 알았어요!	REVIEWED	LM	1327
dialogue	1327		GM-ALL-dialogue-1327--1	2069F398997B7D0A337E18CF53E41F9E993CBDB5626291B80F1220A2C9132089	아니, 미연시는 한 글자 한 글자 천천히 읽을 수 있고, 이해한 다음에 직접 마우스를 눌러 다음으로 넘어가잖아요. 소설 읽는 거랑 똑같지 않아요? 그러면 애니처럼 자막을 못 따라가는 일도 없을 테고요.	REVIEWED	MCL	1328
dialogue	1328		GM-ALL-dialogue-1328--1	A7F878B8CED1A7957C560D573E30DDBBC1696E38C370513AACBBF4BFF12E7F43	……	REVIEWED	LM	1329
dialogue	1329		GM-ALL-dialogue-1329--1	973A3D7D1F56ABA5B63310884016BB9961752C2B3A311BD76A0855FC7380FF0E	……듣고 보니, 진짜 그러네.	REVIEWED	LM	1330
dialogue	1330		GM-ALL-dialogue-1330--1	7B0F8F379D9786550D086176372E46A07F38290662E08C474CA3CA78DF2069A9	역시 미연시 고수다.	REVIEWED		1331
dialogue	1331		GM-ALL-dialogue-1331--1	78FBBC86C433557A2B22ACECA11316B8D8C1800C7C4A29FC51FD52B6CE01EAA6	저기…… 오빠가 하는 그런 이상한 게임이면 사양할래……	REVIEWED	MM	1332
dialogue	1332		GM-ALL-dialogue-1332--1	305340EBAFA514537ACE6EA70153359B77F7DE7BFE49C34D6B53CD89B34B2D6B	초보자도 즐길 만한 좋은 작품은 많아! 어디 보자……	REVIEWED	LM	1333
dialogue	1333		GM-ALL-dialogue-1333--1	33F8B12DCAB69C3A1D4104C7F5C43B26A8BCF6FCEB627C7863891E3ED56D3429	『슈타인즈 윈도우』.	REVIEWED	LM	1334
dialogue	1334		GM-ALL-dialogue-1334--1	A7F878B8CED1A7957C560D573E30DDBBC1696E38C370513AACBBF4BFF12E7F43	……	REVIEWED	BXY	1335
dialogue	1335		GM-ALL-dialogue-1335--1	A76D3F1DA2429B09D906ED8F17DE4AE13DC3EDA55A86FF65986BFB4A30EBB226	그거 좋죠! 그런데 너무 길지 않을까요? 오타쿠 농도도 꽤 높고요.	REVIEWED	MCL	1336
dialogue	1336		GM-ALL-dialogue-1336--1	EAC1A4FFE759FEAFD9A171A965D08E391E749612AA67351BE3C90CA78D4830AA	제 생각에는 KEI사 작품이 낫죠! 『CLANNAP』, 『빅 버스터즈!』…… 전부 명작이에요!	REVIEWED	MCL	1337
dialogue	1337		GM-ALL-dialogue-1337--1	D171C035EB283E6E69C04599DBD4CEE60189EF80E9C65CE3F353C2ED8490799A	그 그림체는 초보자한테 진입 장벽이 꽤 높을 것 같은데요. 저도 적응하는 데 한참 걸렸고.	REVIEWED	LM	1338
dialogue	1338		GM-ALL-dialogue-1338--1	3E3638359E9371FCAA52032804ECC722B6E117356F441AA78D8868612A7FF1D1	그, 그러니까 그림체만 보고 판단하지 말라니까요!	REVIEWED	MCL	1339
dialogue	1339		GM-ALL-dialogue-1339--1	4E0582E46DCDB942EC24F354C97A01C4ACCB633F5DF7AF5549E3A18A03FEF852	『오익의 유스티아』도 괜찮을 것 같은데. 초반부터 확 시선을 잡아끌잖아요.	REVIEWED	LM	1340
dialogue	1340		GM-ALL-dialogue-1340--1	47B702209C17AC52B440D2D3041FBF98D1C9250C3C6A7EB0B29F2D0561C3A479	그 게임은…… 샤오예가 받아들이기 힘들 것 같아요.	REVIEWED	MCL	1341
dialogue	1341		GM-ALL-dialogue-1341--1	8B9FBE32C00AB03EF521B21EE53D09FB41E4C80CA1C1E120376CC01B82BE3FA6	대체 무슨 얘기를 하는 거야……	REVIEWED	MM	1342
dialogue	1342		GM-ALL-dialogue-1342--1	2EF614EE14F09C43BDE33E8203ED864410D4FFEDA729FB97787D1E0FD28D9310	저기……	REVIEWED	BXY	1343
dialogue	1343		GM-ALL-dialogue-1343--1	F535F129700240B5738F7E707B39B51394692B08FB0235B7C1C46D029CB922D5	계속 우리 말다툼을 듣고 있던 바이셴위가 갑자기 끼어들었다.	REVIEWED		1344
dialogue	1344		GM-ALL-dialogue-1344--1	99CA562E6EE65A69D6B4BBA975021D7C138F94CE1DD3C7D5FB293FE36CDBBB5F	『lost*』…… 어때요?	REVIEWED	BXY	1345
dialogue	1345		GM-ALL-dialogue-1345--1	9D57C82B15248F7C6F4639F430B619B493CBB0DD2EC9E3B6CE046DAA88C3EE2D	오! minori의 그 단편이요?	REVIEWED	MCL	1346
dialogue	1346		GM-ALL-dialogue-1346--1	A1951C1F4BBFE476AAD124CC04D6B5DE16C3945D598234A2F86243ABF7877F57	네…… 금방 끝낼 수 있고, 이야기도 감동적이고, 원래부터 전연령이에요.	REVIEWED	BXY	1347
dialogue	1347		GM-ALL-dialogue-1347--1	CDE5708956476531E863B7F729CCD9B36D3D3F86FD807A9C549CB8E9CCB48B66	짧으니까 같이 해 줄 수도 있고요. 옆에서 설명해 주는 사람이 있으면 훨씬 받아들이기 쉬울 거예요.	REVIEWED	BXY	1348
dialogue	1348		GM-ALL-dialogue-1348--1	0979496A109506CD1A7ADA9C9D8160E6D8F3392E4DCD4326A45EC2D2F00C91E9	나와 모추링은 서로 눈을 마주쳤다.	REVIEWED		1349
dialogue	1349		GM-ALL-dialogue-1349--1	2A1CDD6C28E70580370681AA84550C4B9ADF61104E6B59A093EA63232B98D906	이게…… 제일 잘 맞을 것 같네요.	REVIEWED	LM	1350
dialogue	1350		GM-ALL-dialogue-1350--1	164A90E22C2BE4F6FC741CF35E683866B4569AD3574C33D1A1171E1AD97E90A6	대단해…… 왜 저는 이걸 생각 못 했죠……	REVIEWED	MCL	1351
dialogue	1351		GM-ALL-dialogue-1351--1	550A5A4CF44EFACC56F2ACB6E493BFAA31C3E43C089510C46DCC7669FD83D80D	……그냥 갑자기 떠올랐을 뿐이에요.	REVIEWED	BXY	1352
dialogue	1352		GM-ALL-dialogue-1352--1	0B4D3BF2500D978655F9665DFB42B41C298C675ADD81217CC07E43233CEF89E2	말 한마디로 막힌 게 확 뚫린 느낌이다.	REVIEWED		1353
dialogue	1353		GM-ALL-dialogue-1353--1	C60E20A572323FA7981FD6452CAE9C0A366D5855D1D652CEA24C0FC79AB7A09B	그럼 결정됐네요! 샤오예, 다음에도 여기 놀러 오고 싶으면 『lost*』를 한번 해 봐요.	REVIEWED	MCL	1354
dialogue	1354		GM-ALL-dialogue-1354--1	B521C4AD7DE7E5285BD81F4714C38E888B0081FC7E669B972567E620C13EC65A	저기…… 내가 보면 안 되는 내용은 없죠?	REVIEWED	MM	1355
dialogue	1355		GM-ALL-dialogue-1355--1	8FF3603D5B419A726D4A62B076CBB210D91E30D370D423AF084BC6A5CE0404A2	그 말 하면서 왜 날 쳐다보는데!?	REVIEWED	LM	1356
dialogue	1356		GM-ALL-dialogue-1356--1	2284D22BA6373D9897C2071D3C441745B7FE250411D46E8FD39D0224358CF862	남녀노소 누구나 볼 수 있는 짧은 연애 이야기야. 우리 몇 명이 같이 봐 줄게. 어때?	REVIEWED	LM	1357
dialogue	1357		GM-ALL-dialogue-1357--1	8E00F0C9B371051A6FE2459B248D76120008477575DFA5AE4229377689D045D1	나도 해야 돼……?	REVIEWED	HXC	1358
dialogue	1358		GM-ALL-dialogue-1358--1	EC44C28849206233F3F0838E788DD10FB4BB9C79D70B2915FAE66F494B675931	연애 이야기……? 그 정도면 괜찮을 것 같아.	REVIEWED	MM	1359
dialogue	1359		GM-ALL-dialogue-1359--1	AFA6651D815C92A8D72E8A129949AC11DDF618D508847D058BF3DAA2C864894D	좋았어! 다음엔 같이 미연시를 할 수 있겠네요! 기대된다!	REVIEWED	MCL	1360
dialogue	1360		GM-ALL-dialogue-1360--1	2186AA34DCEADDDBD43B64E71BF98E233A8ABBDE5B57C1639EC8FC4D7D0C3FEC	어…… 나도 해야 돼……?	REVIEWED	HXC	1361
dialogue	1361		GM-ALL-dialogue-1361--1	886B64622F6BA8C226DB692D8BA0C771BE46AADE591F13267CE50A23F6CB002E	샤오예는 자리에서 일어나 우리를 마주 봤다.	REVIEWED		1362
dialogue	1362		GM-ALL-dialogue-1362--1	50D8DA848719225C8FEE9051A0863A9D41103ED43881B0960462AAF6E3B1E651	……나 때문에 이렇게까지 생각해 줘서, 정말 고마워요.	REVIEWED	MM	1363
dialogue	1363		GM-ALL-dialogue-1363--1	F181034D8B253D4633FB38018CEC37349284DC5D5161EB80458FF62DEEFCFBAE	샤오예는 진심이 담긴 목소리로 우리에게 감사 인사를 했다.	REVIEWED		1364
dialogue	1364		GM-ALL-dialogue-1364--1	E3B0C44298FC1C149AFBF4C8996FB92427AE41E4649B934CA495991B7852B855		EMPTY_CONTROL		1365
dialogue	1365		GM-ALL-dialogue-1365--1	895361FFBF88D5A8C40D47F8DD3D03DF2042CA9360D08738BCBB4FAA39495404	……	REVIEWED		1366
dialogue	1366		GM-ALL-dialogue-1366--1	948F94F457BC8C17A757FD64C3F3B5A6B2D27284CC12F85C1F63D215B84B23E7	……어? 무슨 얘기야……	REVIEWED	HXC	1367
dialogue	1367		GM-ALL-dialogue-1367--1	E3B0C44298FC1C149AFBF4C8996FB92427AE41E4649B934CA495991B7852B855		EMPTY_CONTROL		1369
dialogue	1369		GM-ALL-dialogue-1369--1	D0CE1F574034FCF55F91BC9E79B2EC56DD1EA3A0D25455A25FC73A0F76603962	그 뒤로 그래플링 하우스의 모두와 인사를 나눴다.	REVIEWED		1370
dialogue	1370		GM-ALL-dialogue-1370--1	58D98A55DBDADF1A4BAA15262C458D50FBB6031FC458F4B9FE9FC033F9FD4A79	떠나기 전에 샤오예와 결정적인 조언을 해 준 바이셴위를 서로 소개해 줬다.	REVIEWED		1371
dialogue	1371		GM-ALL-dialogue-1371--1	97C557FA3A7FCCB9647A84E84987AD658BB68C838E7957441C545B19EA2986B2	바이셴위는 예상대로 처음에는 우리를 노려보는 듯했지만, 그래도 예의 바르게 자기 이름을 알려 줬다.	REVIEWED		1372
dialogue	1372		GM-ALL-dialogue-1372--1	0088BB5C59D53BE4D59BABA04EF3A4B440C511C3A8A6E24C4B5CD4944D5E7918	저렇게 공격적으로 보이는 표정도 어쩌면 악의는 전혀 없는 습관일 뿐일지도 모르겠다는 생각이 들었다.	REVIEWED		1373
dialogue	1373		GM-ALL-dialogue-1373--1	C919CD1E038F6D30E9A2B133675193E9BFD7C964FFACE7711D217698C45C6304	샤오예는 내일 수업이 있어서 학교로 돌아갔다. 다음에 만나는 건 다음 주 금요일이 될 것이다.	REVIEWED		1374
dialogue	1374		GM-ALL-dialogue-1374--1	5F51C7DF7F5969219D6A7AC583B916269C0294EC08BD9BA887CDF182EA04E11B	……다들 좋은 사람들이네.	REVIEWED	MM	1375
dialogue	1375		GM-ALL-dialogue-1375--1	8AFD99DC3A327BE80613AF1863B45E5C1A87C6D172FC1AE215DD0F1E082BF9D8	그래플링 하우스에 대해 어떻게 생각했냐고 묻자 샤오예가 내놓은 대답이었다.	REVIEWED		1376
dialogue	1376		GM-ALL-dialogue-1376--1	F77395D53FCBFB8A3C4E65E55955E3D5B212FFD536A1AD461389DDDCFB5035BA	적어도 그곳에 강한 거부감이 생기진 않은 모양이고, 다음번에 모두와 함께 『lost*』를 해 보는 것도 조금 기대하는 것 같았다.	REVIEWED		1377
dialogue	1377		GM-ALL-dialogue-1377--1	5BE8C9BA834A1A57ADFFE6B24DA0A19AC6DDFC690AF78C48A344C2658BDBB8D4	샤오예가 즐거우면 그걸로 됐다.	REVIEWED		1378
dialogue	1378		GM-ALL-dialogue-1378--1	E3B0C44298FC1C149AFBF4C8996FB92427AE41E4649B934CA495991B7852B855		EMPTY_CONTROL		1379
dialogue	1379		GM-ALL-dialogue-1379--1	1E7D67AC171F886DEEEAA301C0B00B2DD53C3F3416BA17B1A04CD7250DD2F220	좋아, 그럼 바이셴위가 추천한 게임도 해 볼까.	REVIEWED	LM	1380
dialogue	1380		GM-ALL-dialogue-1380--1	C44818B20C390D1E92A46E5F918B40300C188732CB732DC27F39F33E963E6E5E	그래플링 하우스에서 『바이오세이프티』 디스크를 빌려 와, 오랫동안 먼지만 쌓이던 게임기를 켰다.	REVIEWED		1381
dialogue	1381		GM-ALL-dialogue-1381--1	56EA79437CF9CA3D50774F7322D31C08989B549A1FB53AE2390CF0A6E732A8B4	내일 오전에는 4교시랑 5교시밖에 없으니, 오늘 밤에 단숨에 엔딩까지 볼 수도 있겠다.	REVIEWED		1382
dialogue	1382		GM-ALL-dialogue-1382--1	5A09E101786FB0A7D711AF44D1F4AF4E2949F3FFC1D45E7F2E171BEA41B46F6D	또 밤샜다는 걸 샤오예가 알면 엄청 잔소리하겠지……	REVIEWED		1383
dialogue	1383		GM-ALL-dialogue-1383--1	D3CC9526B63E6FC19E4A1CAC4DBD82A5A715B9E5A297A83F8A2C427D26F0C731	오…… 화면은 꽤 괜찮은데……	REVIEWED	LM	1384
dialogue	1384		GM-ALL-dialogue-1384--1	26D22827E28C05203E7DAA8DB0472B8ED514AF50D13299862461E6B0E48BC38B	조준감이 왜 이렇게 끈적거리지……	REVIEWED	LM	1385
dialogue	1385		GM-ALL-dialogue-1385--1	A7F878B8CED1A7957C560D573E30DDBBC1696E38C370513AACBBF4BFF12E7F43	……	REVIEWED		1386
dialogue	1386		GM-ALL-dialogue-1386--1	A7F878B8CED1A7957C560D573E30DDBBC1696E38C370513AACBBF4BFF12E7F43	……	REVIEWED		1387
dialogue	1387		GM-ALL-dialogue-1387--1	E3B0C44298FC1C149AFBF4C8996FB92427AE41E4649B934CA495991B7852B855		EMPTY_CONTROL		1389
dialogue	1389		GM-ALL-dialogue-1389--1	895361FFBF88D5A8C40D47F8DD3D03DF2042CA9360D08738BCBB4FAA39495404	……	REVIEWED		1390
dialogue	1390		GM-ALL-dialogue-1390--1	AB5DF625BC76DBD4E163BED2DD888DF828F90159BB93556525C31821B6541D46	……	REVIEWED		1391
dialogue	1391		GM-ALL-dialogue-1391--1	DA93B25D94967D580B8F3DAEECA7C854D6A49A2AF2DD938326605638C724F895	하아……	REVIEWED	LM	1392
dialogue	1392		GM-ALL-dialogue-1392--1	EE5E10AD824DE12A47E0403F58F14B0898E870F04FDF6675E9CC928E344F359D	……또 밤샜어?	REVIEWED	HXC	1393
dialogue	1393		GM-ALL-dialogue-1393--1	D4D0F1675A1105652EDBEE13DB3C6632E8E7CC5A238184D2776AA1B407CA1928	……생각보다 훨씬 재밌는 게임을 해 버려서……	REVIEWED	LM	1394
dialogue	1394		GM-ALL-dialogue-1394--1	CF6C0E2A7EAB867809696E62A5637C012189AEE961BCBDAA0FC4EFBD5471D022	밤새는 건, 몸에 안 좋아.	REVIEWED	HXC	1395
dialogue	1395		GM-ALL-dialogue-1395--1	0CAFCC33CC5752EC03CF8A34055F2237E2051EDA25016679AF7B6CEBDD6C2704	그림 그리는 사람들은 다 일찍 자고 일찍 일어나?	REVIEWED	LM	1396
dialogue	1396		GM-ALL-dialogue-1396--1	CFB485FC3833723EA31C3777B00D2EDFCF4F48A7C675AA2A64FE095C284136D2	……졸리면 자.	REVIEWED	HXC	1397
dialogue	1397		GM-ALL-dialogue-1397--1	35C57694DDEA259C4777B64C7425065829E306B4261F96129A0350CE3EB190E1	하고 싶은 건 바로 해 버리는구나. 역시 샤오청답다.	REVIEWED		1398
dialogue	1398		GM-ALL-dialogue-1398--1	E3B0C44298FC1C149AFBF4C8996FB92427AE41E4649B934CA495991B7852B855		EMPTY_CONTROL		1399
dialogue	1399		GM-ALL-dialogue-1399--1	42BA5AF3B152A55DB6805044EE6B73597A278ED885DAC25D0D2D70F882A149F8	한샤오청과 헤어진 뒤 학생식당으로 가다가 바이셴위를 또 만났다.	REVIEWED		1400
dialogue	1400		GM-ALL-dialogue-1400--1	5B2A2C23887741A3A91DEF4BC6476626E1C7C3FF0EDC46233A58FD527C30171D	저렇게 눈에 띄는 백발인데, 왜 지금까지 한 번도 알아차리지 못했던 거지?	REVIEWED		1401
dialogue	1401		GM-ALL-dialogue-1401--1	EC99AF8BC9B294420F0D262CCD06A22A9644F3176E77AE2A898F405ED074D4E0	설마 선천적으로 기척을 숨기는 능력이라도 익힌 건가?	REVIEWED		1402
dialogue	1402		GM-ALL-dialogue-1402--1	7C8B41859FD118F9424A6F5E0F835A7F06ACBFE5A29BBE82FED5D06B2AE0227B	바이셴위는 받아 온 점심을 들고 평소처럼 구석 자리로 가려던 참이었다.	REVIEWED		1403
dialogue	1403		GM-ALL-dialogue-1403--1	3E4F80CF32C17FEEEF03B10DB2F966C8A2A643F09164BFDD27E03063709028A4	……아.	REVIEWED	BXY	1404
dialogue	1404		GM-ALL-dialogue-1404--1	5EE404BB567E50CB4186242B4B42FBB585529592C9E4E967BD0C47FAC8BE66EC	눈이 마주쳤다.	REVIEWED		1405
dialogue	1405		GM-ALL-dialogue-1405--1	42DC48F955758B5C238226E9212C3DED1B3C3542E01B3A8ED9628A778DB04EED	소녀의 두 눈이 순간 조금 커졌다.	REVIEWED		1406
dialogue	1406		GM-ALL-dialogue-1406--1	628BF6C3C4EDCEFAE1DB470921DBEF126C67C12A2B204FF4CF5AC9FCF8AF8487	나도 이 학교 학생이야. 2학년.	REVIEWED	LM	1407
dialogue	1407		GM-ALL-dialogue-1407--1	CE8483C796B8F319B4507FABD6637B146CC9F4220544F218DF5D6FD43CEB08FE	……오……	REVIEWED	BXY	1408
dialogue	1408		GM-ALL-dialogue-1408--1	DA869226FE5F0FC8B274002C37623D997E6F35C0C65AC2C34B31B617933DB7C2	바이셴위는 금세 다시 무표정으로 돌아와 작게 고개를 끄덕였다.	REVIEWED		1409
dialogue	1409		GM-ALL-dialogue-1409--1	810135EC71F3ADAACAFEA99A61CC9C76C9031FA2F41AD5B1D526B804B5607FFE	『바이오세이프티 4』, 엔딩 봤어.	REVIEWED	LM	1410
dialogue	1410		GM-ALL-dialogue-1410--1	38043CD9D73B86E41EB0B23ADA91AD5C4E49CB291B655156FB3DB023A6366ACD	어, 벌써요?	REVIEWED	BXY	1411
dialogue	1411		GM-ALL-dialogue-1411--1	D173A8B839138A802E1658E26A034C9AB1FABD33AAC0C1C7D4E092B576BE5164	생각보다 엄청 재밌더라고. 주인공 조작감도 시원하고, 칼 한 자루로 전기톱을 막는 것도 너무 웃기고……	REVIEWED	LM	1412
dialogue	1412		GM-ALL-dialogue-1412--1	4B538677F117F49A6C4E8FF18A5D7EF3F482464AF090EE2D9540B0538B286D5D	자, 잠깐만요……	REVIEWED	BXY	1413
dialogue	1413		GM-ALL-dialogue-1413--1	7BC4B4CD4FE066B94CB5B198B53D1FC66ED9F105D127CCA6EB4B2AA25BBD0AA7	바이셴위가 작은 목소리로 나를 막더니 주변을 두리번거렸다.	REVIEWED		1414
dialogue	1414		GM-ALL-dialogue-1414--1	87C62608ED9041BCC3E93BD636C92BE70581FFAE4A4F113DAA0BA71D61C1F5C7	여기서는 그런 얘기…… 저한테 하지 말아 주세요……	REVIEWED	BXY	1415
dialogue	1415		GM-ALL-dialogue-1415--1	41E2002C84B927ED0ACF71B78B4C3188D65CEF98D71DA877ADB826E881DE3DF0	바이셴위가 날카로운 눈빛을 보냈다.	REVIEWED		1416
dialogue	1416		GM-ALL-dialogue-1416--1	0621478AAA256292329DE3C37560DB32AE5273FD59E17EF5B2FF8C85B5AA568F	아차, 나도 모르게…… 이 애가 남들 눈에 띄는 걸 싫어하는 타입이라는 걸 깜빡했다.	REVIEWED		1417
dialogue	1417		GM-ALL-dialogue-1417--1	1C6024DBFCBEECC46D56E922042C1EF726AE3CAC9127F96164628F32893DBE57	미안, 좀 신나 버렸어.	REVIEWED	LM	1418
dialogue	1418		GM-ALL-dialogue-1418--1	334CB8EBEF9B988A6383872B258C508377FAB491BD7F5E93FCFAD35FA3639BF8	……그렇게 마음에 들었어요……?	REVIEWED	BXY	1419
dialogue	1419		GM-ALL-dialogue-1419--1	90077AA5E08C4CB78C83550F5D116FDE65B3CCF38D64E4BC799F0BACF07B1236	나는 고개를 끄덕였다.	REVIEWED		1420
dialogue	1420		GM-ALL-dialogue-1420--1	6973FEBA66BA70E5CC60A68C0292E47CFCE9CF243CEA785AE43E787BFA91E3C9	바이셴위는 아랫입술을 깨물고 다시 주변을 살폈다. 결심한 듯, 힘겹게 목소리를 짜냈다.	REVIEWED		1421
dialogue	1421		GM-ALL-dialogue-1421--1	6722D91A3A202F834852F1F37A319C80A8845C09B5CAF55BE552243F932B4D21	나중에…… 또 거기 갈 거예요?	REVIEWED	BXY	1422
dialogue	1422		GM-ALL-dialogue-1422--1	DE6D32CB37657982597CFBB9EDAD30CBE2B711AA911AC1B110645BF6189B7E64	……거기?	REVIEWED	LM	1423
dialogue	1423		GM-ALL-dialogue-1423--1	A7F878B8CED1A7957C560D573E30DDBBC1696E38C370513AACBBF4BFF12E7F43	……	REVIEWED	BXY	1424
dialogue	1424		GM-ALL-dialogue-1424--1	7D0486FA8757EACE936D532E8DDA4099285491BC2CE9A3A485354F9735918CA5	더 이상 말하고 싶지 않다는 표정이었다.	REVIEWED		1425
dialogue	1425		GM-ALL-dialogue-1425--1	C87ED007FB5693A753AE646EB66F496A96AFEEFD609910E6144DE55E07F95F2C	그래플링 하우스?	REVIEWED	LM	1426
dialogue	1426		GM-ALL-dialogue-1426--1	895361FFBF88D5A8C40D47F8DD3D03DF2042CA9360D08738BCBB4FAA39495404	……	REVIEWED	BXY	1427
dialogue	1427		GM-ALL-dialogue-1427--1	A12B7E7974091E5089A1BEB6FED92827BC183C32FA050077378B2376741F742A	오후 수업 끝나면 한 번 갈 것 같아.	REVIEWED	LM	1428
dialogue	1428		GM-ALL-dialogue-1428--1	462C2FC7E69A78F01D55AA45F1DE257C061E038F540639AB62C990BF27754CF1	그럼——	REVIEWED	BXY	1429
dialogue	1429		GM-ALL-dialogue-1429--1	95203789F7805DAF82F4168A38D9B125A9E1DBF4C7A0F89C2F289C878690ED01	자기 목소리에 스스로 놀란 건지, 바이셴위가 바로 목소리를 낮췄다.	REVIEWED		1430
dialogue	1430		GM-ALL-dialogue-1430--1	1366DF62DF9B5343FED306EA71633859C2623E0C27C67CE6C99E7995DC768CEC	감상…… 그때 들려줄 수 있어요?	REVIEWED	BXY	1431
dialogue	1431		GM-ALL-dialogue-1431--1	B4217A5A3DFC4957A575582A289F527F0BDD4533F43F45711D6FC32AEFC55F45	이거…… 먼저 나한테 만나자고 한 건가?	REVIEWED		1432
dialogue	1432		GM-ALL-dialogue-1432--1	D16FF7DC8B6E264D5A47A234C6B7D2100497620842CACE2BAAF523A847C848F5	조금 기쁘다.	REVIEWED		1433
dialogue	1433		GM-ALL-dialogue-1433--1	9C19A15945D73C9CA94AA27A68797A289A31E4D893DE64EC9DA14BA59542E536	물론이지! 나도 누군가랑 얘기하고 싶었어.	REVIEWED	LM	1434
dialogue	1434		GM-ALL-dialogue-1434--1	A7F878B8CED1A7957C560D573E30DDBBC1696E38C370513AACBBF4BFF12E7F43	……	REVIEWED	BXY	1435
dialogue	1435		GM-ALL-dialogue-1435--1	9FB04A99D1DFC84FA01125C217E22A1059F18A541C1ADC444890F5A38C9702D1	바이셴위는 더 말하지 않고 다시 작게 고개를 끄덕인 뒤 돌아섰다.	REVIEWED		1436
dialogue	1436		GM-ALL-dialogue-1436--1	E3B0C44298FC1C149AFBF4C8996FB92427AE41E4649B934CA495991B7852B855		EMPTY_CONTROL		1438
dialogue	1438		GM-ALL-dialogue-1438--1	895361FFBF88D5A8C40D47F8DD3D03DF2042CA9360D08738BCBB4FAA39495404	……	REVIEWED		1439
dialogue	1439		GM-ALL-dialogue-1439--1	AB5DF625BC76DBD4E163BED2DD888DF828F90159BB93556525C31821B6541D46	……	REVIEWED		1440
dialogue	1440		GM-ALL-dialogue-1440--1	95D070A11E738AB07DFA2367C25D330EE10F0314BDE04326C4CF59A65D8C188B	오후 수업이 끝나자마자 나는 곧장 그래플링 하우스로 향했다.	REVIEWED		1441
dialogue	1441		GM-ALL-dialogue-1441--1	C992D4A9D194794B9142EEC30ECCAA10730C99714D5BA811144891D018A4B69C	어서 오세요——어, 리밍!	REVIEWED	MCL	1442
dialogue	1442		GM-ALL-dialogue-1442--1	2EE2A6B5511D9BA12A2F9DB4A1EA38F68722DD0DD40ED9F8017BB9BAD3522CFF	아…… 안녕.	REVIEWED	HXC	1443
dialogue	1443		GM-ALL-dialogue-1443--1	2F000FD6D96EFBDFFB62FAF64D20CDFA22347B95FBEA74C08703BACFD31A799D	나인 걸 확인한 모추링은 자리에서 일어나 인사를 하더니, 다시 앉아 키보드를 두드렸다.	REVIEWED		1444
dialogue	1444		GM-ALL-dialogue-1444--1	319BD8D1F7DD1855A5E9E09718EEB59A4DEA9A2FE0D1E335A5ED9E5C6ABA3E7A	며칠 전과 마찬가지로 한샤오청은 카운터 앞에 앉아 화집을 넘겨 보고 있었다.	REVIEWED		1445
dialogue	1445		GM-ALL-dialogue-1445--1	A0C4941818EF7B9DAF98D4A96F0A96A97BC3F03E35EA1425E458B322E6A8A9ED	전에는 몇 번밖에 안 와 봤다더니, 내가 그래플링 하우스에 올 때마다 항상 여기 있는 것 같다.	REVIEWED		1446
dialogue	1446		GM-ALL-dialogue-1446--1	1FBF1082B57893A5C56B5C3B9FDCAEC06B3C919BF3FAEDBA05281500B5CC8A62	또 신세 좀 질게요…… 그리고 이건 어제 빌린 디스크예요. 엔딩까지 봤어요.	REVIEWED	LM	1447
dialogue	1447		GM-ALL-dialogue-1447--1	F5EDEACA5440DEB7ACF9F03891919B870519298C994C9E0688DF30D135DCD737	벌써요!?	REVIEWED	MCL	1448
dialogue	1448		GM-ALL-dialogue-1448--1	4F3BDD7C2476DEECB2DD18ECED3A1EF0B45DC5AA0B88898DE0EDA655E88FDBF4	덕분에 오늘 아침엔 졸려 죽는 줄 알았어요……	REVIEWED	LM	1449
dialogue	1449		GM-ALL-dialogue-1449--1	3B13F0D89340F74A3F709FF6861FF614E24897A4BFD03376D3BA3260DDB7EB33	그럼 앉아서 푹 쉬어요. 음료도 하나 드릴까요?	REVIEWED	MCL	1450
dialogue	1450		GM-ALL-dialogue-1450--1	6416DDE0B599E8EC36E7F7CDF87DDB80A5B8596EB812F6239D5072D4647A4A72	부탁할게요.	REVIEWED	LM	1451
dialogue	1451		GM-ALL-dialogue-1451--1	E6645AF9CE06DA5C21FEE0ADA8BD496E50D015378EC9EB72D07804EC397712F4	모추링은 ‘안으로 들어오세요’라는 손짓을 한 뒤 다시 카운터 안에 앉아 컴퓨터를 만지작거렸다.	REVIEWED		1452
dialogue	1452		GM-ALL-dialogue-1452--1	D04C2FA89EEA2246E56388E37C1604923758E5D193DA2D0BBD7799C5A0AE12CA	가느다란 손가락이 키보드 위를 빠르게 움직였고, 화면에는 알아볼 수 없는 코드가 빼곡히 떠 있는 듯했다.	REVIEWED		1453
dialogue	1453		GM-ALL-dialogue-1453--1	31F246F7B4E7C16E5E7CEF3ED893E2D73C36734AE42EB70640692F2F8CA6BCE7	평소처럼 말을 많이 걸지 않는 걸 보니 뭔가 바쁜 모양이다. 일단 방해하지 말자.	REVIEWED		1454
dialogue	1454		GM-ALL-dialogue-1454--1	E3B0C44298FC1C149AFBF4C8996FB92427AE41E4649B934CA495991B7852B855		EMPTY_CONTROL		1455
dialogue	1455		GM-ALL-dialogue-1455--1	621500C1FE278C6E4885FB891DD600137FF485645D5D89B5A73CC1AD5F5A4946	게임 코너로 가자, 예상대로 바이셴위가 그곳에 앉아 있었다.	REVIEWED		1456
dialogue	1456		GM-ALL-dialogue-1456--1	C2AD08D4C3D15CA882B6ADB7389A9130A582A30C6EC021F86BE0D136EA559460	안녕.	REVIEWED	LM	1457
dialogue	1457		GM-ALL-dialogue-1457--1	A7F878B8CED1A7957C560D573E30DDBBC1696E38C370513AACBBF4BFF12E7F43	……	REVIEWED	BXY	1458
dialogue	1458		GM-ALL-dialogue-1458--1	D88D85D24DF0E1A1F34B1F352FE46B096202AE2896856E98F6EAE901D4169E4B	바이셴위가 작게 고개를 끄덕였다. 손에 든 패드 조작은 멈추지 않았고, 시선을 따라가 보니 화면에는 바로 『바이오세이프티』가 나오고 있었다.	REVIEWED		1459
dialogue	1459		GM-ALL-dialogue-1459--1	BAE5FF9D1EA5B99F417F7B38A30E3A7AF7C1600EE4BC6FF276AD6E7D649AB087	나는 일부러 바이셴위와 조금 떨어진 곳에 앉았다.	REVIEWED		1460
dialogue	1460		GM-ALL-dialogue-1460--1	A7F878B8CED1A7957C560D573E30DDBBC1696E38C370513AACBBF4BFF12E7F43	……	REVIEWED	LM	1461
dialogue	1461		GM-ALL-dialogue-1461--1	0EE99C41F7C26E3910BEA81EF37BE699C357E8C3AF0DF863309FCC70AA9C13EC	그런데 샤오청, 넌 왜 따라온 거야?	REVIEWED	LM	1462
dialogue	1462		GM-ALL-dialogue-1462--1	D83F66675C23A07044D987C0253F48BC6401898A132C1E4C0FD3B07390C5AD2E	한샤오청은 커다란 액정 타블렛을 힘겹게 안고 내 옆에 바짝 붙어 앉았다.	REVIEWED		1463
dialogue	1463		GM-ALL-dialogue-1463--1	570FFAD58B7E79E0DF785D3CECF1D364BF1C551593FAF2FFD451AB42CC631738	받칠 곳이 없어서 타블렛을 무릎에 기대 봤다가 곤란한 표정을 짓고, 다시 바닥에 내려놓은 뒤 허리를 숙여 불편한 자세로 그림을 그렸다.	REVIEWED		1464
dialogue	1464		GM-ALL-dialogue-1464--1	2889814C9C8A59B39534C2D7AC687C8D9FCBFFEFEA4B7AC269F5E911C9229DC9	……으음……	REVIEWED	HXC	1465
dialogue	1465		GM-ALL-dialogue-1465--1	B06ED72FE2131D262FF652E1E8C4AE313C918B935B9256EA51F1D4CEA47171FA	……방석 위에 올려놔. 그게 편할 거야.	REVIEWED	LM	1466
dialogue	1466		GM-ALL-dialogue-1466--1	34C07E0346DAEB42315428DBC3036B5D5021CF6CE4EC796FBC0BFD2A6F90C946	아, 그러네. 똑똑하다.	REVIEWED	HXC	1467
dialogue	1467		GM-ALL-dialogue-1467--1	7B8B2F18D522898CE9DA958F170C509A315D56AA56AA1C628FC2BF855CA61C49	한샤오청에게 방석 몇 개를 가져다 겹쳐 주자, 곧바로 액정 타블렛을 그 위에 올리고 혼자 그림을 그리기 시작했다.	REVIEWED		1468
dialogue	1468		GM-ALL-dialogue-1468--1	A7F878B8CED1A7957C560D573E30DDBBC1696E38C370513AACBBF4BFF12E7F43	……	REVIEWED	LM	1469
dialogue	1469		GM-ALL-dialogue-1469--1	8908B720EA6CF70528D9708421591E0E86065A2B7093B6445EEFF2E78DDFDC38	학교에서 하던 습관이 여기까지 이어진 건가…… 뭐, 본인이 편하다면 나쁠 건 없지.	REVIEWED		1470
dialogue	1470		GM-ALL-dialogue-1470--1	D0B1B8E160E339312858A7536457A36C764A46F6E8F9FBF2BFFC1A31D5FC1269	샤오청의 자리를 잡아 준 뒤, 나는 바이셴위가 플레이 중인 게임 화면을 바라봤다.	REVIEWED		1471
dialogue	1471		GM-ALL-dialogue-1471--1	E3B0C44298FC1C149AFBF4C8996FB92427AE41E4649B934CA495991B7852B855		EMPTY_CONTROL		1472
dialogue	1472		GM-ALL-dialogue-1472--1	0731B1B30CB48B1F408082B265D5488E6E9864C1029B8566CDBEC4A5C72CF349	화면 속 캐릭터는 어두컴컴한 통로를 돌아다니며 출구를 찾고 있었다.	REVIEWED		1473
dialogue	1473		GM-ALL-dialogue-1473--1	4B9AFE233548DF7160EB5056690F21EEB57B8FF76A52718F67B4B065C794AA10	이름이 리싼광이었던가. 경찰이 되기 전 이발사였는데, 오는 손님마다 수염이고 구레나룻이고 정수리고 모조리 밀어 버려서 그런 이름이 붙었다고 한다.	REVIEWED		1474
dialogue	1474		GM-ALL-dialogue-1474--1	CE0944A1685210057E0B1E91E21611D89E2FACE451FB06C2E74F40081CEBE244	항의를 받고 경찰로 전직했고, 뛰어난 이발 기술 덕분에 각종 총기도 능숙하게 다루게 되어 대통령의 딸을 구하는 임무를 맡았다고 한다.	REVIEWED		1475
dialogue	1475		GM-ALL-dialogue-1475--1	85832D025974B2E721FF559FC09EE5090D13D598D39F2D9C50458A17B8FF24A8	대체 무슨 엉망진창 설정이야.	REVIEWED		1476
dialogue	1476		GM-ALL-dialogue-1476--1	BA5B3C2DD28FCA733954962F3BA4C6320901F4B2CE865B7C576FC65A7B942C63	뒤에서 촉수가 잔뜩 달린 괴물이 쫓아왔다.	REVIEWED		1477
dialogue	1477		GM-ALL-dialogue-1477--1	C5BA02492AF0AB9F6013610852C6D3E85667DEC8CFE8E1A5153752F1EB1B4CEF	패드를 쥔 바이셴위의 두 손이 잠깐 떨렸지만 금세 진정됐다. 리싼광을 조종해 괴물을 밸브 앞으로 유인한 뒤 스위치를 작동시켜 얼려 죽였다.	REVIEWED		1478
dialogue	1478		GM-ALL-dialogue-1478--1	596ED4DA95586F43BC967F174B568C34226CE4E51861E7883081DE5FD4FE9EC7	어? 여기는 지형 기믹으로 잡는 거였어?	REVIEWED	LM	1479
dialogue	1479		GM-ALL-dialogue-1479--1	2DD4DA8C8FA662062CCB8434F3172DEA778E692135CA1E1346921B8C5829AE6A	……그럼 어떻게 잡는데요……?	REVIEWED	BXY	1480
dialogue	1480		GM-ALL-dialogue-1480--1	67C8EFAA0CAB68127EDB871DB54AF875B5F7042FC14FF7DD8E9248A536A923F7	나는 갖고 있던 총알을 전부 쏟아부었거든. 수류탄까지. 그때 이 녀석 왜 이렇게 단단하냐고 투덜댔는데.	REVIEWED	LM	1481
dialogue	1481		GM-ALL-dialogue-1481--1	A7F878B8CED1A7957C560D573E30DDBBC1696E38C370513AACBBF4BFF12E7F43	……	REVIEWED	BXY	1482
dialogue	1482		GM-ALL-dialogue-1482--1	6E4F2EDECEB81998A103EE8803E0100D9E7527E7F291C9B582BC9CD4F73E7030	백발 소녀는 뭐라고 대답해야 할지 모르겠다는 듯 입술을 꾹 다물었다.	REVIEWED		1483
dialogue	1483		GM-ALL-dialogue-1483--1	190B016FE38FE8490876FFD6A3D9CA2ADD8212D1371FB997FF1F95B2827F3C6B	바이셴위는 다시 게임을 계속했고, 패드 소리만 게임 코너에 울렸다.	REVIEWED		1484
dialogue	1484		GM-ALL-dialogue-1484--1	B6B440DAFE84111106AF996A53A69F7D1F826D561A4E08B12361981F4E2683FD	게임 얘기를 잔뜩 하고 싶었던 내 열기가 단번에 가로막혔다.	REVIEWED		1485
dialogue	1485		GM-ALL-dialogue-1485--1	FE73FCC9FB0056D8317CB735D2E9D0F802C2E79731AAFC3C20880DB54FEA52D7	말을 꺼낼 틈이 없어……!	REVIEWED		1486
dialogue	1486		GM-ALL-dialogue-1486--1	52C3DD9B5B6A276E9B6D30394DE4681367F2C245AECF620BFF2020F59DD95FC2	우리는 그대로 말없이 멍하니 앉아 있었다.	REVIEWED		1487
dialogue	1487		GM-ALL-dialogue-1487--1	F53F28699E39462E255506FE5F3A25FE51379754C6B8E4024B1CC28BDD508931	역시 내가 먼저 화제를 꺼내야겠지——	REVIEWED		1488
dialogue	1488		GM-ALL-dialogue-1488--1	37508B04FB66C390E3D2C3FACB203A6767C0ECE281A9E698634F697C5DBB357E	저기——/저기——	REVIEWED	BXY	1489
dialogue	1489		GM-ALL-dialogue-1489--1	DB955635CA6D56FE8416B17B0D5575EBE7BBD8598B276CA6AEBDFA3D0DC21FBB	나와 바이셴위가 동시에 입을 열었다.	REVIEWED		1490
dialogue	1490		GM-ALL-dialogue-1490--1	67D8322AEF55C6A113E92CC5978754E8606025A8B40A30CFEAA1FA282AFCA686	바이셴위는 곧바로 게임을 일시정지하고 내가 말을 잇기를 기다렸다.	REVIEWED		1491
dialogue	1491		GM-ALL-dialogue-1491--1	3F603CD886F273437ABF78C238B8AAB7014263E0CBE7C90C792447DEE8FACCAC	……플레이가, 엄청 매끄럽네.	REVIEWED	LM	1492
dialogue	1492		GM-ALL-dialogue-1492--1	A7F878B8CED1A7957C560D573E30DDBBC1696E38C370513AACBBF4BFF12E7F43	……	REVIEWED	BXY	1493
dialogue	1493		GM-ALL-dialogue-1493--1	63E4B52CDD36899979212F25ACF4F2BEC96E2E3DC5AFF57447393E46943336F9	내가 더 말하지 않자 바이셴위는 다시 고개를 돌려 게임을 시작했다.	REVIEWED		1494
dialogue	1494		GM-ALL-dialogue-1494--1	DA90222CA7845B72CA9B58CA168AAF3823FAD92DD6C2E84816E58323009B41DF	얘도 말을 꺼낼 줄은 몰라서 순간 아무 말도 못 했잖아!	REVIEWED		1495
dialogue	1495		GM-ALL-dialogue-1495--1	7FEF8112A7FA305047811F4C6161EE9031E152374F3B80A74F7FBDF9616A4196	이번 건 무효야. 다시!	REVIEWED		1496
dialogue	1496		GM-ALL-dialogue-1496--1	1C6BF23C5047B2529BF1DB99578E41E4E887BA5A9978D3D6BC26D673DAF6B874	나는 다시 말없이 게임하는 모습을 지켜보며 말을 걸 타이밍을 찾았다.	REVIEWED		1497
dialogue	1497		GM-ALL-dialogue-1497--1	AB158D0E20B495D49292BE2F24E083BB3B581AF1A0800ADBCB954857ACC8034D	그래, 여기서 곧 컷신이 나왔던 것 같은데. 지금 말을 걸자——	REVIEWED		1498
dialogue	1498		GM-ALL-dialogue-1498--1	5F0E0DFB17CE79CC15FD63A67EB3D454C1096780BCD9728452FF324D4DF32F5A	저기——/저기——	REVIEWED	BXY	1499
dialogue	1499		GM-ALL-dialogue-1499--1	C06596EDF4554CA5D643706FDCBC736DB857CC6ACEBEE47F8E1F5A6FF8E168CD	또 동시에 입을 열었다.	REVIEWED		1500
dialogue	1500		GM-ALL-dialogue-1500--1	BD0F78C6E05B658439C77197F812966EC804B0490C7874D46E199B5DF3AB0EEA	바이셴위는 이번에도 바로 게임을 멈추고 나를 바라봤다.	REVIEWED		1501
dialogue	1501		GM-ALL-dialogue-1501--1	2E4028958CAD80FBBFC59493670B3985AB6D03FDDE48906D7905D5103D5C3082	자, 잠깐. 설마 얘도 사실 엄청 얘기하고 싶었던 거야!?	REVIEWED		1502
dialogue	1502		GM-ALL-dialogue-1502--1	7EE402C46D2D452F0BA6E90D64D9B397824FE38BC5F223329B1CD79F4C6120C7	마지막에서 두 번째 스테이지에 칼 든 엘리트 몹 있잖아. 걔도 총알 안 쓰고 잡을 수 있어?	REVIEWED	LM	1503
dialogue	1503		GM-ALL-dialogue-1503--1	598ABF0B544F04AA19A21023323340E7D7EA37D2BC83AB806269C2400B1E4FE3	응. 칼만 써도 돼요.	REVIEWED	BXY	1504
dialogue	1504		GM-ALL-dialogue-1504--1	789978D7AFD4F8D460EE5B21BFA2330F7F18C36287D54B92D3C101043A317171	진짜!? 그리고 나오자마자 계속 따라다니던 NPC를 죽여 버리잖아. 그건 너무하더라.	REVIEWED	LM	1505
dialogue	1505		GM-ALL-dialogue-1505--1	D500663FBD2DFA7A2EC204CA7C51F3964265633D7C0CB134343A36265F8B7C98	……제가…… 한번 보여 드릴까요?	REVIEWED	BXY	1506
dialogue	1506		GM-ALL-dialogue-1506--1	69DCE43A1E83DB8317414D94819A56690E2F8869762928420ACA26A49BD4A3FC	부탁할게.	REVIEWED	LM	1507
dialogue	1507		GM-ALL-dialogue-1507--1	77286AC05F907B0ED6B30DDE598E69F9B5689049223EEB54428F21B3E59AD5EB	백발 소녀는 깊게 숨을 들이쉬고 손가락을 패드 위에서 빠르게 움직여 금세 마지막에서 두 번째 스테이지를 불러왔다.	REVIEWED		1508
dialogue	1508		GM-ALL-dialogue-1508--1	E3B0C44298FC1C149AFBF4C8996FB92427AE41E4649B934CA495991B7852B855		EMPTY_CONTROL		1509
dialogue	1509		GM-ALL-dialogue-1509--1	8E902306B4CA363528B2F171152E6FB3EFD691A7994DBDB420ED05F186FFD636	엘리트 몹이 나타나 캐릭터를 향해 달려들었다. 단검 하나뿐인데도 주먹과 발까지 섞어 가며 보이지 않을 만큼 빠르게 칼을 휘둘러 압박감이 엄청났다.	REVIEWED		1510
dialogue	1510		GM-ALL-dialogue-1510--1	EB80883D8E1758D13053AA38C42C062463A38A9DACB4F72DDB473ED6F8782BA8	바이셴위는 망설임 없이 칼로 바꿔 들고 상대에게 돌진했다.	REVIEWED		1511
dialogue	1511		GM-ALL-dialogue-1511--1	BD56C2EB0469FFC6018EBCD7B26731037297B9B40DADCB68D688584D13147C97	오오! 멋있다!	REVIEWED		1512
dialogue	1512		GM-ALL-dialogue-1512--1	825F9D5C1EED7537DFC55EC8BACFD2E413EAD7970BBF6667CC9B9DE481D37355	엘리트 몹의 단검이 오른쪽에서 날아오자 화면에 가드 입력이 떴다.	REVIEWED		1513
dialogue	1513		GM-ALL-dialogue-1513--1	392E2B9EB1F777280358B7BE75BC6CA29982A79F9FF35256D00AEBE3DC9B5408	그렇군. 모든 공격을 QTE로 받아칠 수 있는 거구나. 조금만 집중하면 사실 꽤 간단하게——	REVIEWED		1514
dialogue	1514		GM-ALL-dialogue-1514--1	95691F9ED3542FFE8B4B31A9869C644520A95E5BB28F1F3B24F245B0A4586237	바이셴위가 조작하던 캐릭터가 날아갔다.	REVIEWED		1515
dialogue	1515		GM-ALL-dialogue-1515--1	8E34ABED1DDB126FDE54BFEDAF035B92AAC16D1E143243CC656102C6DED090C6	아……!	REVIEWED	BXY	1516
dialogue	1516		GM-ALL-dialogue-1516--1	9E9122315FE8F037D6EF46831F43F2F6841D284A6CBF7D909F195C7EC77CC2A5	짧은 탄성이 작게 새어 나왔다.	REVIEWED		1517
dialogue	1517		GM-ALL-dialogue-1517--1	6BE6107FDA2FE67BEF022726B9A18C9EB6FBA324EDC6AEC440E9008E406EF612	엘리트 몹의 주먹과 발이 빗발치듯 쏟아지고, 화면에는 연달아 회피 입력이 떴다.	REVIEWED		1518
dialogue	1518		GM-ALL-dialogue-1518--1	3672994973BBE5CE273A6A2DFB7DB249DB1388E970956600E5C52AD9B3860860	괜찮아! 빨라 보이지만 실제로는 같은 버튼만 누르면 돼. 타이밍 맞춰 누르기만 하면 분명——	REVIEWED		1519
dialogue	1519		GM-ALL-dialogue-1519--1	95691F9ED3542FFE8B4B31A9869C644520A95E5BB28F1F3B24F245B0A4586237	바이셴위가 조작하던 캐릭터가 또 날아갔다.	REVIEWED		1520
dialogue	1520		GM-ALL-dialogue-1520--1	621C56DCDC6EB91FF1915E2C9218DA958AD382C26CBC33A1A2B29B1BB90D8662	아…… 아…… 으아……!	REVIEWED	BXY	1521
dialogue	1521		GM-ALL-dialogue-1521--1	A189522AE751BF4126D2D4592D642850AE8BF1AD268E1617FE639BF9D8E911B9	전부 틀렸어!!	REVIEWED		1522
dialogue	1522		GM-ALL-dialogue-1522--1	39A7294A4A8A1F55F89889C2212509B7A74AE6D8BB7F21FAF485A4C5175CF5DF	화면 속 캐릭터를 따라 몸을 좌우로 비틀고, 패드를 들었다 내렸다 하면서 이따금 작은 신음까지 흘렸다.	REVIEWED		1523
dialogue	1523		GM-ALL-dialogue-1523--1	A7F878B8CED1A7957C560D573E30DDBBC1696E38C370513AACBBF4BFF12E7F43	……	REVIEWED	LM	1524
dialogue	1524		GM-ALL-dialogue-1524--1	FC9981C465ED4245B36FD75FD462BA45677A5BF744404B591B35384ED3C6E7BB	얘…… 사실 게임을 못하는 건가……?!	REVIEWED		1525
dialogue	1525		GM-ALL-dialogue-1525--1	12DB80F45940D2E05FA95706722A622706EB7B77A0C66BE1E073CB19B51D0095	리싼광, 재기 불능!	REVIEWED		1526
dialogue	1526		GM-ALL-dialogue-1526--1	AE353BD4AB411C5A3B34E1623CA1FAC1FD2F30C7331A4D864D4F3DFAC381945E	바이셴위는 패드를 내려놓았다. 볼이 살짝 붉어진 채 어딘가 먼 곳을 바라봤다.	REVIEWED		1527
dialogue	1527		GM-ALL-dialogue-1527--1	6B8FB1EAD0F3AC8E7495E9CD7702E03DBA929FE94EA38818E78A2A35C680446F	……대충 이런 느낌이에요.	REVIEWED	BXY	1528
dialogue	1528		GM-ALL-dialogue-1528--1	639514EC04873F5A52EAEF27C61510C5EF5D52FEE224B21ECF9785FBED4C04A7	대체 뭐가 이런 느낌이라는 거야!?	REVIEWED		1529
dialogue	1529		GM-ALL-dialogue-1529--1	13747DE7CC7871536253E7A2016C7E93CC76756D18CCFA882582E5522397A504	……가르쳐 줘서 고마워!	REVIEWED	LM	1530
dialogue	1530		GM-ALL-dialogue-1530--1	4536DB7290B7A48430D9DA11C77032F1E42D8F9E12CE737CFE00CBC5A79FCD06	……저, 엄청 못하죠……	REVIEWED	BXY	1531
dialogue	1531		GM-ALL-dialogue-1531--1	EA8BDC38788B0EF269FCECC14C95F9A7A0F4667E3FD23372FAE9746ACE28FEEA	아, 아니…… 이 방법은 네가 말 안 해 줬으면 나도 몰랐을 거야.	REVIEWED	LM	1532
dialogue	1532		GM-ALL-dialogue-1532--1	A7F878B8CED1A7957C560D573E30DDBBC1696E38C370513AACBBF4BFF12E7F43	……	REVIEWED	BXY	1533
dialogue	1533		GM-ALL-dialogue-1533--1	931148BC2E894381F7B8977062AFFBC6841C6C31845E5D05D294AEB5F1ADB30B	아직도 마음에 걸리는지 바이셴위는 패드를 아무렇게나 바닥에 내려놓았다.	REVIEWED		1534
dialogue	1534		GM-ALL-dialogue-1534--1	23CAC2966DECE729E1A0BDE1A3D98BBB400F64C8588CE731160B691899172E04	괜찮아요. 위로 안 해도 돼요. 저도 계속 알고 있었으니까……	REVIEWED	BXY	1535
dialogue	1535		GM-ALL-dialogue-1535--1	C2C20F27F226C6E41A849A8FB1094B28B4C9B50D02628A1DD6B0D6143319839E	저는 제가 팀에서 점수 3위 안에만 들면 그 판은 무조건 지는 그런 플레이어예요……	REVIEWED	BXY	1536
dialogue	1536		GM-ALL-dialogue-1536--1	F62C8DFA02481CC780554EB3A99D1B6BAD43CFB9EC7FE7898DC934A0640E10B5	경쟁 게임만 하면 KD가 안정적으로 0.2를 유지해요…… 이것보다 내려간 적도 거의 없을 정도로요.	REVIEWED	BXY	1537
dialogue	1537		GM-ALL-dialogue-1537--1	449CAB27DC7266B572A6850843A703D576767F25DFD7E82F5E7E92BA9F6825D2	어릴 때부터 계속 게임을 해 왔는데, 왜 이럴까요……	REVIEWED	BXY	1538
dialogue	1538		GM-ALL-dialogue-1538--1	CCC243365EDF35D6746650CFD3CD19F77384F50EA643A7EB51F9DCED51B47126	말을 이어 가던 소녀는 결국 양팔 사이에 얼굴을 파묻었다. 기분이 꽤 가라앉은 모양이다.	REVIEWED		1539
dialogue	1539		GM-ALL-dialogue-1539--1	0D55289E3F76C0602225685E1975A08AF487E1B4F898B17C7010AB014B4BABD7	한꺼번에 이렇게 많이 말하는 걸 보면 자기 게임 실력을 정말 신경 쓰고 있나 보다.	REVIEWED		1540
dialogue	1540		GM-ALL-dialogue-1540--1	D68C29483A2FD163285ACAF0652EE1A28EDDBAC3B315897ACD5389A95A592A35	그, 그냥 매칭된 상대가 우연히 너무 강했던 걸 수도 있지……? 싱글 게임이라면 또——	REVIEWED	LM	1541
dialogue	1541		GM-ALL-dialogue-1541--1	4E79379718023D2A04F580D1C6439058EE407E402C29823E641374AE758DDD6C	아, 『바이오세이프티 4』 하는 걸 보면 그것도 차마 말 못 하겠다.	REVIEWED		1542
dialogue	1542		GM-ALL-dialogue-1542--1	115D166D1F90D178F566E64CC022330F4DA91B79AE676BD3597A04B5E2B32B11	선배, 못 믿겠어요?	REVIEWED	BXY	1543
dialogue	1543		GM-ALL-dialogue-1543--1	F3934776A4430238FD9731DA7DA74048ADCA99BC6AE2A8A175349A4F1998FF7B	바이셴위는 “뭐, 별건 아니지만……” 하고 작게 말하며 주머니에서 휴대폰을 꺼냈다.	REVIEWED		1544
dialogue	1544		GM-ALL-dialogue-1544--1	9C32E9999A023B0BEB4C68B24899522784C3A108805B3403FEA06C26993EBFE2	갑자기 ‘선배’라고 불리자 가슴이 철렁했다——그런데 싫지는 않았다. 오히려 등줄기를 타고 묘하게 간질거리는 느낌이 올라왔다.	REVIEWED		1545
dialogue	1545		GM-ALL-dialogue-1545--1	3A88FB89AC10F371898DCDAD80A1E8DEDD4237A4FB4681135CB2D8370D9F5352	선배, 이거…… 한번 봐 주세요.	REVIEWED	BXY	1546
dialogue	1546		GM-ALL-dialogue-1546--1	532691205A5E31DDE71C85CB58CFBB8005ACAC6CDEF01AB44CE2AE993B5F00A2	바이셴위가 휴대폰을 내 눈앞에 내밀었다. 화면에는 빌리빌리 동영상 사이트가 떠 있었다.	REVIEWED		1547
dialogue	1547		GM-ALL-dialogue-1547--1	67E1BE6DB862F6F4879DB28E3B65158B20047D246EB6DF8199BF39B863FA7D2C	hxkjkfc233…… 닉네임 이상하네. 그냥 막 친 건가…… 어, 잠깐!?	REVIEWED	LM	1548
dialogue	1548		GM-ALL-dialogue-1548--1	88B00F8C3BBAD680853418AEAE2ABFF1B3C318A401BFE47C86B95C758EA539F7	팔로워 20만!? 이 사람이!?	REVIEWED	LM	1549
dialogue	1549		GM-ALL-dialogue-1549--1	04B3D32A6B4B4EB15AC02A3119475ECC1F9CC47038732C1002FD214FB9F41248	바이셴위가 보여 준 건 프로필 사진도 없고 닉네임도 아무렇게나 지은 업로더였다. 그런데 그와 대조적으로 팔로워는 무려 20만 명이었다.	REVIEWED		1550
dialogue	1550		GM-ALL-dialogue-1550--1	548F13390390585BC71BA2AC7BF10C3B36441D7D52A5078B932BEC66263DB973	……제 계정이에요.	REVIEWED	BXY	1551
dialogue	1551		GM-ALL-dialogue-1551--1	1A8873D59E2478743259CA3D94E9BECB9F39D6EFD3E33856C29BA60881A92E91	뭐!?	REVIEWED	LM	1552
dialogue	1552		GM-ALL-dialogue-1552--1	A10B39A469CEDF573DFC65536F398506A8F20B28521EBCC3E7108A4AD5574BEC	바이셴위는 조금 부끄러운 듯 고개를 끄덕였다.	REVIEWED		1553
dialogue	1553		GM-ALL-dialogue-1553--1	8E87E34BADC7C34DF90B63E841B2A95FE01DB3D40E548C190D1E8CBD67F8FD84	완전 숨은 고수였네.	REVIEWED	LM	1554
dialogue	1554		GM-ALL-dialogue-1554--1	CF01FE92B9F05B97958F18F7835D6EC0180BF30502411C696E627E93750BF181	그, 그런 거 아니에요…… 선배, 일단 여기 봐요.	REVIEWED	BXY	1555
dialogue	1555		GM-ALL-dialogue-1555--1	0FC92B07B68624E6993881F54739E0AF796C9382CDC6838516AB234FB7213252	조회수순으로 정렬하자 맨 위에는 『MYCS!GO』 플레이 영상이 떴다. 조회수는 무려 700만.	REVIEWED		1556
dialogue	1556		GM-ALL-dialogue-1556--1	D026F7E46095B96FE6FE60A97F8002DEFC41398A2A813388771490FDE329229A	이 애, 알고 보니 FPS 고수였던 건가!?	REVIEWED		1557
dialogue	1557		GM-ALL-dialogue-1557--1	E2164FC7C0865FBC91A612E9A31A5798B17C2BF10BCA74541C13807F6F9AAB5B	그런데 왜 『바이오세이프티 4』 할 때는 그렇게 허둥댄 거지?	REVIEWED		1558
dialogue	1558		GM-ALL-dialogue-1558--1	93AAE64A80858166069D44AD539C5ADDCB39EEF960E680B00E49EC955C635F2B	내 표정을 눈치챈 소녀는 뭔가 말하려는 듯했지만, 결국 재생 버튼만 눌렀다.	REVIEWED		1559
dialogue	1559		GM-ALL-dialogue-1559--1	19FA1EBEAD5E26ABDEDD7BD8CE0D79B485266D2797802941063AA478A1C9EFF1	영상이 시작됐다. 1인칭 시점에서 바이셴위는 돌격소총을 들고 빠르게 정찰 중이었다. 에임은 정확히 헤드라인에 고정돼 있었고 조심스럽게 피킹했다.	REVIEWED		1560
dialogue	1560		GM-ALL-dialogue-1560--1	A19D5C09235B40A44D9A42DA93FB32C36B7222D5E725EC76DA8F8AA96CE9D7D6	미쳤다! 『MYCS!GO』 고수잖아!	REVIEWED		1561
dialogue	1561		GM-ALL-dialogue-1561--1	CAAF48DCA847BA3F9F43419F98D60DDFC89E96819195B925087E23732E03E917	상황을 보니 블루팀은 바이셴위 혼자 남았고 레드팀은 세 명이나 남아 있다——설마 여기서 1대3을 뒤집는 명장면을 만들어서 조회수가 700만까지 찍힌 건가!	REVIEWED		1562
dialogue	1562		GM-ALL-dialogue-1562--1	E61D68AAE28F1A4C5508FA8F0D74F53EA46C579CB812570D9C46E9CC410018CE	바이셴위는 문 앞에 도착해 연막탄을 꺼냈다.	REVIEWED		1563
dialogue	1563		GM-ALL-dialogue-1563--1	520C35E80F6A60F7EF0C92EA2C5BEFC6667228269993D3EBC9C68FA42BFE0073	그렇군. 문 뒤로 연막을 던지고 강제로 돌파해서 적 셋을 쓸어버릴 생각인가! 역시 고수!	REVIEWED		1564
dialogue	1564		GM-ALL-dialogue-1564--1	D3BBBA1BF77D25F5B98816CAC7AE78823565F86F2411D8EC630FF9B77007C2C9	연막탄은 문틀에 맞고 튕겨 바이셴위 발밑으로 돌아왔다.	REVIEWED		1565
dialogue	1565		GM-ALL-dialogue-1565--1	E0A3D166C0CB578B74AA7CA568AB051E98259C378BF2C90BD9387547878FB8C6	좋은 연막이다.	REVIEWED		1566
dialogue	1566		GM-ALL-dialogue-1566--1	14E295C213C78A94D0F17CCD601F0C4787AE8FDB0052D4D88AE8A94D534FCABF	바이셴위는 다시 화염병을 꺼냈다.	REVIEWED		1567
dialogue	1567		GM-ALL-dialogue-1567--1	77CB35F9D934B4880BCB245471A514FA891FD1DE232DBA53AF4940C8959A4FCC	그렇군. 적의 시선이 문밖 연막에 쏠린 사이 화염병을 안으로 던져 기습할 생각인가! 역시 고수!	REVIEWED		1568
dialogue	1568		GM-ALL-dialogue-1568--1	DA505C686AE99429ACC6CFCB6F34BC247CB8907438F2D118A588947883A54EDA	화염병은 실수로 벽에 부딪혔고 바이셴위의 체력이 절반이나 날아갔다.	REVIEWED		1569
dialogue	1569		GM-ALL-dialogue-1569--1	EC4F718A740E792D74C466011103629A59A8C5D130975BCDF02FB90F8F421C8F	좋은 불이다!	REVIEWED		1570
dialogue	1570		GM-ALL-dialogue-1570--1	FD06639897F577E0D9D3C65A83A19F93DF3B2A90B5F23F2F931114C9043FC6F9	바이셴위가 수류탄을 꺼냈다.	REVIEWED		1571
dialogue	1571		GM-ALL-dialogue-1571--1	BE94112F98505964D0CBA0A465B50749CF360DD9460E3923F26C8E5B2CB8684E	그렇군! 이건……	REVIEWED		1572
dialogue	1572		GM-ALL-dialogue-1572--1	C0FB3C8185F8CE2711CCC50EA52E8E9166672D2B63F2598E87F21E44ECB9BBB8	안 돼, 더는 포장 못 하겠다!!	REVIEWED		1573
dialogue	1573		GM-ALL-dialogue-1573--1	6286A5A46B080F9C7658361523228C97163C15A5C933CD183372E27B6141FB76	이 애 진짜 게임 못하잖아!!	REVIEWED		1574
dialogue	1574		GM-ALL-dialogue-1574--1	1F97E6BAE23817BDCD37FE59C69C7F13D64155964ABE1AE0673A5F3AC1737859	바이셴위가 수류탄을 던졌고, 수류탄은 문틀에 튕겨 바로 옆으로 돌아왔다.	REVIEWED		1575
dialogue	1575		GM-ALL-dialogue-1575--1	4EFCA9049B0FC361D83D0F2D3FE1B8F6AB82A4DA40668B50A29FFC4AAD927B16	레드팀 승리!!	REVIEWED		1576
dialogue	1576		GM-ALL-dialogue-1576--1	A07A95D6BA99348F549C7821971E87E6882A6753A8A2FF46BA3FFE24FBCCC304	좋은 수류탄이다!!	REVIEWED		1577
dialogue	1577		GM-ALL-dialogue-1577--1	3B1D0141DFF2207B317CEA0DE1B127C46ACE8237DAF8D30AB014DF10D56BC616	영상 내내 화면을 가로지르는 댓글이 거의 끊이지 않았고, 분위기도 줄곧 유쾌했다.	REVIEWED		1578
dialogue	1578		GM-ALL-dialogue-1578--1	A7F878B8CED1A7957C560D573E30DDBBC1696E38C370513AACBBF4BFF12E7F43	……	REVIEWED	LM	1579
dialogue	1579		GM-ALL-dialogue-1579--1	782ABF4E0C63E89BFC1764FAD50B365EE52251CD2B359E8850F30C8AE3F4EF09	……선배, 웃고 싶으면 웃어도 돼요. 이 영상의 웃음 포인트가 저니까요.	REVIEWED	BXY	1580
dialogue	1580		GM-ALL-dialogue-1580--1	A7F878B8CED1A7957C560D573E30DDBBC1696E38C370513AACBBF4BFF12E7F43	……	REVIEWED	LM	1581
dialogue	1581		GM-ALL-dialogue-1581--1	1259EFEC482FA123FD7F3AE26892294E54C5C8084920B383E56BB81D96368769	웃지 마!! 참아!!	REVIEWED		1582
dialogue	1582		GM-ALL-dialogue-1582--1	73C7AF3CCECC0618BEA61B1478FF1BE20B34A2F2F30231F0A38E8FE0F8F76885	바이셴위는 다른 영상도 몇 개 보여 줬는데, 전부 조회수가 백만을 넘겼다.	REVIEWED		1583
dialogue	1583		GM-ALL-dialogue-1583--1	D8D37DDFBDBC1E9539A9BE7EA78B71CC80EE8C9640DB951B078A807A44BDD88D	어떤 영상은 『APOX』에서 슬라이딩 한 번 했다가 맵 밖으로 날아가 버렸고.	REVIEWED		1584
dialogue	1584		GM-ALL-dialogue-1584--1	04118684EFB7FB16A2C5690460D7D09AA364A124DF8BFFBB0199C2E9785EB7D1	치킨 7인——! 넌 아직…… 넌 아직 천공 다이브에 합류하지 않았어!!!	REVIEWED	L	1585
dialogue	1585		GM-ALL-dialogue-1585--1	A644018E28B952D5A5ED70297F5DDA782C1773AFDD7EAA6F329D1095E142E545	또 어떤 영상은 『CAD: 블랙 워』에서 탄창 하나를 전부 비우고도 못 맞혀서, 상대 무빙 고수에게 근접 공격으로 털렸다.	REVIEWED		1586
dialogue	1586		GM-ALL-dialogue-1586--1	D877C084016A87BC718E960FD65C07B1C81C6530D8C93F41B0A9F3A289CE4013	【*랩 음악 소리*】【미친 듯한 무기 스왑 회전 도발】	REVIEWED	L	1587
dialogue	1587		GM-ALL-dialogue-1587--1	D6D357910773C8ACADC94B5CBBF4A5C18A2C96232E753BE90545B02457BA9E0D	올린 영상이 전부 웃음 포인트 덩어리다! 심지어 연출이 아니라 진짜로 벌어진 일이라는 게 보인다!!	REVIEWED		1588
dialogue	1588		GM-ALL-dialogue-1588--1	1008FA489457050941E0F4D5BE467649FC72808269F213A7381774574C1308E7	풉.	REVIEWED	LM	1589
dialogue	1589		GM-ALL-dialogue-1589--1	A7F878B8CED1A7957C560D573E30DDBBC1696E38C370513AACBBF4BFF12E7F43	……	REVIEWED	BXY	1590
dialogue	1590		GM-ALL-dialogue-1590--1	CF375783C8751DD3C1ECAC34282E8F51A1AF84D551FA30D2B1754CD52B8E61D5	미안.	REVIEWED	LM	1591
dialogue	1591		GM-ALL-dialogue-1591--1	D2BBE2D2E8BDE8B8CA9F48D9C9805E4C16980EC9425DF1445867A5BC062BBE02	저는 그냥 평소 게임하는 영상을 올렸을 뿐인데, 왜 다들 그렇게 즐겁게 웃는 걸까요……	REVIEWED	BXY	1592
dialogue	1592		GM-ALL-dialogue-1592--1	91015CEE3023060C56E2F069173BB6503F2384C94CEC73B31347B62BD786799C	미안해!!!	REVIEWED	LM	1593
dialogue	1593		GM-ALL-dialogue-1593--1	C9A89E2B8ED0D3F17D095E85A5DE2664BA9B60E66BB58BFDA5C0A5EC2821DD2A	아, 선배. 그냥 농담이에요. 저도 제가 이런 재능이 있다는 건 알아요.	REVIEWED	BXY	1594
dialogue	1594		GM-ALL-dialogue-1594--1	5EF49366E6D65632B4B5A18F391D50C9B0221123EB2860562D9704B20E3A6461	무슨 게임을 해도 예능으로 만들어 버리는 재능인가!?	REVIEWED		1595
dialogue	1595		GM-ALL-dialogue-1595--1	073C248ED13F07E2E763230D17F806289B24FD043BA2AEB913F6265D6438C43E	거의 다 FPS 영상이네…… 정말 좋아해?	REVIEWED	LM	1596
dialogue	1596		GM-ALL-dialogue-1596--1	DB5D212A73AF27CB8270E122D0351A7E14D4C6BC394BC4156C462B5DE0D91FFD	응…… 좋아해요.	REVIEWED	BXY	1597
dialogue	1597		GM-ALL-dialogue-1597--1	B7A8A437715587D7FBCCD5988C371830B75D121C3D9227BB4CAF09334D7277BE	KD가 0.2밖에 안 돼도, 그래도 좋아해요…… 적을 쓰러뜨렸을 때의 쾌감은 다른 게임에선 느낄 수 없으니까요.	REVIEWED	BXY	1598
dialogue	1598		GM-ALL-dialogue-1598--1	E02BCE3DF8D211364F8703FA0EEDADCB8582E45B0AA6C26FF3C952C7CCE0B04B	그렇구나…… 나도 FPS 자주 해서 무슨 느낌인지 알 것 같아.	REVIEWED	LM	1599
dialogue	1599		GM-ALL-dialogue-1599--1	B3005CC886BB19765CCB21BADF64D4DC5F7E235460FA9F18E4F9ACE7ABEB9CE0	바이셴위는 휴대폰을 거두었다. 그래도 패드를 다시 집어 들진 않았다.	REVIEWED		1600
dialogue	1600		GM-ALL-dialogue-1600--1	9C76EF71394273F2298ACA6F20E2786B9841796640D610860E67A9F78C519D82	완전히 풀이 죽었네. 이럴 때는 역시——	REVIEWED		1601
dialogue	1601		GM-ALL-dialogue-1601--1	E3B0C44298FC1C149AFBF4C8996FB92427AE41E4649B934CA495991B7852B855		EMPTY_CONTROL		-1
option	1601	0	GM-ALL-option-1601-0	589F7BBA18E2C665320AC614F9DA6DC31D0256D09DC7BF439EC4F9502131379F	위로한다	REVIEWED		-1
dialogue	1602		GM-ALL-dialogue-1602--1	7AAAA6CE84111A5B2FF146CBCB1E15F2CD128C055446A0FFF3EB13D45F49669C	그…… 그렇게까지 신경 쓸 필요는 없지 않을까? 사실 대부분은 게임을 그냥 평범하게 해.	REVIEWED	LM	1603
dialogue	1603		GM-ALL-dialogue-1603--1	768FD7E75D73736CAD183745FACAF95A69C05D6BAEDF2230FA397C779D2127E0	제 실력이 평범한 수준인가요……	REVIEWED	BXY	1604
dialogue	1604		GM-ALL-dialogue-1604--1	A7F878B8CED1A7957C560D573E30DDBBC1696E38C370513AACBBF4BFF12E7F43	……	REVIEWED	LM	1605
dialogue	1605		GM-ALL-dialogue-1605--1	51105B689F3D8675C9E967F74A96B41B68F2D10B3BC555317A4188B991083204	그, 예를 들면——모추링 씨, FPS 해 본 적 있어요?	REVIEWED	LM	1606
dialogue	1606		GM-ALL-dialogue-1606--1	BEFBC6063A003E0B18FA20F5873EAC6828461409C72E05DCF08CAB64FB169F75	오! 1인칭 슈팅 게임 말이죠? 저도 해 본 적 있어요! 예를 들면 『미소녀 만화경』……	REVIEWED	MCL	1607
dialogue	1607		GM-ALL-dialogue-1607--1	12A55B782F4FFC9F1F114ABF9A1E506A8CCD66938B5F01E14CAA32491B7CC333	총으로 쏘는 슈팅 게임을 말한 거예요!?	REVIEWED	LM	1608
dialogue	1608		GM-ALL-dialogue-1608--1	A2CD862C1AA0830F944A04CD10F5683E894C3AC09713ABAF94ACED8980BD3D1D	죄송해요, 드립 한번 쳐 봤어요! 사실 거의 안 해 봤어요——!	REVIEWED	MCL	1609
dialogue	1609		GM-ALL-dialogue-1609--1	A7F878B8CED1A7957C560D573E30DDBBC1696E38C370513AACBBF4BFF12E7F43	……	REVIEWED	BXY	1610
dialogue	1610		GM-ALL-dialogue-1610--1	E35A02F182335BB88F2921950F6A9EE283008283396D2FE3E0EDE331616207F7	크흠, 이건 빼죠. 모추링 씨는 미연시 특화니까…… 다른 사람은……	REVIEWED	LM	1611
dialogue	1611		GM-ALL-dialogue-1611--1	366D70CA86ABEF42179DC597832072DA08678BF5F0FEDE6597C4BAC7EA3A25E8	……어, 샤오청. 너 평소에 FPS 해?	REVIEWED	LM	1612
dialogue	1612		GM-ALL-dialogue-1612--1	E29895684532A502F1E81E5903A98DC42CEB0766850BFEC574D037EA35836A8F	내가 이름을 부르자, 그전 대화에는 아무 반응도 없던 한샤오청이 바로 펜을 멈췄다.	REVIEWED		1613
dialogue	1613		GM-ALL-dialogue-1613--1	40D320C5A112DAD5EF3E2B4733E2E405299251772A1357AF1607D4A96CA6EE9F	……PS?	REVIEWED	HXC	1614
dialogue	1614		GM-ALL-dialogue-1614--1	47AC903ADD96912A9F5BBDC8A404DB0737DC09C259CD9105BA13A850E4BD7066	……그, 총 쏘는 게임.	REVIEWED	LM	1615
dialogue	1615		GM-ALL-dialogue-1615--1	50D751781D327D8FEC1545EEB86DAAB6E1421A6A54DEDF9982BB75328F1D4AD9	……물총?	REVIEWED	HXC	1616
dialogue	1616		GM-ALL-dialogue-1616--1	04A202439C674184088FD298CB48C9D1CAE08C9708DB7B9AF6C1A78F1610137E	됐어. 계속 그려.	REVIEWED	LM	1617
dialogue	1617		GM-ALL-dialogue-1617--1	5C7A9F97ADB5BED9D4C6ACA666DFFD0E37FDA970EBCFC2C8C0060523A483E295	응.	REVIEWED	HXC	1618
dialogue	1618		GM-ALL-dialogue-1618--1	F5995A2DD45344739A531D804580E1DA6CD459E69D3DB7A53029B9ED2C258F4A	……선배……	REVIEWED	BXY	1619
dialogue	1619		GM-ALL-dialogue-1619--1	9BDC05ED4EEFE093026B186B66EBD79F19B98E4AF28CB8C3AE489CD0B1A48A2C	주변 사람을 예로 들어 대부분은 FPS를 그렇게 잘하지 않는다고 말해 주려 했는데, 다들 아예 안 해 봤잖아!?	REVIEWED		1620
dialogue	1620		GM-ALL-dialogue-1620--1	D4C05E7DCFE79302A1139A90D9BE887522F4FC6FC748225CCC6D6E0FDADB9BC8	선배, 일부러 위로 안 해도 돼요……	REVIEWED	BXY	1621
dialogue	1621		GM-ALL-dialogue-1621--1	9AD210968F55BC1C51D3680A6563ADC7301089E1A0CE089BE00A99DAD8891CF6	그래도 저렇게 침울한 모습을 그냥 넘기긴 힘들다. 그렇다면——	REVIEWED		1622
dialogue	1622		GM-ALL-dialogue-1622--1	65322397EBB58570B011305FB3AD742AD36415F5BABE3C731E83E5B9C7BFC421	다음에 여기서 게임할 때 기회 되면 같이 파티해서 해 볼래?	REVIEWED	LM	1623
dialogue	1623		GM-ALL-dialogue-1623--1	81B94EA73E391EA3DF503284F181CCA8A7CA9856D3FD5C1A135DB483B92D9715	……네……? 파티…… 저랑요?	REVIEWED	BXY	1624
dialogue	1624		GM-ALL-dialogue-1624--1	C361423F80BBDAE4F3F646ACA41AD08772DC70DA814C52989C2B5C9184DE6509	응…… 아니, 네가 평소 하던 게임이면 오히려 네가 나를 데리고 해 주는 쪽이 맞겠네……	REVIEWED	LM	1625
dialogue	1625		GM-ALL-dialogue-1625--1	1E18C934BA8641E53019DAFC02167D25075336E58D73CB94163998B5F8364ECB	가, 가능해요!	REVIEWED	BXY	1626
dialogue	1626		GM-ALL-dialogue-1626--1	44A03085D5D99E1FB0B86E7683DA143025C8DF77B8666934BE731FCD531DE594	갑자기 커진 목소리에 나까지 놀랐다.	REVIEWED		1627
dialogue	1627		GM-ALL-dialogue-1627--1	FE9047794E3E546B634788D9B33E40775952B5BEB3EC27D3936E78E4507541A7	아…… 저, 그러니까…… 죄송해요…… 응, 가능해요.	REVIEWED	BXY	1628
dialogue	1628		GM-ALL-dialogue-1628--1	D6D63768988C49903F892B1B14A61EACA25969880A5E021A3B03E92E206ADC9D	볼이 새빨갛게 물들었다. 패드를 조작하던 손가락은 어느새 서로 얽힌 채 긴장한 듯 비벼지고 있었다.	REVIEWED		1629
dialogue	1629		GM-ALL-dialogue-1629--1	823BC41C2473E39C425124F222E1F0FD42B02929C898ACBCC4306DEA21C4A3D6	왜인지 나까지 긴장돼서 심장이 쿵쿵 뛰기 시작했다.	REVIEWED		1630
dialogue	1630		GM-ALL-dialogue-1630--1	19320581DD7DEA9F9B6A962E261C3893C6FC3FBBE6441DF1F8600DC48D42B26F	서, 선배.	REVIEWED	BXY	1631
dialogue	1631		GM-ALL-dialogue-1631--1	8B931CBBC5FF834D619D16792036706CC06F14CF1A2024230235D3263006AF89	왜?	REVIEWED	LM	1632
dialogue	1632		GM-ALL-dialogue-1632--1	0D9CDB7BC97CC3A2B46986FC31669600B896646BF3F2C37CF9BBFE9E5FABA959	백발의 게임 오타쿠 소녀는 다시 휴대폰을 꺼내 내 눈앞에 내밀었다.	REVIEWED		1633
dialogue	1633		GM-ALL-dialogue-1633--1	7A508F1ACD7352F656E02ABC9CAF3BA6ACDE3489E9A1003443D5068C74B99F27	이번에는 화면에 친구 추가 QR 코드가 떠 있었다.	REVIEWED		1634
dialogue	1634		GM-ALL-dialogue-1634--1	694316BA69832521C2DD87F18A95B7E91F3E28ECCA882BABAF9617AB096FC041	그게…… 시간을 약속하려면 연락처가 없으면 불편하니까……	REVIEWED	BXY	1635
dialogue	1635		GM-ALL-dialogue-1635--1	895361FFBF88D5A8C40D47F8DD3D03DF2042CA9360D08738BCBB4FAA39495404	……	REVIEWED	BXY	1636
dialogue	1636		GM-ALL-dialogue-1636--1	A0F421E2335AFB9945F9388D4F76EB813568067E2046F3646D882FA140117254	바이셴위는 떨리는 손으로 휴대폰을 내밀었다.	REVIEWED		1637
dialogue	1637		GM-ALL-dialogue-1637--1	3207216589F8340057B5A1EB673D0352324CA07CD9C45B0DE78A6572DA365121	그…… 그래. 서로 친구 추가하자.	REVIEWED	LM	1638
dialogue	1638		GM-ALL-dialogue-1638--1	CC6D1DD3ADE9E006B2A060CDEBACB7FCD33F8EA7CADC98FB0BA94D64B925B883	나도 조금 얼굴이 붉어졌던 것 같다.	REVIEWED		1639
dialogue	1639		GM-ALL-dialogue-1639--1	D2729E42F573D6FA3036260F4AA715E1452CC0334690575C8B9D70E20FAB6F09	아, 아니. 내 문제가 아니라 바이셴위가 너무 긴장해서 나까지 덩달아 긴장한 것뿐이라고!	REVIEWED		1640
dialogue	1640		GM-ALL-dialogue-1640--1	9BEF9632247D3D6F2FDDCC031FE3075B6BEE4FE5B2864DDDF81B393B3C3AF9A6	서로 친구 추가를 하고 이름까지 저장했다.	REVIEWED		1641
dialogue	1641		GM-ALL-dialogue-1641--1	B08FBDA3FA84C64311C797ABABA461D518BC6A18828225A08BC55BAB7B0E0B3A	뜻밖에도 사이가 또 한 걸음 가까워졌네.	REVIEWED		1642
dialogue	1642		GM-ALL-dialogue-1642--1	E3B0C44298FC1C149AFBF4C8996FB92427AE41E4649B934CA495991B7852B855		EMPTY_CONTROL		1643
dialogue	1643		GM-ALL-dialogue-1643--1	895361FFBF88D5A8C40D47F8DD3D03DF2042CA9360D08738BCBB4FAA39495404	……	REVIEWED		1644
dialogue	1644		GM-ALL-dialogue-1644--1	2A947ED93E5C6D88A897E03AA0AA0C12D8931E6BC5562744F7B64FDDAE0028F3	내일 저녁에 친구들이랑 영화관 쪽에 가기로 했어.	REVIEWED	MM	1645
dialogue	1645		GM-ALL-dialogue-1645--1	333093B635E6D5DAFCA7FD60193181173206B66E5E15693F7BAA374EFFD3F0F8	요즘 무슨 영화가 새로 나왔는지도 전혀 안 봤는데.	REVIEWED	LM	1646
dialogue	1646		GM-ALL-dialogue-1646--1	3F7E1F9C23BE9827D8E1A2E8F9AF060862A53F5E57C7FDB50A38D77D82717EA6	며칠에 한 번씩 자기 전에 샤오예와 전화하는 건 어느새 습관이 됐다. 아마 대학 1학년 때부터 시작했던 것 같다.	REVIEWED		1647
dialogue	1647		GM-ALL-dialogue-1647--1	EA7447DA1792BC6B63B802F4E225A978FECCDBC060F52681FB3246EAC288F5C6	아무 영양가 없는 얘기만으로도 한참 떠들 수 있다. 그래서인지 심심한 밤에도 조금은 활기가 생긴다.	REVIEWED		1648
dialogue	1648		GM-ALL-dialogue-1648--1	D35CD63C4B0DE1D46648D7AF9995EA87FF582D3AC1384E9F9B267B560B5B23DD	오빠도 같이 갈래?	REVIEWED	MM	1649
dialogue	1649		GM-ALL-dialogue-1649--1	4A689CDBD4023EE1D217C096BA7EF873ABAC761B11685B2D11C2B13F7DC15253	무슨 소리야. 여자애들 무리에 내가 끼면 너무 어색하잖아.	REVIEWED	LM	1650
dialogue	1650		GM-ALL-dialogue-1650--1	6114127BA4634A079DF92493425724DF833A2CE16A9DA7026EBDF54471E2DEF9	……아니, 생각해 보니 요즘 계속 여자애들 사이에 있었던 것 같은데……	REVIEWED		1651
dialogue	1651		GM-ALL-dialogue-1651--1	FBE87E9C7BE709EE3F16DB93442EE17B0BD5966102F9D00877FE32832A7A12FF	후후, 농담이야. 오빠는 분명 영화관 가는 것도 귀찮아할 테니까.	REVIEWED	MM	1652
dialogue	1652		GM-ALL-dialogue-1652--1	6D56834DEBBD721A837C4E0262680AC763F71907E7F261BBC5D4A7070C7DDCB4	야. 진짜 보고 싶은 영화가 있으면 나도 혼자 보러 가거든.	REVIEWED	LM	1653
dialogue	1653		GM-ALL-dialogue-1653--1	C5733FF75F2E8032606678DA9C4E2B701CE26F84A104C53DDAD693957277AB0E	혼자……? 같이 갈 사람 없이? 좀 외롭지 않아……?	REVIEWED	MM	1654
dialogue	1654		GM-ALL-dialogue-1654--1	A7F878B8CED1A7957C560D573E30DDBBC1696E38C370513AACBBF4BFF12E7F43	……	REVIEWED	LM	1655
dialogue	1655		GM-ALL-dialogue-1655--1	E63B165A4B2AA137AAE7C10E7B206CAEFDD4A6C91F5D438F7F1E2AC7306F15B6	그걸 자유라고 하는 거야.	REVIEWED	LM	1656
dialogue	1656		GM-ALL-dialogue-1656--1	EF8E608F6EC95666035ACC066CA935E0154EC0E7A58CA887B5A6E498BD8F3910	정 같이 갈 사람 없으면 내가 오빠랑 같이 가 줄 수도 있고.	REVIEWED	MM	1657
dialogue	1657		GM-ALL-dialogue-1657--1	38EF8E891BE6F7A7A9E20AFCF91F76316A4DF2F85AA4C19772F4B21EF744CBA5	좋아. 평 좋은 공포 영화 새로 나오면 부를게.	REVIEWED	LM	1658
dialogue	1658		GM-ALL-dialogue-1658--1	11267D52BB981D19A4CC8E3874B88563D4D455970A0A9AB435930E3D2C016FE1	헤에~ 그럼 기숙사 친구들을 전부 끌고 가서 오빠를 한가운데 둘러싸 줄게.	REVIEWED	MM	1659
dialogue	1659		GM-ALL-dialogue-1659--1	C40675854C7F7C5F9A01F5800D47B88258A86A62304A80550564281D457E5721	서로 처음 보는 사람인데 여동생 친구라고 억지로 인사까지 해야 하는 여자애들 한가운데 날 처박아서 영화 내내 불편하게 만들지 마!?	REVIEWED	LM	1660
dialogue	1660		GM-ALL-dialogue-1660--1	4C2D540C2F557AA64ED8DE1647F7807B64183ABF427DA306629B6DB6DA47E040	전화기 너머에서 작게 웃는 소리가 들렸다——정말 당해낼 수가 없다.	REVIEWED		1661
dialogue	1661		GM-ALL-dialogue-1661--1	8DF03398D3FC68C9A321721438FAAA52A13D3B4A8CE1E901BCC90CB08CC65705	그래도 진짜로, 오빠도 좀 많이 밖에 나가 봐.	REVIEWED	MM	1662
dialogue	1662		GM-ALL-dialogue-1662--1	A07D376ACB1F76F848DCEF2A94C1A340331EA864F83AA00F29FF432E2C53F86B	대학 와서 오빠한테 정말 친한 친구는 생겼어?	REVIEWED	MM	1663
dialogue	1663		GM-ALL-dialogue-1663--1	9C7EA93353F62BFE731C8D419491CA1772F36C9A6FA74B9934280E0540DDBB12	날 무슨 사회성 없는 인간으로 보냐. 나도 나름 사람 만나고 살아. 반 애들 대부분이랑 말도 잘 통하고.	REVIEWED	LM	1664
dialogue	1664		GM-ALL-dialogue-1664--1	85C9A717C94CD75712AB9CE5F197C84143706EE55B6D6D69A23F8CF9B68FF18E	그냥 깊게 친해진 사람이 없을 뿐이다.	REVIEWED		1665
dialogue	1665		GM-ALL-dialogue-1665--1	E898E4E87ABA600867AC240FB374C3A32A5F919828CF98D6263E50FDFE89EF7F	그럼 내가 괜한 걱정을 했네. 그래도 맨날 방에만 있으면 안 돼.	REVIEWED	MM	1666
dialogue	1666		GM-ALL-dialogue-1666--1	EBB7C80E5903957E4A778E29383F9B0587BC2D88C990A63611FF9E8605D2B84A	요즘은…… 꽤 자주 나가잖아. 그래플링 하우스에서도 새 친구 많이 사귀었고.	REVIEWED	LM	1667
dialogue	1667		GM-ALL-dialogue-1667--1	80F82CD0F5F3A425B36F022733F70EDAF3842725EE5BCED8A4B584781AF5CE3E	……음~ 그러고 보니 그렇네……	REVIEWED	MM	1668
dialogue	1668		GM-ALL-dialogue-1668--1	77899D90863C91E4D2AA7474C39F16670DE93F7BE58439DA74A72956796FF73D	게다가 요 며칠 오빠, 예전보다 훨씬 생기 있어 보여. 1학년 때는 매일 뭘 해도 재미없다는 얼굴이었잖아.	REVIEWED	MM	1669
dialogue	1669		GM-ALL-dialogue-1669--1	CE81500294AE8BC896AAE9072D0E8F0C4A8D319B5E5CECE7DFC30980630BDB86	나 역시 어렴풋이 그런 변화를 느끼고 있었다.	REVIEWED		1670
dialogue	1670		GM-ALL-dialogue-1670--1	0854FDC9882E00BA3E0C20378E7C526477FEF03C11A60C78577239442578EECF	그 뒤로도 이런저런 이야기를 하다가 서로 잘 자라고 인사한 뒤에야 전화를 끊었다.	REVIEWED		1671
dialogue	1671		GM-ALL-dialogue-1671--1	E3B0C44298FC1C149AFBF4C8996FB92427AE41E4649B934CA495991B7852B855		EMPTY_CONTROL		1673
dialogue	1673		GM-ALL-dialogue-1673--1	6158990390AF605F697FBAC6FD046ADE79499BB8B08F69415095094E8CC64FF3	어, 바이셴위한테 메시지가 왔네.	REVIEWED		1674
dialogue	1674		GM-ALL-dialogue-1674--1	850AAAE41D75C4556F32C032F614678150F2B42BC8ECA9B0874F3F573CEE9DB2	이렇게 늦은 시간에 무슨 얘기지……	REVIEWED		1675
dialogue	1675		GM-ALL-dialogue-1675--1	E3B0C44298FC1C149AFBF4C8996FB92427AE41E4649B934CA495991B7852B855		EMPTY_CONTROL		1676
dialogue	1676		GM-ALL-dialogue-1676--1	A7F878B8CED1A7957C560D573E30DDBBC1696E38C370513AACBBF4BFF12E7F43	……	REVIEWED	LM	1677
dialogue	1677		GM-ALL-dialogue-1677--1	B2FD4A3E68853949D0C8824F917FFF8F2EEC432FE0EB01EF6805DDE801EB349C	영상 공유……?	REVIEWED		1678
dialogue	1678		GM-ALL-dialogue-1678--1	E3B0C44298FC1C149AFBF4C8996FB92427AE41E4649B934CA495991B7852B855		EMPTY_CONTROL		1679
dialogue	1679		GM-ALL-dialogue-1679--1	E3B0C44298FC1C149AFBF4C8996FB92427AE41E4649B934CA495991B7852B855		EMPTY_CONTROL		1680
dialogue	1680		GM-ALL-dialogue-1680--1	3D06F5A891BA2624277731A988574BB9F2F48B7BCCC320F0C352E6F3E08904E8	그렇구나……	REVIEWED		1681
dialogue	1681		GM-ALL-dialogue-1681--1	5F01185DF9A7450E7D59142704DED8836EC70F6F5F606C6B75AB62A88D166D0D	왜 하필 『타르코프 브레이크아웃』이냐면, 그래플링 하우스에서 의논한 끝에 고른 게임이기 때문이다.	REVIEWED		1682
dialogue	1682		GM-ALL-dialogue-1682--1	DC908F086642F94F7C15AC777DB0F7EFB1C6D0A6BBC8390ADDD6E9166F06DB00	『CAD』 시리즈는 최신작을 사지 않았고, 『APOX』는 나랑 잘 안 맞을 것 같았다.	REVIEWED		1683
dialogue	1683		GM-ALL-dialogue-1683--1	943FC111CA30B8DF51277E3F635D5E283EFFBFC751606A2B33C35D2C2DCC92CE	이것저것 따져 보다 무료 게임을 고른 셈이다. 애초에 갑자기 떠오른 멀티 제안인데 굳이 돈을 많이 쓸 필요도 없었고.	REVIEWED		1684
dialogue	1684		GM-ALL-dialogue-1684--1	E3B0C44298FC1C149AFBF4C8996FB92427AE41E4649B934CA495991B7852B855		EMPTY_CONTROL		1685
dialogue	1685		GM-ALL-dialogue-1685--1	2E43F6FEDD3F22F63EFA0E5B7214E5B7C2A6B28812B59083D3C605A662814A61	좋아, 전송.	REVIEWED		1686
dialogue	1686		GM-ALL-dialogue-1686--1	6A0EF026A7D11576EBCAB34E079D4D9DEE63CAA46C73FF64C1311B2626255B64	그런데 바이셴위는 온라인 채팅에서도 엄청 공손하게 말하네……	REVIEWED		1687
dialogue	1687		GM-ALL-dialogue-1687--1	6D2D014E63C2B436D585B5F0D333A0800774F070F7A8843C8A4251B04D19AFA1	거기에 이모티콘까지 붙이니까 묘한 조합이다.	REVIEWED		1688
dialogue	1688		GM-ALL-dialogue-1688--1	BC4EFB2CE1DF7057CB4F419E3575DC040FFCD563AE0D2062F6A4264819208C0E	나도 한번 해 볼까.	REVIEWED		1689
dialogue	1689		GM-ALL-dialogue-1689--1	E3B0C44298FC1C149AFBF4C8996FB92427AE41E4649B934CA495991B7852B855		EMPTY_CONTROL		1690
dialogue	1690		GM-ALL-dialogue-1690--1	A7F878B8CED1A7957C560D573E30DDBBC1696E38C370513AACBBF4BFF12E7F43	……	REVIEWED	LM	1691
dialogue	1691		GM-ALL-dialogue-1691--1	43FAACB871E1A796A566B6F596F9F5D33354FFEC297DD1082A206C326B5B665D	왜, 왜 답장이 없어!?	REVIEWED		1692
dialogue	1692		GM-ALL-dialogue-1692--1	E3B0C44298FC1C149AFBF4C8996FB92427AE41E4649B934CA495991B7852B855		EMPTY_CONTROL		1693
dialogue	1693		GM-ALL-dialogue-1693--1	4D0E44BA0D6A75136B90990982B6961368A0E68A09C48CC6864A2AB56F1A5402	의미를 모르겠어!!	REVIEWED		1694
dialogue	1694		GM-ALL-dialogue-1694--1	0575E6DB667707C28D1FE9CFE268463D6EB5E477CB7154BF23694B5631BADA03	후우……	REVIEWED		1695
dialogue	1695		GM-ALL-dialogue-1695--1	FAF171D25652C150208289630AAB4123BDCD6045C91923FB7DB61EB5B1DDB08C	시간 될 때 같이 하자고 했지만, 사실 내일 바로 할 수 있겠지.	REVIEWED		1696
dialogue	1696		GM-ALL-dialogue-1696--1	D0DB221D2992022F8D7779C63E7DCE27A53B4E833EFA50E80A52D744095A8D0C	원래 그래플링 하우스에 갈 생각이었으니까.	REVIEWED		1697
dialogue	1697		GM-ALL-dialogue-1697--1	2CE27D0D80935DCD550EF57BC05FBF382E311C9744EB0719B9E98F810B096F17	……어라?	REVIEWED		1698
dialogue	1698		GM-ALL-dialogue-1698--1	E3D7B065179C3F249E4042B4BF3962AEF9090CBD67562D04C1AA2CE390E90B00	수업 끝나면 바로 거기로 간다는 생각을 너무 자연스럽게 하고 있었네……	REVIEWED		1699
dialogue	1699		GM-ALL-dialogue-1699--1	A7F878B8CED1A7957C560D573E30DDBBC1696E38C370513AACBBF4BFF12E7F43	……	REVIEWED	LM	1700
dialogue	1700		GM-ALL-dialogue-1700--1	56594B83B75F9FE67D52EF702DAE2FAD2068E09FA146B77DA30CAA24086835D3	돌이켜 보면 요 며칠은 꽤 알차게 보냈다. 딱히 대단한 일을 한 것도 아닌데도 마음은 뭔가로 채워진 느낌이었다.	REVIEWED		1701
dialogue	1701		GM-ALL-dialogue-1701--1	056E9DD481E88B6EA7E7022CF40CF1A38DD28AFDCF3D67E3A29C9F993561F8A2	예전 같았으면 혼자 집에 틀어박혀 시간을 의미 없이 흘려보냈겠지.	REVIEWED		1702
dialogue	1702		GM-ALL-dialogue-1702--1	FF05CD6B8EBAAFEC44FD4E4318482C0FA6F69147B703DB89C74947352F7BD90F	하지만 지금은——	REVIEWED		1703
dialogue	1703		GM-ALL-dialogue-1703--1	6B106B3BE9AA6B985BBBA5D5AC104F758A0B7CF327F8383E12E74CAF17A751AA	그곳에서 다시 모두를 만나고 싶다.	REVIEWED		1704
dialogue	1704		GM-ALL-dialogue-1704--1	4796D23A9FD53186F16159141003C92C9A7AF0A54031D11EA51A51494B958CAF	다른 목적이 있는 것도 아니다. 그저 ‘보고 싶다’는 단순한 생각뿐.	REVIEWED		1705
dialogue	1705		GM-ALL-dialogue-1705--1	E7E7593C59763B5F188437927948CFEE84E58074A8B8764E77C2A8EB385D996A	그래, 난 그러고 싶다. 그 일을 하고 싶다——그뿐이다.	REVIEWED		1706
dialogue	1706		GM-ALL-dialogue-1706--1	699F98D39BA62F9450909A3F4FA1E4B7CFEF7314584DFAEFB200B78A3FF90939	내일이 정말 기대된다.	REVIEWED		1707
dialogue	1707		GM-ALL-dialogue-1707--1	E3B0C44298FC1C149AFBF4C8996FB92427AE41E4649B934CA495991B7852B855		EMPTY_CONTROL		1709
dialogue	1709		GM-ALL-dialogue-1709--1	A7F878B8CED1A7957C560D573E30DDBBC1696E38C370513AACBBF4BFF12E7F43	……	REVIEWED		1710
dialogue	1710		GM-ALL-dialogue-1710--1	C79F729FC9D53085D9E8C9234563C6845DDFAEEA5D5792D05D676918A3AB7308	좋은 아침!	REVIEWED		1711
dialogue	1711		GM-ALL-dialogue-1711--1	D4DCA6EBC694627A29D1EEB75C132AE3E4029A4B76AB1EE64BA1DB35891FB494	이렇게 개운하게 일어난 게 얼마 만이지!	REVIEWED		1712
dialogue	1712		GM-ALL-dialogue-1712--1	3AEA929D4F3F505B7F72EC6E13FF3C272916FFA98CCF4B43A0C34DDC26FC3E69	커튼을 젖히고 본 하늘이 이렇게 파랗다는 걸, 이사 온 뒤 처음 알았다.	REVIEWED		1713
dialogue	1713		GM-ALL-dialogue-1713--1	8FF484C513DA3FCE4CDF73AFC0FEE56A0149D2461FBFC1C913B0A349C3B2C6F1	수업에 가면 한샤오청이 새로 그린 그림을 볼 수 있고, 끝나면 그래플링 하우스에 가서 바이셴위랑 게임하고, 모추링이랑 미연시 얘기도 좀 떠들고.	REVIEWED		1714
dialogue	1714		GM-ALL-dialogue-1714--1	85AD29ECD3B8952EA794737EC0EA61E4F821FA17689C627BA2FD28CC6AF9CE9B	저녁에 샤오예가 전화하면 무슨 영화 봤는지도 물어보고——	REVIEWED		1715
dialogue	1715		GM-ALL-dialogue-1715--1	6037C88F24A46F870BA8AD942D6046D453F85FEC727D2BACE90383817047ED9C	지금…… 이런 생활이 엄청 즐거운 것 같은데!?	REVIEWED		1716
dialogue	1716		GM-ALL-dialogue-1716--1	24657A80F47908E2E07F75FF60357F68B470F3103E05DBD801617D560EAEA1BA	이, 이게 무슨 기쁨이야. 대학에 와서 처음으로 이렇게 많은 친구를 한꺼번에 사귀었고, 공통 화제까지 있다고!?	REVIEWED		1717
dialogue	1717		GM-ALL-dialogue-1717--1	C9A2559DC8E073E1A38E507E265440256404F7B1F04804CB86BDC3918BED9363	그냥 만나고 얘기하는 것뿐인데 왜 이렇게 기대되는 걸까.	REVIEWED		1718
dialogue	1718		GM-ALL-dialogue-1718--1	2B9DE271F14398F33B9CF754C973E2C285674A9374B64D10015B473B4AAF9E82	좋아, 기운 내서 만나러 가자.	REVIEWED		1719
dialogue	1719		GM-ALL-dialogue-1719--1	CFFDF5F13D63444C8CDA4B08BDC59F613D039BA17D9BF165300B6A952E979548	그럼…… 다녀오겠습니다.	REVIEWED	LM	1720
dialogue	1720		GM-ALL-dialogue-1720--1	13EBA3BEBC176BA2A275CD8A0DCCF75E1DE2E8747B6ACA5F60892449D59690AA	선반 위에 놓인 부모님 사진 액자를 향해 그렇게 말했다.	REVIEWED		1721
dialogue	1721		GM-ALL-dialogue-1721--1	E3B0C44298FC1C149AFBF4C8996FB92427AE41E4649B934CA495991B7852B855		EMPTY_CONTROL		1723
dialogue	1723		GM-ALL-dialogue-1723--1	895361FFBF88D5A8C40D47F8DD3D03DF2042CA9360D08738BCBB4FAA39495404	……	REVIEWED		1724
dialogue	1724		GM-ALL-dialogue-1724--1	AB5DF625BC76DBD4E163BED2DD888DF828F90159BB93556525C31821B6541D46	……	REVIEWED		1725
dialogue	1725		GM-ALL-dialogue-1725--1	1D16A196F0ACBF75B581E54E01F94351DCE5489EF5A896D1B4231B9034346DF9	나와 한샤오청의 자리는 정해져 있다. 어느 강의실이든 항상 맨 뒤 구석이다.	REVIEWED		1726
dialogue	1726		GM-ALL-dialogue-1726--1	274AB6105A8A51B3F73F020BE6A3C1B0AA537E5069D3A00B0C8B34D436582700	내가 샤오청보다 늦게 오면 불안해한다는 걸 안 뒤로는 학교에 일찍 와서 미리 자리를 잡아 두고 있다.	REVIEWED		1727
dialogue	1727		GM-ALL-dialogue-1727--1	9186E33AEBEFE88A92FEAED5F694064E4B1B2071F3D3174F2629540EF6D15A66	수강생이 아주 많은 편은 아니라 보통 서로 몇 자리씩 띄워 앉기 때문에, 옆자리 하나를 비워 둬도 크게 문제 되진 않는다.	REVIEWED		1728
dialogue	1728		GM-ALL-dialogue-1728--1	20A23EA12B78FEA322696A7E8A2F138CC0CA2A24B30BF96C739BEA0F7A40FE9A	이 습관도 벌써 한 달 넘게 이어졌다.	REVIEWED		1729
dialogue	1729		GM-ALL-dialogue-1729--1	FBFE3358B2CF706820410A123337F19C8651AD3A64C10CF129D031D5595E7473	평소처럼 강의실 구석으로 가서 한샤오청 자리를 비워 두었다.	REVIEWED		1730
dialogue	1730		GM-ALL-dialogue-1730--1	01B25959F906BE8B5F0C4AA2433796A85F0E510CD0F255EF46EF4F0DD2ABDD4A	수업 시작까지 십여 분 남았고, 강의실에는 학생 몇 명만 듬성듬성 들어와 있었다. 한샤오청은 보통 이 시간엔 아직 오지 않는다.	REVIEWED		1731
dialogue	1731		GM-ALL-dialogue-1731--1	A7F878B8CED1A7957C560D573E30DDBBC1696E38C370513AACBBF4BFF12E7F43	……	REVIEWED	LM	1732
dialogue	1732		GM-ALL-dialogue-1732--1	F25F0EDFD83B50A744C67A3F28BB84D4C02834B17676B01BBEFD9EA4FC7B81C8	5분쯤 지나 학생들이 또 한 무리 들어오자 나도 모르게 한샤오청이 있는지 찾아봤다.	REVIEWED		1733
dialogue	1733		GM-ALL-dialogue-1733--1	A7F878B8CED1A7957C560D573E30DDBBC1696E38C370513AACBBF4BFF12E7F43	……	REVIEWED	LM	1734
dialogue	1734		GM-ALL-dialogue-1734--1	CC192843F75764D3A9C2BBE8F037A47C1ED82FF63EE12A0AAB5794A71ECE1F66	그중에 한샤오청은 없었다.	REVIEWED		1735
dialogue	1735		GM-ALL-dialogue-1735--1	9D46851353F00BB1877997ABD249760E4DE0912392BC428510AB6D5AF712AC5B	아니, 내가 뭐 하는 거야. 평소처럼 수업을 기다리고 있으면 한샤오청이 자연스럽게 툭 튀어나와 내 옆자리에 바짝 붙어 앉겠지.	REVIEWED		1736
dialogue	1736		GM-ALL-dialogue-1736--1	A7F878B8CED1A7957C560D573E30DDBBC1696E38C370513AACBBF4BFF12E7F43	……	REVIEWED	LM	1737
dialogue	1737		GM-ALL-dialogue-1737--1	933C807784CB5185AFC9ED9D2FA042C0B4D1589AA636118FC76EC680AF797537	또 5분이 지났다. 이제 곧 수업이 시작되고, 올 사람은 거의 다 왔다.	REVIEWED		1738
dialogue	1738		GM-ALL-dialogue-1738--1	2D54A5F6CA44F6CE1EB98F4559C80B4F2DA0EA9152DA91050E380041B5FA6FD4	한샤오청, 오늘 좀 늦네…… 무슨 일 있나?	REVIEWED		1739
dialogue	1739		GM-ALL-dialogue-1739--1	A7F878B8CED1A7957C560D573E30DDBBC1696E38C370513AACBBF4BFF12E7F43	……	REVIEWED	LM	1740
dialogue	1740		GM-ALL-dialogue-1740--1	2DF49C52C93A875449AFF803D53C72B32EE02D48F1EB8087BE387B53F75D6319	오늘은 6장을 할 겁니다. 이 장은 기말고사에서 거의 서술형으로 나오니까 잘 들어 두세요——	REVIEWED	L	1741
dialogue	1741		GM-ALL-dialogue-1741--1	967AAAB14C5033F726570C47C225C880DE7B610FBCAEEE52D4CA681E2A8E11F1	에에——	REVIEWED	L	1742
dialogue	1742		GM-ALL-dialogue-1742--1	9425B2C3F630F91457E9AF7A0836D4B1228BAA996CC91D8ACBC190D5FBDDCB6B	교수님, 중요 포인트 좀 찍어 주세요——	REVIEWED	L	1743
dialogue	1743		GM-ALL-dialogue-1743--1	A7F878B8CED1A7957C560D573E30DDBBC1696E38C370513AACBBF4BFF12E7F43	……	REVIEWED	LM	1744
dialogue	1744		GM-ALL-dialogue-1744--1	E3B0C44298FC1C149AFBF4C8996FB92427AE41E4649B934CA495991B7852B855		EMPTY_CONTROL		1746
dialogue	1746		GM-ALL-dialogue-1746--1	B1B5056DDA91C8925F7DE64B09F1CE6618955D02377F074BF2C6EDBE66FD505A	맨날 교재만 보지 마세요. 문제를 안 풀고 교재만 읽었다고 다 안다고 생각하면 안 됩니다.	REVIEWED	L	1747
dialogue	1747		GM-ALL-dialogue-1747--1	49AA5B8E5A6C811FB3E874CE00A4470FF8159FD188DC5CECF04096E2A19D3171	이제 곧 기말이니까 슬슬 공부 모드 들어가야죠.	REVIEWED	L	1748
dialogue	1748		GM-ALL-dialogue-1748--1	CD528E1023134046F2B899AA7FA32127B272D9386D9FBB9CE6F1E3C0B7DDC6B5	교수님, 살려 주세요!	REVIEWED	L	1749
dialogue	1749		GM-ALL-dialogue-1749--1	EEA0D5551F936F3703EADF5A096ADC92274B359C87DE03EFFCC02966F039F0F6	교수님 이 과목 통과율 몇 퍼센트예요?	REVIEWED	L	1750
dialogue	1750		GM-ALL-dialogue-1750--1	A7F878B8CED1A7957C560D573E30DDBBC1696E38C370513AACBBF4BFF12E7F43	……	REVIEWED	LM	1751
dialogue	1751		GM-ALL-dialogue-1751--1	501A25D9BACE705D7D2877DD8013D69EE9D5687FD3B3C5D48B51AE4D00BF3768	휴대폰을 꺼내 아무 생각 없이 스크롤을 내리기 시작했다.	REVIEWED		1752
dialogue	1752		GM-ALL-dialogue-1752--1	E3B0C44298FC1C149AFBF4C8996FB92427AE41E4649B934CA495991B7852B855		EMPTY_CONTROL		1753
dialogue	1753		GM-ALL-dialogue-1753--1	E3B0C44298FC1C149AFBF4C8996FB92427AE41E4649B934CA495991B7852B855		EMPTY_CONTROL		1754
dialogue	1754		GM-ALL-dialogue-1754--1	A7F878B8CED1A7957C560D573E30DDBBC1696E38C370513AACBBF4BFF12E7F43	……	REVIEWED	LM	1755
dialogue	1755		GM-ALL-dialogue-1755--1	E3B0C44298FC1C149AFBF4C8996FB92427AE41E4649B934CA495991B7852B855		EMPTY_CONTROL		1756
dialogue	1756		GM-ALL-dialogue-1756--1	E3B0C44298FC1C149AFBF4C8996FB92427AE41E4649B934CA495991B7852B855		EMPTY_CONTROL		1757
dialogue	1757		GM-ALL-dialogue-1757--1	A7F878B8CED1A7957C560D573E30DDBBC1696E38C370513AACBBF4BFF12E7F43	……	REVIEWED		1758
dialogue	1758		GM-ALL-dialogue-1758--1	A50ED583C8C126887476BA361433446B694597FEB12A42EAB6A1845CDF65A930	그렇구나…… 오늘은, 안 오는구나.	REVIEWED		1759
dialogue	1759		GM-ALL-dialogue-1759--1	895361FFBF88D5A8C40D47F8DD3D03DF2042CA9360D08738BCBB4FAA39495404	……	REVIEWED	LM	1760
dialogue	1760		GM-ALL-dialogue-1760--1	319C0006B3620AB5A1669E674839330612A28E42796AC7488964F4016571EAF3	6장은 여기까지 하겠습니다. 다음 장부터는 다른 교수님이 맡으실 거예요.	REVIEWED	L	1761
dialogue	1761		GM-ALL-dialogue-1761--1	195625E78B76D807432E0E679312FA6DBFD63B5572230B9A24A867110F3BC9E1	비록 보름밖에 안 됐지만 만남도 인연이죠. 여러분, 다음에 또 봅시다.	REVIEWED	L	1762
dialogue	1762		GM-ALL-dialogue-1762--1	A7F878B8CED1A7957C560D573E30DDBBC1696E38C370513AACBBF4BFF12E7F43	……	REVIEWED	LM	1763
dialogue	1763		GM-ALL-dialogue-1763--1	6E460B520429259F27BD705228F62558A827060C0681AEBF9515CC3C4DC407B9	왠지 교수님들은 수업 마지막마다 다 비슷한 말을 하는 것 같다……	REVIEWED		1764
dialogue	1764		GM-ALL-dialogue-1764--1	1844E04DA7B1374BBBA31AB8C207D3CACF97B51EE344A031BF50CF9B957574ED	연락처는 여기 남겨 둘게요. 나중에 궁금한 게 있으면 언제든 물어보세요.	REVIEWED	L	1765
dialogue	1765		GM-ALL-dialogue-1765--1	A03F2FD631370334952C5DB487CE810E6AF747DE720ED7A05543A4C1204D3998	~~~	REVIEWED	L	1766
dialogue	1766		GM-ALL-dialogue-1766--1	EA04D7A4D685FF8A77F1DB92911E915A554DE22A521C26B6E944E1D901D49EB3	그러고는 연락처를 남겼고, 학생들은 앞다퉈 사진을 찍으러 갔다.	REVIEWED		1767
dialogue	1767		GM-ALL-dialogue-1767--1	1ECF93916D34B0670D1BC95B08A4F5AC6A401DA3D778475810D6BC52FC5387CE	심심하다.	REVIEWED		1768
dialogue	1768		GM-ALL-dialogue-1768--1	770677D510FA377D666689BB007020C49549B72B473DF28FE8400046E8B017DA	아…… 언제 필기까지 했지. 전혀 의식하지 못했다.	REVIEWED		1769
dialogue	1769		GM-ALL-dialogue-1769--1	4F047360DD5A2EEAD9C60351EDFD5FF876B562A76C03F145C9B35E19B8534FEC	한샤오청, 오늘은 안 왔네……	REVIEWED		1770
dialogue	1770		GM-ALL-dialogue-1770--1	191D81189A9A9D897C986867CB55BB69A77C3D2E05D1AA00D3BB45AEBA30F1A2	가끔 이런 날도 있지. 아주 평범한 일이야.	REVIEWED		1771
dialogue	1771		GM-ALL-dialogue-1771--1	F9E783B1FC68BB0BFDEA0CC0BABF8FD695E231E14EDFFEE7F5DDF35F29246EC0	……생각해 보니, 얘를 만난 뒤로는 처음인가.	REVIEWED		1772
dialogue	1772		GM-ALL-dialogue-1772--1	CB361C609C437591B0F2CA693344D946E7BDDFAF64377E6EE980AE93BF5AEC8C	와도 그냥 내 옆에서 조용히 그림만 그리고, 하루 종일 만났을 때와 헤어질 때밖에 말을 안 한 날도 있었는데.	REVIEWED		1773
dialogue	1773		GM-ALL-dialogue-1773--1	AEF0CFF160BCAC2CE3F41AE29F609D311F022CED329A54BEC8D368F4D562F96C	그런데 왜 갑자기 없으니까 마음 한구석에서 뭔가가 사라진 것 같지.	REVIEWED		1774
dialogue	1774		GM-ALL-dialogue-1774--1	C4431CDACF61B48DED695DA4CE8624DB89B3D03C78355AE1199DAD0F1FD2702B	그런 생각을 하자 괜히 심장이 빨라지는 느낌이 들었다.	REVIEWED		1775
dialogue	1775		GM-ALL-dialogue-1775--1	68DE64387B217DC5012D0220720D9B43131CE81E9A7536749C77E0389B08AFD6	뭐였더라. 습관이 자리 잡는 데 석 달 걸린다는 말이 있었던가?	REVIEWED		1776
dialogue	1776		GM-ALL-dialogue-1776--1	CF7F6A1298A1FBCE68653FCAFCE9921763B83C8FACB61D607805878F02B16AA3	아직 두 달밖에 안 됐는데 벌써 이 모양이라니, 습관이란 무섭다.	REVIEWED		1777
dialogue	1777		GM-ALL-dialogue-1777--1	EFF92D68269819BE51688A2DFA18BC3580E73519622F5562531CEE9BCC1B2FEF	뭐, 늘 하던 일이 갑자기 달라져서 처음엔 적응이 안 되는 것뿐이겠지.	REVIEWED		1778
dialogue	1778		GM-ALL-dialogue-1778--1	46ED8CBCDFD7B1560B179F05DB37D693AFFCF1E935B2D2B655A577ED41C13E28	너무 신경 쓰지 말자.	REVIEWED		1779
dialogue	1779		GM-ALL-dialogue-1779--1	6638D187DE47B0289C3166C34331E05088E6A9CE42E7410CE2CB255FC100AE5E	그렇……겠지?	REVIEWED		1780
dialogue	1780		GM-ALL-dialogue-1780--1	E3B0C44298FC1C149AFBF4C8996FB92427AE41E4649B934CA495991B7852B855		EMPTY_CONTROL		1782
dialogue	1782		GM-ALL-dialogue-1782--1	CDA40FD4400CBFE6D281C393C5DA295EFE1C496A3B30FBAEEBD85F7AC2675112	평소처럼 학생식당에 밥을 먹으러 갔다.	REVIEWED		1783
dialogue	1783		GM-ALL-dialogue-1783--1	7DCA1A48C2D0E5F6E44A7A277FC02FDED8E48D6C3B6DAB15CE71ACBC71241226	또 바이셴위를 만났다.	REVIEWED		1784
dialogue	1784		GM-ALL-dialogue-1784--1	E2EEE1CFE0B612724A3669FC5142C7EFF95A197DDE16AFFF7368674C90FF8B82	학생식당이 얘 고정 스폰 지점이라도 되는 것 같다. 오기만 하면 마주치네.	REVIEWED		1785
dialogue	1785		GM-ALL-dialogue-1785--1	D00E4DB70C11DDE9B7ECEC6658801B8CC449FBF18651FEDA4BC6426144134EBA	선배.	REVIEWED	BXY	1786
dialogue	1786		GM-ALL-dialogue-1786--1	D5DE5529883AAD3241657EA07A2D795882E59794CCF7B699930BACB199C321E0	바이셴위는 식판을 들고 내게 고개를 끄덕였다.	REVIEWED		1787
dialogue	1787		GM-ALL-dialogue-1787--1	561BE9D62E55E4C214F65734C4A7BFFB7D56BEDF15E2605C0CC5A1E4E874EDA1	막 다 먹은 모양이다. 나보다 한 교시 일찍 끝났나?	REVIEWED		1788
dialogue	1788		GM-ALL-dialogue-1788--1	2D2361C8D557DC09C8AF80966E8FD23663A220C439F19EFA34A663EA64F9F0AC	이제 나를 마주쳐도 예전처럼 날카로운 눈빛은 보이지 않는다.	REVIEWED		1789
dialogue	1789		GM-ALL-dialogue-1789--1	2F8F596323BAB17C128B67B18C87A932362F1BFC784B66C74E5D32E0199E854E	오히려 나를 볼 때 눈빛이 훨씬 부드러워졌다.	REVIEWED		1790
dialogue	1790		GM-ALL-dialogue-1790--1	542D6FE8C33EBBEA7CD6998F4D11D5BCFA9E6EF21DC47DF27A28D2B8037F2214	오후에도 거기 갈 거야?	REVIEWED	LM	1791
dialogue	1791		GM-ALL-dialogue-1791--1	84DBCA9E80666F0605D4B1D5CCB9237A645B837134D7767991001EBC39EE4216	응. 약속했으니까요.	REVIEWED	BXY	1792
dialogue	1792		GM-ALL-dialogue-1792--1	F34FD62128A7C3139FA6F5A84532C5E991C02B109A49455D5A4F410C40056996	그래. 그럼 이따 보자.	REVIEWED	LM	1793
dialogue	1793		GM-ALL-dialogue-1793--1	5C7A9F97ADB5BED9D4C6ACA666DFFD0E37FDA970EBCFC2C8C0060523A483E295	응.	REVIEWED	BXY	1794
dialogue	1794		GM-ALL-dialogue-1794--1	C8DAB72CFDEF5A6C5966729C8B9A72A3960E98FE2C24032437FFA08841291F5C	……선배, 오후에 봐요.	REVIEWED	BXY	1795
dialogue	1795		GM-ALL-dialogue-1795--1	6E10B01F6B08A1C00D0397CA723BF144E1C3EF36069B9CB10060B98539AAB62E	그래, 오후에 보자.	REVIEWED	LM	1796
dialogue	1796		GM-ALL-dialogue-1796--1	4854F08390CDBC6DAA32F7AAED6E91C3F8EB6F8842D2509BA334AA22CA5CC638	바이셴위와 짧게 몇 마디를 나누고는 속으로 안도의 한숨을 내쉬었다.	REVIEWED		1797
dialogue	1797		GM-ALL-dialogue-1797--1	E3B0C44298FC1C149AFBF4C8996FB92427AE41E4649B934CA495991B7852B855		EMPTY_CONTROL		1799
dialogue	1799		GM-ALL-dialogue-1799--1	895361FFBF88D5A8C40D47F8DD3D03DF2042CA9360D08738BCBB4FAA39495404	……	REVIEWED		1800
dialogue	1800		GM-ALL-dialogue-1800--1	C98F4677BAF0AF87221C82C71E62CA5B81E7CD8D629768A463D563A3B7F8F8E0	드디어 오후 수업을 버텨 내고, 끝나자마자 상점가로 곧장 향했다.	REVIEWED		1801
dialogue	1801		GM-ALL-dialogue-1801--1	4ED87BAA38E35FADB3331001BC6ABA1C630E2D3105B04EEB0A84B81BE2AC9873	어젯밤 바이셴위가 보내 준 영상은 몇 번이나 돌려 봤다. 시간이 너무 늦어 직접 해 보진 못했으니, 이따 그래플링 하우스에 도착하면 한번 해 봐야겠다.	REVIEWED		1802
dialogue	1802		GM-ALL-dialogue-1802--1	31FB1F44B3011D6E11ED4CEBF004AFEEDAA38E0B1838F1929D09225054A1C831	그 게임은 요즘 특히 유행하는 익스트랙션 슈터다. 팀을 꾸려 위험 지역에 들어가 값비싼 물건을 파밍하고, 그 과정에서 적과 싸운 뒤 안전하게 탈출해야만 찾아낸 물건을 진짜로 가져올 수 있다.	REVIEWED		1803
dialogue	1803		GM-ALL-dialogue-1803--1	D1EBD6E02D1BBC9792410A04372A5D88A4DDD4FD886544B7EB317CE4CCDAC9C5	배틀로얄과 비슷한 느낌이라 꽤 자극적인 게임 모드 같다.	REVIEWED		1804
dialogue	1804		GM-ALL-dialogue-1804--1	9CE886E05FFA021212AA1F5656665D53524819895ED0363405B583702EA67C89	예전에도 아는 남자애 몇 명이 같이 하자고 했지만 별로 관심이 없어서 거절했다.	REVIEWED		1805
dialogue	1805		GM-ALL-dialogue-1805--1	2EF9677C044428591B815AFDD79004FB243DB5D27808BA73EA0063191E0430A0	하지만 바이셴위와 함께라면 한번 해 보는 것도 괜찮겠다.	REVIEWED		1806
dialogue	1806		GM-ALL-dialogue-1806--1	DD6A7B048D58D3DBD8AD5C1FF57C8907D876DD30E4815B6E07F8634414F419A8	그런 생각을 하며 그래플링 하우스에 도착했다.	REVIEWED		1807
dialogue	1807		GM-ALL-dialogue-1807--1	3E4F80CF32C17FEEEF03B10DB2F966C8A2A643F09164BFDD27E03063709028A4	……아.	REVIEWED	LM	1808
dialogue	1808		GM-ALL-dialogue-1808--1	BA1A185E73D4123A45B519B9BF4F1D8177F233CFCE1C65718615DBD606F9E41C	그곳은——문이 굳게 닫혀 있었다.	REVIEWED		1809
dialogue	1809		GM-ALL-dialogue-1809--1	AC5450521BF3F46C5C5CC0FA1643334C366C31B095A8A8D8F2FF388879BB1F1A	늘 보이던 간판 캐릭터 입간판도 사라져, 텅 빈 보도블록 위에는 애초에 그런 게 있었던 적조차 없는 것 같았다.	REVIEWED		1810
dialogue	1810		GM-ALL-dialogue-1810--1	1CE6A7EF8619EBEF94C4A44D55DA22FF06E04A420C571F8C742EA86FE6F32EA2	닫힌 셔터는 거리 어디에서나 볼 수 있는 평범한 셔터와 다를 게 없었다.	REVIEWED		1811
dialogue	1811		GM-ALL-dialogue-1811--1	2B3B4B742C21BA16578A42C52179BC5D937A3F46F969A6ECD40F623EDB6ADD08	눈이 휘둥그레질 만큼 가득했던 상품들이 사라지자, 이곳도 그저 누구도 발길을 멈추지 않을 만큼 평범하고 기억에 남지 않는 작은 가게에 불과했다.	REVIEWED		1812
dialogue	1812		GM-ALL-dialogue-1812--1	900F03BCEE1569FEEDF1F9445C39BA08532A6D6BECCFFF2620380C362956EB61	마치 그래플링 하우스가 애초에 존재하지 않았던 것처럼.	REVIEWED		1813
dialogue	1813		GM-ALL-dialogue-1813--1	CFEC1A7A8C5012B23DDA76E0A9BF65E204E2336F542484094349B80976D3CB39	자세히 보니 문에 메모 한 장이 붙어 있었다.	REVIEWED		1814
dialogue	1814		GM-ALL-dialogue-1814--1	CCDFEFE6B9891C8AA3EA380DE80B54D67BBF1CA0F99160D1053BA8964A0CEC8B	【오늘은 임시 휴업입니다. 정말 죄송합니다!!】	REVIEWED		1815
dialogue	1815		GM-ALL-dialogue-1815--1	6D22D34CDC98BC9C67F23A3EEA77DD30E118E8C0B11BD3EEC02300D5F6033011	……글만 읽어도 모추링 목소리가 들리는 것 같다.	REVIEWED		1816
dialogue	1816		GM-ALL-dialogue-1816--1	21836586D3460AEB2258BA90F610EAB91A0FA3A5FC44CA9C01DBE8D38FB6CAE9	그제야 나한테 모추링 연락처가 없다는 걸 깨달았다.	REVIEWED		1817
dialogue	1817		GM-ALL-dialogue-1817--1	68E745F18F975C5E89460877985DEEF94E0A6D7AA726D92E846A58A3F75269D8	……가끔 이런 일 한 번쯤 생기는 건 당연하지.	REVIEWED		1818
dialogue	1818		GM-ALL-dialogue-1818--1	C9482C9BEE33D8FBA7CA845195C0550A96C112019D591CF39B942BD284D4700F	신경 쓰지 말자, 신경 쓰지 말자.	REVIEWED		1819
dialogue	1819		GM-ALL-dialogue-1819--1	3A67303AF3F67A8D200E5B55B5A39F760A48C06E4B5858FF42C80900E8E24AC3	쓸데없는 생각 하지 마. 그렇게 쉽게 갑자기 사라질 리도 없고, 말 한마디 없이 떠날 리도 없다.	REVIEWED		1820
dialogue	1820		GM-ALL-dialogue-1820--1	8B6D9DA19DB0D68CED9DD73B07C7E81CC5EE55703ADB47017EB15AA3A00C7E76	바이셴위한테 알려 줘야겠다. 아직 안 왔으니 괜히 헛걸음하게 두면 안 된다.	REVIEWED		1821
dialogue	1821		GM-ALL-dialogue-1821--1	E3B0C44298FC1C149AFBF4C8996FB92427AE41E4649B934CA495991B7852B855		EMPTY_CONTROL		1822
dialogue	1822		GM-ALL-dialogue-1822--1	E3B0C44298FC1C149AFBF4C8996FB92427AE41E4649B934CA495991B7852B855		EMPTY_CONTROL		1823
dialogue	1823		GM-ALL-dialogue-1823--1	E3B0C44298FC1C149AFBF4C8996FB92427AE41E4649B934CA495991B7852B855		EMPTY_CONTROL		1824
dialogue	1824		GM-ALL-dialogue-1824--1	E3B0C44298FC1C149AFBF4C8996FB92427AE41E4649B934CA495991B7852B855		EMPTY_CONTROL		1825
dialogue	1825		GM-ALL-dialogue-1825--1	E3B0C44298FC1C149AFBF4C8996FB92427AE41E4649B934CA495991B7852B855		EMPTY_CONTROL		1826
dialogue	1826		GM-ALL-dialogue-1826--1	E3B0C44298FC1C149AFBF4C8996FB92427AE41E4649B934CA495991B7852B855		EMPTY_CONTROL		1827
dialogue	1827		GM-ALL-dialogue-1827--1	A7F878B8CED1A7957C560D573E30DDBBC1696E38C370513AACBBF4BFF12E7F43	……	REVIEWED	LM	1828
dialogue	1828		GM-ALL-dialogue-1828--1	53AADA7F7292BE1AB92786A0827766E691BEBD7B322F15DE014D636141451C1D	돌아가자.	REVIEWED	LM	1829
dialogue	1829		GM-ALL-dialogue-1829--1	E3B0C44298FC1C149AFBF4C8996FB92427AE41E4649B934CA495991B7852B855		EMPTY_CONTROL		1831
dialogue	1831		GM-ALL-dialogue-1831--1	53B715DB7F00D63A0A55B75F284F64260624A2F6D10679D52C22395000921542	집 근처에는 강을 가로지르는 다리가 하나 있다.	REVIEWED		1832
dialogue	1832		GM-ALL-dialogue-1832--1	9B8EE77E1C5DF948FB21ABCCAE465D060592A5BCDB7B7A5E68141F68C7ED6852	딱히 할 일이 없어도 가끔 이곳에 와서 돌아다니곤 한다.	REVIEWED		1833
dialogue	1833		GM-ALL-dialogue-1833--1	BA595BBDC7E00769C25D262001C00FD792BF9BE930944C8072686D3059D85B9D	밤이 되면 다리를 지나는 차가 거의 없다. 11월의 차가운 바람이 뺨을 스치면 오히려 마음이 차분해진다.	REVIEWED		1834
dialogue	1834		GM-ALL-dialogue-1834--1	81812F7C73A051575395E38D1D864FE474BB3428F631C76DFA70F63CE986933B	습기 섞인 냄새가 코끝에 닿자 왠지 그리운 기분이 들었다.	REVIEWED		1835
dialogue	1835		GM-ALL-dialogue-1835--1	6BDD653129757EA1E290F712106D75ED7187D9E4B7BE7E073F33F71A87DA2A7D	그러고 보니…… 어릴 때도 여기 온 적이 있었지.	REVIEWED		1836
dialogue	1836		GM-ALL-dialogue-1836--1	A2306B757F66CD605B591C878A2C320DE3C087CED072EAF27DE6A895A7558BB5	그때는 엄마가 전동 스쿠터 뒤에 나를 태우고 왔다.	REVIEWED		1837
dialogue	1837		GM-ALL-dialogue-1837--1	78455B004F33837C8059D6FFE717A651FB3669F46B12A6847EB7A0B45C6C9B6F	멈춰 선 뒤 내게 무슨 말을 했던 것 같은데, 이제는 기억나지 않는다.	REVIEWED		1838
dialogue	1838		GM-ALL-dialogue-1838--1	E3B0C44298FC1C149AFBF4C8996FB92427AE41E4649B934CA495991B7852B855		EMPTY_CONTROL		1840
dialogue	1840		GM-ALL-dialogue-1840--1	47645C5462DF470ECEE8FA599BEF1FD02B2D4652978B35AD76FD672174706B90	아직 8시도 안 됐는데…… 벌써 돌아갈까……	REVIEWED		1841
dialogue	1841		GM-ALL-dialogue-1841--1	8ABC9CCE3E8BBD14DCE029951FE250E64C6FFB0A20E7B81AF230D41A5F5AB741	생각해 보자. 예전엔 이 시간에 뭘 했더라?	REVIEWED		1842
dialogue	1842		GM-ALL-dialogue-1842--1	2398BE3B283248EA96B0F6559912E8E56A548BD10912395C0D799A977D8BE0BD	아…… 저녁도 아직 안 먹었네. 나 여기 얼마나 있었던 거야.	REVIEWED		1843
dialogue	1843		GM-ALL-dialogue-1843--1	13E788DD24A80C15E7145E0FC9D10404962B8A5158311A883B2DFB8447F8AFAE	아무거나 좀 먹고 돌아가자……	REVIEWED		1844
dialogue	1844		GM-ALL-dialogue-1844--1	E3B0C44298FC1C149AFBF4C8996FB92427AE41E4649B934CA495991B7852B855		EMPTY_CONTROL		1845
dialogue	1845		GM-ALL-dialogue-1845--1	895361FFBF88D5A8C40D47F8DD3D03DF2042CA9360D08738BCBB4FAA39495404	……	REVIEWED		1846
dialogue	1846		GM-ALL-dialogue-1846--1	20C65682FAE65FA88DEC66D3C51CEAD12D1ED5588E138E21C81D06AA7C16662B	배부르다——지금 시간이……	REVIEWED		1847
dialogue	1847		GM-ALL-dialogue-1847--1	C8BC1C9229A38CE52B8C7B3F7F1C5EECB789AB26EF72BA576CA177FDC37D00D9	겨우 8시 반……	REVIEWED		1848
dialogue	1848		GM-ALL-dialogue-1848--1	E467490A9009688AE24F18AA1211EB11707EC5DFB591697704089187499F96AD	뭐라도 더 할 게 없나……	REVIEWED		1849
dialogue	1849		GM-ALL-dialogue-1849--1	5F90560DBF213347DEBFD1142517039D3F043140105F4DD014849E18E9EA4D59	일단 휴대폰 좀 볼까……? 그다음 씻고, 그다음은…… 이따 생각하지 뭐.	REVIEWED		1850
dialogue	1850		GM-ALL-dialogue-1850--1	A7F878B8CED1A7957C560D573E30DDBBC1696E38C370513AACBBF4BFF12E7F43	……	REVIEWED	LM	1851
dialogue	1851		GM-ALL-dialogue-1851--1	3A211CB11570C41E69BECED0DB08A3203553D9543973D5A8F7A202105185501E	에휴……	REVIEWED		1852
dialogue	1852		GM-ALL-dialogue-1852--1	CBD786335E0901F10E0DFB9131B2A9CDCDEFC790AD2E8113F86DB30C1BD93656	심심하다. 그냥 씻자.	REVIEWED		1853
dialogue	1853		GM-ALL-dialogue-1853--1	E3B0C44298FC1C149AFBF4C8996FB92427AE41E4649B934CA495991B7852B855		EMPTY_CONTROL		1855
dialogue	1855		GM-ALL-dialogue-1855--1	859051E831AA125FEBAF30AFFC00B2A41C40AC4B8D2AC6C3E681BAD9B0D37A18	후우……	REVIEWED	LM	1856
dialogue	1856		GM-ALL-dialogue-1856--1	348D9357CB8234756C816D214EB23237B9E4494C922FAE6012D54890CF6B31F7	곧 겨울이다. 날씨가 추울수록 뜨거운 물로 하는 샤워가 더 즐겁다.	REVIEWED		1857
dialogue	1857		GM-ALL-dialogue-1857--1	D1E7EAC07F07E3C65D648DB171551F9D8FCFB4A1D48D893B3DECA625ED6707C1	지금은——	REVIEWED		1858
dialogue	1858		GM-ALL-dialogue-1858--1	BF86B86CED7AB1710D3B5BA7D8F89C731CF2D720E1264FBF26DE79E9CC4416E6	9시……	REVIEWED		1859
dialogue	1859		GM-ALL-dialogue-1859--1	F2A8C8622FE4E52CD8459F973F404AD924992DD01D7B0D69A42593A2FE49C74A	시간이 왜 이렇게 안 가지.	REVIEWED		1860
dialogue	1860		GM-ALL-dialogue-1860--1	6A20CB760FFADAAEB15DE3B6393A92D4B2286A9411EEBD27E61FF92BD248F042	게임이나 좀 해 볼까. 사 놓고 거의 안 건드린 게임이 이렇게 많은데.	REVIEWED		1861
dialogue	1861		GM-ALL-dialogue-1861--1	5E3AA0155088AC35DF8A612365384E762943E3CC3CA7852C06580FA6E4BA86F6	컴퓨터를 켜고 생각 없이 마우스를 굴렸다.	REVIEWED		1862
dialogue	1862		GM-ALL-dialogue-1862--1	3604091375F1309A886CD78CC8D320028BC5A2AFA90C8095E4A7818310E65F44	『시티 카우보이 2』…… 엄청 명작이라던데, 한 번도 실행 안 해 봤네.	REVIEWED		1863
dialogue	1863		GM-ALL-dialogue-1863--1	A7F878B8CED1A7957C560D573E30DDBBC1696E38C370513AACBBF4BFF12E7F43	……	REVIEWED	LM	1864
dialogue	1864		GM-ALL-dialogue-1864--1	5F6214EE916111ED905BB35094A1DFDE20F74A6BE8CB0FE5081B8DF756946D1C	생각할 틈도 없이 검지가 마우스를 더블클릭했다.	REVIEWED		1865
dialogue	1865		GM-ALL-dialogue-1865--1	A7F878B8CED1A7957C560D573E30DDBBC1696E38C370513AACBBF4BFF12E7F43	……	REVIEWED	LM	1866
dialogue	1866		GM-ALL-dialogue-1866--1	F449B1C640698A4004F98129FC0BD88CB5953FDE853F9EF8F539CE1D70690B50	튜토리얼을 따라 프롤로그까지 끝냈다.	REVIEWED		1867
dialogue	1867		GM-ALL-dialogue-1867--1	561462C51FFF8A0394A0F1D77325FD86581D8513B2439C38DBBF725562D3944C	뭔가 이야기가 있었던 것 같은데, 어…… 별로 집중 안 해서. 무슨 내용이었더라.	REVIEWED		1868
dialogue	1868		GM-ALL-dialogue-1868--1	F450705C06AB4B7E30C932DC6439EE11725612D8A96036CA4BC2DD67288261E1	……딱히 엄청 재밌진 않네. 일단 여기까지 하고 다른 게임이나 해 볼까.	REVIEWED		1869
dialogue	1869		GM-ALL-dialogue-1869--1	A55B1FBF37A3AE951A3E9F18DD2EEA601BC0DF83781A5C8FF39283DD7089554D	게임을 끄고 또 아무거나 하나 실행했다.	REVIEWED		1870
dialogue	1870		GM-ALL-dialogue-1870--1	652EB8A17926E0C078EA3802EEE37196C60BD7DED2103645F287D8E649ECD9AD	제목도 제대로 못 봤다. 안 해 본 게임이라는 것만 안다.	REVIEWED		1871
dialogue	1871		GM-ALL-dialogue-1871--1	A7F878B8CED1A7957C560D573E30DDBBC1696E38C370513AACBBF4BFF12E7F43	……	REVIEWED	LM	1872
dialogue	1872		GM-ALL-dialogue-1872--1	E0BF6687609B784A16C17F8F520A2C09FD4468E4C36E6A5AE3D3B8EFBD84E9B0	초반은 괜찮은데…… 굳이 계속하고 싶은 마음은 안 드네.	REVIEWED		1873
dialogue	1873		GM-ALL-dialogue-1873--1	08ED7378AF806DF2B6BB9EB48FC845C4988A739830A6D3B14D3212C6D68B5CED	이것도 일단 놔두자……	REVIEWED		1874
dialogue	1874		GM-ALL-dialogue-1874--1	A7F878B8CED1A7957C560D573E30DDBBC1696E38C370513AACBBF4BFF12E7F43	……	REVIEWED	LM	1875
dialogue	1875		GM-ALL-dialogue-1875--1	854DCC5A6850252BFF7ED737EF723A3F62BEEB4B6CE57BC60F092DE88F09CAF5	지금 몇 시지?	REVIEWED		1876
dialogue	1876		GM-ALL-dialogue-1876--1	DFCEEBF021E4B70AE8E4086E56AF68CBFEC44209B87AABA280A294B110D6E303	아직 10시도 안 됐어……	REVIEWED		1877
dialogue	1877		GM-ALL-dialogue-1877--1	C2E3EFB14E341596DF118806FE832861CBAFA26A9ADCA9522E608DA4E460AA85	평소 같으면 이쯤 샤오예가 전화할 시간인데.	REVIEWED		1878
dialogue	1878		GM-ALL-dialogue-1878--1	C1BFABD2741C378547F9D032CFA16DFB69C1D20FE4486AD9606C6CE7248403E1	오늘 밤은…… 룸메이트들이랑 영화 보러 갔댔지.	REVIEWED		1879
dialogue	1879		GM-ALL-dialogue-1879--1	ED3363433407F466BDBD4E0DD260586C3BCD819B1BACF56646008E827C493DCB	그냥 자유롭게 놀게 두는 게 낫겠다.	REVIEWED		1880
dialogue	1880		GM-ALL-dialogue-1880--1	A7F878B8CED1A7957C560D573E30DDBBC1696E38C370513AACBBF4BFF12E7F43	……	REVIEWED		1881
dialogue	1881		GM-ALL-dialogue-1881--1	91518FC9B7C0D0695FC36BE135A99037F6D2172D52A0B7C96AB2B7F52F3B4DC6	그럼 또…… 뭘 하지……	REVIEWED		1882
dialogue	1882		GM-ALL-dialogue-1882--1	FDCEF7C15DE81A4FEBE0A91BD44D9F980850A1C9877FE75AF13330FF23D7A5DB	새로 나온 애니나 찾아볼까.	REVIEWED		1883
dialogue	1883		GM-ALL-dialogue-1883--1	A7F878B8CED1A7957C560D573E30DDBBC1696E38C370513AACBBF4BFF12E7F43	……	REVIEWED		1884
dialogue	1884		GM-ALL-dialogue-1884--1	5EE8D13407E7C4C2617F82182F38DD3AA23F52EBD8DD12BA77562EF13E72E4A1	아…… 이거 초반 본 적 있는 것 같은데.	REVIEWED		1885
dialogue	1885		GM-ALL-dialogue-1885--1	A36A1BCC7346ABF899D8FA2ACFA36978342F7FAFAEA60A9F867175DFB8AC08B5	몇 분이나 보고 나서야 기억났다.	REVIEWED		1886
dialogue	1886		GM-ALL-dialogue-1886--1	1BA35F2EC72BB42D3C771AC25E39DFC00B94123DF3405308F0288C1CB83A20BD	계속 볼까……	REVIEWED		1887
dialogue	1887		GM-ALL-dialogue-1887--1	B131451C6BD4E91B18506EFB061C5D26D9F1CF6BA9259390F79FE9440BFEE5C6	딱히 엄청 재밌는 것 같지도 않고, 됐다.	REVIEWED		1888
dialogue	1888		GM-ALL-dialogue-1888--1	159A952C3503F768E10B4754A0B5D215C4F81943F90A66A328B61B456EF4D7FC	유튜버들이 만든 웃긴 영상이나 보는 것도 괜찮겠지.	REVIEWED		1889
dialogue	1889		GM-ALL-dialogue-1889--1	A7F878B8CED1A7957C560D573E30DDBBC1696E38C370513AACBBF4BFF12E7F43	……	REVIEWED		1890
dialogue	1890		GM-ALL-dialogue-1890--1	DEC1C51FD386A67C8B8A3548AC57E9D46FE7A5AA1524EB297AA0247DFA7CBCE6	나도 따라 잠깐 웃었다.	REVIEWED		1891
dialogue	1891		GM-ALL-dialogue-1891--1	5AF56C5E4F45C90FB9A7F31373FD377689C7850C35606412DAA55E92FC6475B7	내가 들어도 너무 공허한 웃음이었다.	REVIEWED		1892
dialogue	1892		GM-ALL-dialogue-1892--1	D1E7EAC07F07E3C65D648DB171551F9D8FCFB4A1D48D893B3DECA625ED6707C1	지금은——	REVIEWED		1893
dialogue	1893		GM-ALL-dialogue-1893--1	7C1A79FCE0F289D604290318EC7EC1E8D1D3229254B61F2F736AA2F902F7B16C	곧 11시.	REVIEWED		1894
dialogue	1894		GM-ALL-dialogue-1894--1	483967BF2A98DBC2965028B24B9913D866103F05212E40E8AC063A94D1589680	이제야 자도 너무 이르다는 생각은 안 들 시간이 됐다.	REVIEWED		1895
dialogue	1895		GM-ALL-dialogue-1895--1	04220EF27CC18228D038E748583D2BE3775F3222654DC903028481F6E4C8D26C	피곤하다.	REVIEWED		1896
dialogue	1896		GM-ALL-dialogue-1896--1	9860323A8E5D96DCA32DB686F1C9D15D8A5B9E6B417885248B6215737AA991B6	뭘 해서 피곤한지도 모르겠는데 그냥 피곤하다.	REVIEWED		1897
dialogue	1897		GM-ALL-dialogue-1897--1	A7F878B8CED1A7957C560D573E30DDBBC1696E38C370513AACBBF4BFF12E7F43	……	REVIEWED	LM	1898
dialogue	1898		GM-ALL-dialogue-1898--1	47E6968B2E912A5EF1D6BA158543C8A39BBA23169A0924F5970F66F4B2CD6412	오늘, 아무것도 안 했네.	REVIEWED		1899
dialogue	1899		GM-ALL-dialogue-1899--1	5F99800C5B741D9869FA60F9EBB68CC8BDE0C31125F9E902F642598597E27A0B	정말 밋밋한 하루였다.	REVIEWED		1900
dialogue	1900		GM-ALL-dialogue-1900--1	6E450CF302C5AFD5901F655B926E15654E6C6E0A0B6C9158373519F016EB99D4	밋밋한 게 좋지. 평화 만세.	REVIEWED		1901
dialogue	1901		GM-ALL-dialogue-1901--1	B76F4A90DBDD7238D229976D0E6F755C4F4663D85E34C1F129232B65D6B893FD	샤오예가 없을 때의 내 일상은 늘 이렇게 똑같을 뿐이다.	REVIEWED		1902
dialogue	1902		GM-ALL-dialogue-1902--1	11D44C3B75D050AE5C7A79BA87D66C4A19B6B0DF9A7E1B9684B3592CC83E46CF	중고등학생 때까진 괜찮았다. 그때는 샤오예와 같이 살았으니까.	REVIEWED		1903
dialogue	1903		GM-ALL-dialogue-1903--1	2FC838193EA0AF8057E4A31DFCD85C3CB93828AADCDB6CD778BCA914D31F9EED	하지만 대학에 들어오면서 샤오예와 떨어져 지내야 했다.	REVIEWED		1904
dialogue	1904		GM-ALL-dialogue-1904--1	328046BF17F5B711AD634752BDEAB0A7BD155E82DE2E56581834941EBFB7C756	피가 이어진 사이는 아니지만, 나한테 샤오예는 이 세상에 남은 유일한 가족이다.	REVIEWED		1905
dialogue	1905		GM-ALL-dialogue-1905--1	FF9DD78858817D38D6D8655AE38B7BD9A8BC156F5B7F4F5E601BD58A41330A1F	씻고 양치까지 마친 뒤 아무 생각 없이 이불 속으로 들어갔다.	REVIEWED		1906
dialogue	1906		GM-ALL-dialogue-1906--1	452054F1EC059AE08CA2A08A48C600F8BA95D4E1F64E797B052F6DB54CE8D7F1	이대로면 됐다——늘 그래 왔던 밋밋하고 평화로운 생활일 뿐이다. 나쁠 것도 없다.	REVIEWED		1907
dialogue	1907		GM-ALL-dialogue-1907--1	E3B0C44298FC1C149AFBF4C8996FB92427AE41E4649B934CA495991B7852B855		EMPTY_CONTROL		1909
dialogue	1909		GM-ALL-dialogue-1909--1	A7F878B8CED1A7957C560D573E30DDBBC1696E38C370513AACBBF4BFF12E7F43	……	REVIEWED		1910
dialogue	1910		GM-ALL-dialogue-1910--1	AB5DF625BC76DBD4E163BED2DD888DF828F90159BB93556525C31821B6541D46	……	REVIEWED		1911
dialogue	1911		GM-ALL-dialogue-1911--1	BB6E5C9978137FAAE59ABABB075C425B17D89F2E4B36B267AA119AF25FFDF786	엄마——엄마!	REVIEWED	LM	1912
dialogue	1912		GM-ALL-dialogue-1912--1	994F5563E3CF9EEC082192C9B2D946422D2558A63842AC5678CEEA99A7745C72	어린 시절의 내가 엄마를 부르고 있었다.	REVIEWED		1913
dialogue	1913		GM-ALL-dialogue-1913--1	164B51779C7520FA5EA02D667562331CFF00289C936FBAB653FE3781AA316828	장난감 산 지 엄청 오래됐잖아——나 장난감 사고 싶어! 엄마——	REVIEWED	LM	1914
dialogue	1914		GM-ALL-dialogue-1914--1	0CF27ADFD4BC6ECF2748B3323AF41335864F6F456110493612A67A9718DBF4F6	엄마 손을 붙잡고 앞뒤로 흔들며 발걸음을 늦춰 달라고 졸랐다.	REVIEWED		1915
dialogue	1915		GM-ALL-dialogue-1915--1	5EB76073883CA32DE486F13E61A87AD01A2F4729A99A9A643FCCB1DAB4F0EED3	그 장난감이 그렇게 좋아?	REVIEWED	L	1916
dialogue	1916		GM-ALL-dialogue-1916--1	CD29CE18FEAF433E14440804DA6EBB737610D823DFF1A3902E86CB5E4A46248D	응! 해적선이야. 엄청 멋있어!	REVIEWED	LM	1917
dialogue	1917		GM-ALL-dialogue-1917--1	FD34E73D8F56E7B12FF741CB7F648D5D5B18C01000224EE3F8409D88C1643346	오, 커서 해적이라도 되려고?	REVIEWED	L	1918
dialogue	1918		GM-ALL-dialogue-1918--1	9ADCE7D7ABCCC1EB15E0D215375D8E753FAE530017BDD5C8D64D3B3C3C107578	아빠가 옆에서 장난스럽게 웃으며 말했다.	REVIEWED		1919
dialogue	1919		GM-ALL-dialogue-1919--1	0DA6AB4FFA3BC2C1800CF2A37ED93E5EF1BC91B89C862441D57C005057C2E8C1	여기는……	REVIEWED		1920
dialogue	1920		GM-ALL-dialogue-1920--1	F21E6D222DC95F5AA278FA43280E4BB99A00C9B0553A38955C1D582DDAA44953	그래, 여기는 쇼핑몰이다.	REVIEWED		1921
dialogue	1921		GM-ALL-dialogue-1921--1	151A2906D677F8D15B6E2659FF096418628E7C26CCB54503FCA049761D4D5B79	장난감 코너를 지나가다가 아무리 달래도 더는 움직이려 하지 않았었다.	REVIEWED		1922
dialogue	1922		GM-ALL-dialogue-1922--1	10F4412B8937126AE81A040C50C351614EBCDC23C12690B53F2E57B80DB2EEA7	엄마는 난처한 듯 웃었다.	REVIEWED		1923
dialogue	1923		GM-ALL-dialogue-1923--1	AE95C3002772F6F4D267CA45C826855F5014E8F0675704B48B7A69A2FEBDC39D	밍아, 엄마가 뭐라고 했는지 기억하지?	REVIEWED	L	1924
dialogue	1924		GM-ALL-dialogue-1924--1	DF7D1E97042F6E694E9D045E354F733C9F1D97C54EC0A7C3F42F1552F0046E85	으으……	REVIEWED	LM	1925
dialogue	1925		GM-ALL-dialogue-1925--1	7BAE5537B8DC8CE803B69D424621A6C4D37B5B3870DAA0FE853091784875F69E	입장을 바꿔 생각하고, 다른 사람 마음도 이해해 줘야 해…… 지금은 월말이라 엄마 아빠가 아직 월급을 못 받았어. 월급 받으면 그때 사면 안 될까?	REVIEWED	L	1926
dialogue	1926		GM-ALL-dialogue-1926--1	C1DE979D4889C3FBC5B9868DA727BB01B510EA9F8D8A3D1C24AD301EA15C7CDA	그럼 이렇게 하자…… 기말고사에서 밍이가 좋은 점수를 받으면 엄마랑 아빠가 선물로 사 줄게.	REVIEWED	L	1927
dialogue	1927		GM-ALL-dialogue-1927--1	0B253263014A85FE898744F5656CA56E8E025E38ABB2C85A4BA5248E03180926	진짜? 약속한 거야!	REVIEWED	LM	1928
dialogue	1928		GM-ALL-dialogue-1928--1	E4B778BBE3A106C07A790FAF9643E16DC4BAD77299D73014CD913D2C001571AE	엄마 아빠는 지금 돈이 없으니까 나중에 사는 거야.	REVIEWED		1929
dialogue	1929		GM-ALL-dialogue-1929--1	3F2E999746746EEA3C79038C25E6DE33F7407B7207CEABF45A41862E5F15BC47	나도 엄마 아빠 입장에서 생각했어!——그때의 나는 그렇게 생각하며 뿌듯해했던 것 같다.	REVIEWED		1930
dialogue	1930		GM-ALL-dialogue-1930--1	861676D0AAD03598C95862494CCA901D9DE3CED9C696C41CC75AFDF3D4C2E541	여덟 살의 나는 그제야 활짝 웃으며 얌전히 부모님과 쇼핑몰을 나섰다.	REVIEWED		1931
dialogue	1931		GM-ALL-dialogue-1931--1	594AC13A2CB0E01F662ABED08C39AA707E272439814A96033617F7375C340A86	해적선이잖아. 엄청 멋있지?	REVIEWED		1932
dialogue	1932		GM-ALL-dialogue-1932--1	E3B0C44298FC1C149AFBF4C8996FB92427AE41E4649B934CA495991B7852B855		EMPTY_CONTROL		1934
dialogue	1934		GM-ALL-dialogue-1934--1	B3F5FC0B674E9DFFE2EC264E5AA225C366CEE288D175931E5CA41ECE623775D9	얘들아, 이제 시험지 나눠 줄게——	REVIEWED	L	1935
dialogue	1935		GM-ALL-dialogue-1935--1	0F480322648CDEC08E88A03D62EF9AE7F8902AB1A1040EAA0D51B4303D6DDC66	왜, 왜 이 장면을 기억하고 있는 거지……	REVIEWED		1936
dialogue	1936		GM-ALL-dialogue-1936--1	64FE5EA309E96B3EF483049B6717207BB8BFDD61A9B01D5414E61E68AC09FBCB	유독 이때의 장면만 기억 속에 남아 있다.	REVIEWED		1937
dialogue	1937		GM-ALL-dialogue-1937--1	CFED867C05B5A5B64C55913F280351762B8A1D04CFDF4FE5783C12757ED464C8	리밍 학생.	REVIEWED	L	1938
dialogue	1938		GM-ALL-dialogue-1938--1	CF7E775CC80033DE3CDDDDE6AF11CDF3A123C83FB38CB59A2EE1FE9894FC4A03	담임 선생님이 웃는 얼굴로 내 앞에 서 있었다.	REVIEWED		1939
dialogue	1939		GM-ALL-dialogue-1939--1	FB7CAF62F9C5E4BF927B98C422574E906045E60B7ADAA7F0EB71445C5FF5C575	그 웃음은 지금도 잊을 수 없다.	REVIEWED		1940
dialogue	1940		GM-ALL-dialogue-1940--1	79F0927BDF11F946383CC2572CF9DC3F52FAC49BDDC30392B3560C689E94E7DE	수학 100점! 국어 98점이네. 조금만 더 했으면 반에서 1등이었어!	REVIEWED	L	1941
dialogue	1941		GM-ALL-dialogue-1941--1	FBE9B8A6562528C71DAC2F35E4BB3503757FD80FD15A323C0F3842922F08E2DA	아……	REVIEWED	LM	1942
dialogue	1942		GM-ALL-dialogue-1942--1	34B7F559BD2A7A7DDDDE875D52D295EC52B4FCD54AF369042671DA33F047038C	그리고 리밍 학생, 이번에도 모범학생으로 뽑혔어! 이따 선생님 교무실에 와서 상장 받아 가렴……	REVIEWED	L	1943
dialogue	1943		GM-ALL-dialogue-1943--1	3A4A89BB56FBE537F82460709E8790D21B99CD5EF7062A3269AABD2E30207502	제일 먼저 떠오른 건 당장 부모님을 만나 이 좋은 소식을 전하는 일이었다.	REVIEWED		1944
dialogue	1944		GM-ALL-dialogue-1944--1	F4B2402F073CAB92E77618757E8028187B067DB22CC6353F2FFA6F40CDEC5999	그제야 해적선 모습이 머릿속에 떠올랐다.	REVIEWED		1945
dialogue	1945		GM-ALL-dialogue-1945--1	1CC89C222AB44A7A7F3F938C276DE582AA35D1F474F3A6BFFC05D2B66563A34C	해적선이잖아.	REVIEWED		1946
dialogue	1946		GM-ALL-dialogue-1946--1	4E3C56587BB4260C1DF55F22AC1D194D0C252A14D301F0F0986F5B741749C910	해적이 뭔지는 실제로 본 적이 없다.	REVIEWED		1947
dialogue	1947		GM-ALL-dialogue-1947--1	B17D27A350CABC0244EC517A44C3D846DC9DC99F4CACE2B5D3B3C514B1F68263	그래도 이름만 봐도 멋있게 느껴졌다.	REVIEWED		1948
dialogue	1948		GM-ALL-dialogue-1948--1	C3C6CC6E1D76C3F1B914AFEA5F2A782163CC292E6C44272301D71C1DD640260D	아빠가 갖고 있던 디스크 중에도 그런 영화가 있었다.	REVIEWED		1949
dialogue	1949		GM-ALL-dialogue-1949--1	9B44B85185B73E1B7834C44062206AB9D48789D5E78C2D36101005F51EEC6A2B	제목이…… 캐…… 캐 뭐였더라? 맨날 이름이 헷갈렸다.	REVIEWED		1950
dialogue	1950		GM-ALL-dialogue-1950--1	9D3ABB9180444AF68D74A79F3ECAE0EE87DE6817ACC675A8945E5951E6A7A8E3	정말 기대된다.	REVIEWED		1951
dialogue	1951		GM-ALL-dialogue-1951--1	8F2B068CCAE25E3CD14D23D049D0E423C3B2C0136A720680366CC9D3029DB159	빨리 만나고 싶다.	REVIEWED		1952
dialogue	1952		GM-ALL-dialogue-1952--1	E21C369F60100B8F0D75E23F49E01368828F855FBC0A9BF3B529D165F5D3CE65	학교 건물을 나서며 하늘을 올려다봤다.	REVIEWED		1953
dialogue	1953		GM-ALL-dialogue-1953--1	210A4C5A7B8449E6A3BEC637B7AF3BA019DBBF15D2FF2EB61EE5EDDDEC7FC8AC	그날 보았던 하늘은 믿기지 않을 만큼 파랬다.	REVIEWED		1954
dialogue	1954		GM-ALL-dialogue-1954--1	22756A69CD6A9C4D26E77260F938AEF09EE633B1CFB3A517ECD090A5B079EE8F	시험지와 상장을 가방에 아주 조심스럽게 넣었다. 작은 구김 하나 생길까 봐 겁이 났다.	REVIEWED		1955
dialogue	1955		GM-ALL-dialogue-1955--1	0572ADF030DCBAA1CC1E5AE070D9D231B6CBA18AB2F2A2A92B5368996CD11528	학교 정문 근처에 앉아 부모님이 데리러 오기를 잔뜩 기대하며 기다렸다.	REVIEWED		1956
dialogue	1956		GM-ALL-dialogue-1956--1	79E24B81E8CD43B963E566459A9653DE6258619966BC749CDCB37EF22DB3C3BB	사람들이 한 무리 들어왔다. 그 안에 엄마 아빠가 있을까?	REVIEWED		1957
dialogue	1957		GM-ALL-dialogue-1957--1	C6CA205EEEE6F0D2F737E4425AEAF5D6EDECDA1D7AC374E06D9C033F716AA3B8	없네. 괜찮아. 곧 오겠지?	REVIEWED		1958
dialogue	1958		GM-ALL-dialogue-1958--1	EDBE1E70ED8E6AE05514A852A15A1DD153C0D2233D110B79F4A26DCEA8B666FA	또 한 무리 들어왔다. 그 안에는 엄마 아빠가 있을까?	REVIEWED		1959
dialogue	1959		GM-ALL-dialogue-1959--1	F0F35C042729666B51FED280C08A1D36969326E3CD61CC691800F5B8E7D1124B	……없어…… 괜찮아. 가끔은 좀 늦을 때도 있으니까.	REVIEWED		1960
dialogue	1960		GM-ALL-dialogue-1960--1	42613A59721AD171A1335AF94815E726EE98C07DC00331281C43C1C1E5522ED4	사람이 엄청 많이 왔다…… 다들 웃고 떠들면서 엄마 아빠 품으로 달려들었다.	REVIEWED		1961
dialogue	1961		GM-ALL-dialogue-1961--1	5B954772889A90A61E9F9D6BB6FCC48DE1154A5CDE2F93267D5A7ED5F36A23FA	나도 그러고 싶었다. 학교 정문에서 바로 상장과 시험지를 꺼내, 사람들 앞에서 엄마 아빠를 웃게 만들고 싶었다.	REVIEWED		1962
dialogue	1962		GM-ALL-dialogue-1962--1	A7F878B8CED1A7957C560D573E30DDBBC1696E38C370513AACBBF4BFF12E7F43	……	REVIEWED		1963
dialogue	1963		GM-ALL-dialogue-1963--1	C9530A387AADBD8B65757FFE079BEB36417CB60964A9DF288812E91FB96AB257	그런데 왜…… 정문이 벌써 닫히는 거지?	REVIEWED		1964
dialogue	1964		GM-ALL-dialogue-1964--1	101B94B314CA632595F40B680D3D110CA885EBB2E76046BEE7FEEE9A29DDF3FF	하늘이 노을빛으로 물들고 경비 아저씨가 힘겹게 철문을 밀어 닫을 즈음에는 드나드는 학부모도 거의 없었다.	REVIEWED		1965
dialogue	1965		GM-ALL-dialogue-1965--1	AAD045D7C40CAF117FA5EF775F78D71ED11C4A7603E57574F7B93A6A0C9AE4BC	나는 여전히 정문 근처에 앉아 가족이 오기를 기다렸다.	REVIEWED		1966
dialogue	1966		GM-ALL-dialogue-1966--1	0186F8146759E9A4AA162CD879E8D6C345D2D15F244BA8CA82470FF98DCAD6EA	쿵 하고 문이 닫히는 소리가 나자 눈물이 멋대로 쏟아졌다.	REVIEWED		1967
dialogue	1967		GM-ALL-dialogue-1967--1	7DBAD85DD69A2D6DCA3C9B0F775C59EAF8218B6A1BE34E795DC6260915BE84F3	흐…… 흐으으…… 으아아——	REVIEWED	LM	1968
dialogue	1968		GM-ALL-dialogue-1968--1	EE63FFD61B23AED2ED40AE74484A3BD028DCDC17BC59E84BA4226A2BE0DF08DA	꼬마야, 왜 그래?	REVIEWED	L	1969
dialogue	1969		GM-ALL-dialogue-1969--1	EEFDBE0E3DE480F9FFD4207BCF1C8E2DCE064FDDBFC1E31B63C2EA84A828A388	울지 마, 울지 마. 엄마 아빠가 안 오셨어? 형들이 같이 있어 줄게.	REVIEWED	L	1970
dialogue	1970		GM-ALL-dialogue-1970--1	8551029AF2832FA4856ED30A7549F3D2501E845D3D0E9D4579C40C54D341E934	근처에서 숙제하던 형들이 달려와 나를 달래 줬다.	REVIEWED		1971
dialogue	1971		GM-ALL-dialogue-1971--1	D612DCE107FE5314A83E9B7238D9E5C1D055AC00A1D5B217AEBBA9B1BB362FDC	4학년인가 5학년인가? 저 형들도 계속 엄마 아빠를 기다리고 있는데 안 우는 걸까?	REVIEWED		1972
dialogue	1972		GM-ALL-dialogue-1972--1	227AF8A94871A5D4BE11DE67AC028512ED96F6B95EA99FE5529C744E576DD7FA	아…… 담임 선생님이다. 아직도 안 가셨네?	REVIEWED		1973
dialogue	1973		GM-ALL-dialogue-1973--1	E77D068B8D240E1A8DC693473BF6E397DDD56BBA1D0CBC039C560D1BEBF2725E	선생님한테 전화 좀 빌려서 엄마 아빠한테 전화해 볼까.	REVIEWED		1974
dialogue	1974		GM-ALL-dialogue-1974--1	F757DC2BB8F8ECA97A123D28B23A17AF734117FB4C0E64D61E52068CB977BBF1	전화번호는 기억하고 있다. 엄마가 그랬다. 전화만 하면 목소리를 들을 수 있다고.	REVIEWED		1975
dialogue	1975		GM-ALL-dialogue-1975--1	30F760612EC6A19AD11DB852DB9D17A627E5256C6B8DDA1CC001D3D3484BD1C2	그런데 왜 담임 선생님이 저렇게 다급하게 달려오는 거지?	REVIEWED		1976
dialogue	1976		GM-ALL-dialogue-1976--1	1A358D190490B5F63E1ED2B5B7A4F82466BABF2326E4FA8B4837D53E2DD4F82F	선생님이 내 손을 잡아끌었다. 힘이 너무 세다. 아파……	REVIEWED		1977
dialogue	1977		GM-ALL-dialogue-1977--1	FDE1C73DB3C5C9AC2A04C6026AD150132BA876695E1D019997C36D7744AA3848	담임 선생님의 전동 스쿠터에 탔다. 지금 어디로 가는 걸까?	REVIEWED		1978
dialogue	1978		GM-ALL-dialogue-1978--1	A7F878B8CED1A7957C560D573E30DDBBC1696E38C370513AACBBF4BFF12E7F43	……	REVIEWED		1979
dialogue	1979		GM-ALL-dialogue-1979--1	8063223469AF66D536D3F9E34C20B515ADE3CCA375ED2E5EE83A98D5D898D426	소독약 냄새가 났다.	REVIEWED		1980
dialogue	1980		GM-ALL-dialogue-1980--1	B67DFD89CD035B2A12CDF9A74F3F1F1980223C43F18D323186374CD1BE33611A	여기 알아. 전에 와 본 적 있어.	REVIEWED		1981
dialogue	1981		GM-ALL-dialogue-1981--1	A339F2BAE5018914F40947CF7DE42E11CC91266EBE7CE27E1A0EA9363D0AA20F	예, 예방주사…… 맞는 곳. 그때 의사 선생님이 나보고 용감하다고 칭찬했었다.	REVIEWED		1982
dialogue	1982		GM-ALL-dialogue-1982--1	277701A9AED60093E2DEEE13906ACD9CFABFB9AF73C5340523B804FEA055E9B0	담임 선생님은 계속 내 손을 꽉 잡고 놓지 않았다.	REVIEWED		1983
dialogue	1983		GM-ALL-dialogue-1983--1	90843B06954EE841343638D4D15CA5B0B6E9BAF105C1566504F760D2C8D386DA	의사 아저씨가 선생님과 얘기하고 있다.	REVIEWED		1984
dialogue	1984		GM-ALL-dialogue-1984--1	05D458D10C5903E3D35929A913C69EF3E7FEDC352C6F0EB0461DCA5DDF90BD99	브레이크…… 초록불…… 충돌……	REVIEWED		1985
dialogue	1985		GM-ALL-dialogue-1985--1	3B8DE6B5887AB29CFC538922CC4871C9AD9EC97EE475F57C9642879B0D6CFC8F	무슨 말인지 모르겠다.	REVIEWED		1986
dialogue	1986		GM-ALL-dialogue-1986--1	34BE4C856435D67742A22693DE9516A463B0E3EDAEDC47826ABF1E30E17C503D	모르겠는데, 또…… 알 것 같기도 했다.	REVIEWED		1987
dialogue	1987		GM-ALL-dialogue-1987--1	A7F878B8CED1A7957C560D573E30DDBBC1696E38C370513AACBBF4BFF12E7F43	……	REVIEWED		1988
dialogue	1988		GM-ALL-dialogue-1988--1	F4D7BAF6C581BD094D16C4519520B2986D2A3D04037F108771C532960DA777DA	집으로 돌아왔을 때는 이미 아주 늦은 시간이었다.	REVIEWED		1989
dialogue	1989		GM-ALL-dialogue-1989--1	D1E1EFCDCFE855331AB677AD01D8129B0DE8453D82D3DF1E34EAE991466E7DAE	아저씨와 아주머니들이 나와 함께 집까지 와서 문을 열어 줬다.	REVIEWED		1990
dialogue	1990		GM-ALL-dialogue-1990--1	AAA3FE19B152C44590129E6198F83766C2EB382A5517888E078406CE2BC0978F	엄마 아빠는 집에 없었다.	REVIEWED		1991
dialogue	1991		GM-ALL-dialogue-1991--1	8A192EF46E6AE81C31C74617CF4A3DF86105006ACDD84D314FC1108F3BCDB863	그런데 방에는 그 해적선이 있었다.	REVIEWED		1992
dialogue	1992		GM-ALL-dialogue-1992--1	83D699159565A99DE967AA41361E2B51850E53868D3518F8B278F5A5619CC1A8	내 시험 성적을 듣기도 전에 몰래 사 둔 해적선 장난감이, 아무 말 없이 내 침대 위에 놓여 있었다.	REVIEWED		1993
dialogue	1993		GM-ALL-dialogue-1993--1	D7479945CA53D823AC75AFEDD4FCFF88014DB181AA432C8CFCB3FE9140C8D7D1	이 아이는 이제 어떡하죠? 직계 가족은 이미…… 친척 쪽에 누가 있나요?	REVIEWED	L	1994
dialogue	1994		GM-ALL-dialogue-1994--1	C0E5739D4A905B9CF716A41949FB394A1B1CDDC96A1C54D0E3CBE3CDCF47B6F3	있기는 합니다. 아이가 원할지는 봐야겠지만——	REVIEWED	L	1995
dialogue	1995		GM-ALL-dialogue-1995--1	A7F878B8CED1A7957C560D573E30DDBBC1696E38C370513AACBBF4BFF12E7F43	……	REVIEWED		1996
dialogue	1996		GM-ALL-dialogue-1996--1	C19C4B22DDF90DB75DDDF0BB2C67771AEB63B5F50647E3672068F7886EDFE313	리밍아…… 이제부터는 다른 곳에서 살아야 할지도 몰라. 괜찮겠니?	REVIEWED	L	1997
dialogue	1997		GM-ALL-dialogue-1997--1	AB7ECF1F2316FAB3923F63EA238A8EDE359241AEA3899B9E93C2E0EF7FCD246D	마음속에서 무언가 하나가 빠져나간 듯했다.	REVIEWED		1998
dialogue	1998		GM-ALL-dialogue-1998--1	2C484CA02FBFCB30A2B9432A8AD77A9690017B290F0E4C8A8B21D9210603F827	……나——	REVIEWED	LM	1999
dialogue	1999		GM-ALL-dialogue-1999--1	9D4851FF3A6A8FB46541BCAB35AB4D396EB71E3636EEAE97088AF271E3C97796	나, 이제 집이 없어——	REVIEWED	LM	2000
dialogue	2000		GM-ALL-dialogue-2000--1	E3B0C44298FC1C149AFBF4C8996FB92427AE41E4649B934CA495991B7852B855		EMPTY_CONTROL		2002
dialogue	2002		GM-ALL-dialogue-2002--1	41FA91DD7AF96B2B0550866E59D8CC9E203AE26C64B4CADA1A9B2E1B8269397D	!!	REVIEWED	LM	2003
dialogue	2003		GM-ALL-dialogue-2003--1	2894184E5C09ADA73431233EA53F0A864C0D9A3B4D8153031147F12D7C3A0ABA	침대에서 벌떡 몸을 일으켰다. 등이 땀으로 흠뻑 젖어 있었다.	REVIEWED		2004
dialogue	2004		GM-ALL-dialogue-2004--1	8B83AF208040E26C43EC9325A7BA9860D5D15C1A28256B42791062B6A4EF1CF6	창밖을 바라보니 하늘은 새까맸고, 고요한 밤은 아직 끝나지 않았다.	REVIEWED		2005
dialogue	2005		GM-ALL-dialogue-2005--1	0A61974AAF2332672E136C1964827BED40A9735D554767573676FCB6AC771EF9	정말, 기분 더러운 꿈을 꿨다.	REVIEWED		2006
dialogue	2006		GM-ALL-dialogue-2006--1	71126D0EDF0D9A37A95F2363215D27556ED9F203E7B4650BBF48C35EDEEF0431	어……	REVIEWED	LM	2007
dialogue	2007		GM-ALL-dialogue-2007--1	E149A6761C0CF9186172B76DE6941A118F0F7217374A5984EE4DB16F69BBA9A5	오늘은 불 켜 놓고 자자.	REVIEWED		2008
dialogue	2008		GM-ALL-dialogue-2008--1	A7F878B8CED1A7957C560D573E30DDBBC1696E38C370513AACBBF4BFF12E7F43	……	REVIEWED	LM	2009
dialogue	2009		GM-ALL-dialogue-2009--1	748998F07DE810A8AFAC76973121E3CC5FB761276EF998961D2954C6FFDAA1F6	……샤오예……	REVIEWED	LM	2010
dialogue	2010		GM-ALL-dialogue-2010--1	F5A6EF020E693B388ACD64F15CB3C40A5F4ED7D8928B49440477284DFC85989A	머릿속에 떠오른 건 샤오예의 이름뿐이었다.	REVIEWED		2011
dialogue	2011		GM-ALL-dialogue-2011--1	5DE78151162F51939427DDE878212FD80C8ED423953A3EDE2D7BEF1723B11411	——약속했어. 내가 샤오예가 머물 곳이 되어 줄게. 그러니까 이제 울지 마…… 흑……	REVIEWED		2012
dialogue	2012		GM-ALL-dialogue-2012--1	9945975F2C2A78381CB5B299C5190BC0395DB9A0390B29A97408B8B03A18E7E3	——오빠도…… 울고 있잖아……	REVIEWED		2013
dialogue	2013		GM-ALL-dialogue-2013--1	D479005408CE473D5D1683D9B4774EABAE20535EF32444C4085D26E90C385A1D	——손가락 걸자.	REVIEWED		2014
dialogue	2014		GM-ALL-dialogue-2014--1	0F0D7C86A304D79C8ABC8AB697ADE2634D389224C9732E319EAF81A2D005CBCB	——응…… 손가락 걸어……	REVIEWED		2015
dialogue	2015		GM-ALL-dialogue-2015--1	E3B0C44298FC1C149AFBF4C8996FB92427AE41E4649B934CA495991B7852B855		EMPTY_CONTROL		2016
dialogue	2016		GM-ALL-dialogue-2016--1	895361FFBF88D5A8C40D47F8DD3D03DF2042CA9360D08738BCBB4FAA39495404	……	REVIEWED		2017
dialogue	2017		GM-ALL-dialogue-2017--1	8C548C13D3E54F6E51E69532180E9F3D632319569E43B300D0F612D3FDB97E9A	아침에 일어나자마자 두 손으로 얼굴을 감쌌다.	REVIEWED		2018
dialogue	2018		GM-ALL-dialogue-2018--1	B9A21E39C6A418E33DF60F736B4725EABB20E2E363DF8D5B18F3408A4E198F62	어젯밤에 샤오예 이름을 중얼거리면서 잠들었다고!!	REVIEWED		2019
dialogue	2019		GM-ALL-dialogue-2019--1	5DCFFD2A434A7279B42775574DD83500152D9A5E07E46553C78CE594877251F5	뒤에는 샤오예가 나오는 꿈도 꾼 것 같은데, 무슨 내용이었는지는 기억나지 않는다.	REVIEWED		2020
dialogue	2020		GM-ALL-dialogue-2020--1	2CFE65144BC1D51B95C5C4982B542F4085B4E75EA20EA05844DD161258DADA1B	그 애가 알면 분명 웃으면서 “오빠도 참 아기 같다니까~”라고 하겠지.	REVIEWED		2021
dialogue	2021		GM-ALL-dialogue-2021--1	D0C4008236972F43CCE152AC74A37F17C6D83693BB899E807E6FFAF628221B4B	예전에 샤오예도 똑같은 짓을 한 적 있으니 퉁이다!	REVIEWED		2022
dialogue	2022		GM-ALL-dialogue-2022--1	BA73BFA565451F850B046377B6C9CD51305973AF6347370690D342D5187096EB	그 악몽을 꾼 영향인가…… 난 벌써 아무렇지도 않은 줄 알았는데.	REVIEWED		2023
dialogue	2023		GM-ALL-dialogue-2023--1	E8A055274268B73F432C56FA1359FDC92FF645DAA3F3E35EAD798553EEBE13D7	나는 부모님 영정을 난감한 얼굴로 바라봤다.	REVIEWED		2024
dialogue	2024		GM-ALL-dialogue-2024--1	23259A196E437B7AA64F35C75DB68C4E0B40487DC4C23D1ABED88B53E0410550	알았어요, 알았어요. 오늘은 제대로 기운 낼게요.	REVIEWED		2025
dialogue	2025		GM-ALL-dialogue-2025--1	C49628F4F44BF8AA3704786E3D9D5C1521746805FF1F0AED376C338444808D94	속으로 그렇게 말하며 영정을 향해 고개를 숙인 뒤 자취방을 나섰다.	REVIEWED		2026
dialogue	2026		GM-ALL-dialogue-2026--1	E3B0C44298FC1C149AFBF4C8996FB92427AE41E4649B934CA495991B7852B855		EMPTY_CONTROL		2028
dialogue	2028		GM-ALL-dialogue-2028--1	AB5DF625BC76DBD4E163BED2DD888DF828F90159BB93556525C31821B6541D46	……	REVIEWED		2029
dialogue	2029		GM-ALL-dialogue-2029--1	1333802113E0E0BD61F7448BA478AA7AC2F69E01697F31C43BD2DDAE2C0D632C	오늘도 평소처럼 일찍 강의실에 도착했다.	REVIEWED		2030
dialogue	2030		GM-ALL-dialogue-2030--1	DB8F728C85515258DC99D2892CEF1D24B88A963B23A90AB770FB984E79BEEC18	늘 그렇듯 한샤오청이 그림 그리기 좋은 구석 자리를 잡아 두려 했는데, 이미 와 있었다.	REVIEWED		2031
dialogue	2031		GM-ALL-dialogue-2031--1	E3B0C44298FC1C149AFBF4C8996FB92427AE41E4649B934CA495991B7852B855		EMPTY_CONTROL		2032
dialogue	2032		GM-ALL-dialogue-2032--1	6FD8C45FAF06755868BBD5CA9505D7200D1157F14EBE598BDC67403CC6A67262	좋은 아침.	REVIEWED	HXC	2033
dialogue	2033		GM-ALL-dialogue-2033--1	A7F878B8CED1A7957C560D573E30DDBBC1696E38C370513AACBBF4BFF12E7F43	……	REVIEWED	LM	2034
dialogue	2034		GM-ALL-dialogue-2034--1	FB3AD060E313AF243B31F7C5DA2E9485EDF6634ADE27C6467A1600F34229B9E9	응, 좋은 아침이야, 샤오청.	REVIEWED	LM	2035
dialogue	2035		GM-ALL-dialogue-2035--1	2E442B621B2101B1182AFC0F81A50622F2A0914B9EAFC84BC1AA379D221B2D76	그 모습을 본 순간 나도 모르게 입꼬리가 올라갔다.	REVIEWED		2036
dialogue	2036		GM-ALL-dialogue-2036--1	5A1F57286FA1570A81D84435D5D73519A56B70758303CE42CAFC57AEAC5523D0	겨우 하루 못 봤을 뿐인데 반가운 기분이 든다니, 정말 신기하다.	REVIEWED		2037
dialogue	2037		GM-ALL-dialogue-2037--1	9CAF392FBD24810A3031F87367E556CD35B34F8D8A926F779A635B8577F34080	오늘은 일찍 왔네.	REVIEWED	LM	2038
dialogue	2038		GM-ALL-dialogue-2038--1	ED7D1CDE22EF4CAAD45D633730484D0FE6D5E17297A6D434393CEDC2D99AC824	응. 다 그렸어.	REVIEWED	HXC	2039
dialogue	2039		GM-ALL-dialogue-2039--1	2CBFB2972809184D1436B54FF1DAC12909714CB9E770555ACA1384C1B62508DC	인사를 마치고 나는 자연스럽게 한샤오청 옆에 앉았다.	REVIEWED		2040
dialogue	2040		GM-ALL-dialogue-2040--1	5A58B89879193905C712D145DDA81AC9917F320E00BF1162B2B385F11AF9CE6E	……마음이 놓인다.	REVIEWED		2041
dialogue	2041		GM-ALL-dialogue-2041--1	F084030DBFB9863FE8F4E9B078F0EFB63CF8D00012EDC07D74B7955283945D08	평소 샤오청도 이런 기분이었던 걸까?	REVIEWED		2042
dialogue	2042		GM-ALL-dialogue-2042--1	A6DE35B08E9CFE8D5D297742B39345EBDDC1FCF12212BE5777BEB71386AA4034	어제 그린 건 누구한테도 말하면 안 되는 상업 게임 일러스트였어?	REVIEWED	LM	2043
dialogue	2043		GM-ALL-dialogue-2043--1	E67663D59393B355439E2B0B6EF79F7FF6B52AA969054A4ABB572C73A934401A	응…… 리밍한테도 안 돼…… 대신 다른 거 보고 싶으면, 내가 그려 줄게.	REVIEWED	HXC	2044
dialogue	2044		GM-ALL-dialogue-2044--1	F73C74E060107E4FCB03C8DB0869AFD1F793F32B79CDEF148C7CE94457D1C68B	그렇게 큰 일 하나 끝냈으면 오늘은 좀 쉬는 게 어때?	REVIEWED	LM	2045
dialogue	2045		GM-ALL-dialogue-2045--1	B1D498B0CB02CD66EA0243BF34C1A5973E6DFF830FB22FD539429B82241AF4DD	그림 그리는 게, 쉬는 거야.	REVIEWED	HXC	2046
dialogue	2046		GM-ALL-dialogue-2046--1	3E1D85DE8D471C4DC392DA2BA2B17D45DC826962D4A3B09CD8B95EC98B44608D	그림 그리느라 지쳤으니까 그림을 그리면서 쉰다는 거야!?	REVIEWED		2047
dialogue	2047		GM-ALL-dialogue-2047--1	5FD219C8DE993CE48F10E012F0DAA86D7253A89477B79A69BD5904FD1C958CD2	그러니까 의뢰 그림이랑 연습 그림은 느낌이 다르다는 뜻이야?	REVIEWED	LM	2048
dialogue	2048		GM-ALL-dialogue-2048--1	07BF0DB116C796063F9000E1D56AA7CC4F501AA9F9DBD27BB5D1076B77A5FCB3	그리고 싶은 걸 그리면, 멈출 수가 없어.	REVIEWED	HXC	2050
dialogue	2050		GM-ALL-dialogue-2050--1	DAE117D12084749B225BBD7E9DA6A2F8EAD873887D6A9C516B4AB40CCFC2B5FD	그래도 의뢰 그림은 억지로라도 그려야 하고.	REVIEWED	LM	2051
dialogue	2051		GM-ALL-dialogue-2051--1	B7BC4979C5DC3EEB0B1B4CFCCF9472DCC3482CB971AF9164BFF172EB1A40CCF5	의뢰 그림은, 그림을 그릴 필요 없어. 의뢰 그림은, 돈만 필요해.	REVIEWED	HXC	2052
dialogue	2052		GM-ALL-dialogue-2052--1	F7687ECFF1B8AD9622F89F7EA466EFBC6802FE59315698C5CD031146AAC8415B	도무지 무슨 말인지 알 수 없는 말을 한 뒤, 한샤오청은 다시 그림에 몰두했다.	REVIEWED		2053
dialogue	2053		GM-ALL-dialogue-2053--1	B5FA560A7F992299982BB04FBC49BB12327D5372A7FA00A72C6FD9EC162C4760	평소와 다를 것 없이 그림을 그리고, 조용히, 한마디도 하지 않았다.	REVIEWED		2054
dialogue	2054		GM-ALL-dialogue-2054--1	9B950B99B8DB4372557FCE48A9EE0AB86B696239E0F9702DF96E004B38B59C15	펜이 타블렛 위를 스치는 소리, 한샤오청의 잔잔한 숨소리, 가끔 실수로 맞닿는 어깨.	REVIEWED		2055
dialogue	2055		GM-ALL-dialogue-2055--1	7E6361C4ABBCB57B7D5EE33316F23FE3AC68D00EF679DA5F33CCDE042EAEE6EE	그 모든 걸 느끼고 있으니 마음이 점점 차분해졌다.	REVIEWED		2056
dialogue	2056		GM-ALL-dialogue-2056--1	0E7A4BB7F3B20178B85D5C694EE2DCAABA60DE4D454D3FA8D1AEA64C0F0C3608	리밍, 웃고 있어.	REVIEWED	HXC	2057
dialogue	2057		GM-ALL-dialogue-2057--1	C1930E6BC82C9BFE7026DD070AEB532D29A20E0C812EE69FB2554D446E946671	어, 내가? 전혀 몰랐는데……	REVIEWED	LM	2058
dialogue	2058		GM-ALL-dialogue-2058--1	F3D6E1D4EFB5297B0FC676FE80CF4EA46533903DFF49F588B67CAFAB54CA9CD8	내가 그림 그리는 걸 보면서, 웃고 있어…… 이상해.	REVIEWED	HXC	2059
dialogue	2059		GM-ALL-dialogue-2059--1	B731DBED79E73633E754697AF6CFD29A617D61551CE3B02127A64E4986C09C5A	샤오청이 그림 그리는 걸 보고 있으면 즐거우니까. 굳이 말하면 확실히 좀 이상하긴 하네.	REVIEWED	LM	2060
dialogue	2060		GM-ALL-dialogue-2060--1	D99C8B2DBDC843D26FEC05B7A80716A0525CF6D747CF81739A8441E0AABDB648	아…… 내가 그림 그리는 걸 보면, 즐거워?	REVIEWED	HXC	2061
dialogue	2061		GM-ALL-dialogue-2061--1	E3B0C44298FC1C149AFBF4C8996FB92427AE41E4649B934CA495991B7852B855		EMPTY_CONTROL		-1
option	2061	0	GM-ALL-option-2061-0	68F8249523811E479910DD8F9B6FCC28F6E3B58801E254D16FFF54D6FDB51550	고개를 끄덕인다	REVIEWED		-1
dialogue	2062		GM-ALL-dialogue-2062--1	37832D31BED1FF3497D38A10EBDEE567BF485DC45EF8AA039A4532C27B4B2851	그렇다면…… 나도, 기뻐.	REVIEWED	HXC	2063
dialogue	2063		GM-ALL-dialogue-2063--1	ECBA4EEAE0C968279F5839E80DCB846C271D28AABC083361D5774FA72D6F2495	샤오청은 정말로 미소를 지었다.	REVIEWED		2064
dialogue	2064		GM-ALL-dialogue-2064--1	0DB6AB0B44B29E99D409C1ADD12D190609C997FDDF62635FB6268AD88537A69A	으윽……	REVIEWED	L	2065
dialogue	2065		GM-ALL-dialogue-2065--1	B82C3FF08E8892DBD0348EE9A4D98A3F22AC2989CF14A73FAD673CDB1B9F0A8A	너, 너도 리밍이랑 한샤오청이 사귀는 것 같지 않냐……	REVIEWED	L	2066
dialogue	2066		GM-ALL-dialogue-2066--1	903BF4815F2AFDDA5AF069608BE97484EA3A780FAD3B30EB129A44C7FF467E05	벌써 두 달째 꽁냥거리는 거 보고 있으니까 나도 연애해야 하나 싶다. 못 버티겠어——	REVIEWED	L	2067
dialogue	2067		GM-ALL-dialogue-2067--1	B935F43BE352B47219B2DAC7BB8287D3FF8A96C772F2C9CBA47E16BD7A303486	……다 들려.	REVIEWED	LM	2068
dialogue	2068		GM-ALL-dialogue-2068--1	A2C08A5A3810E20D9E903DA66ABA8CFD9420E404E5EB02DEF981EB6B1ABE233A	히익! 죄송합니다, 저희 나쁜 말 안 했어요!	REVIEWED	L	2069
dialogue	2069		GM-ALL-dialogue-2069--1	DF53A0DE4537282A982AD971D2C3E90A424B54393C343516B85FB7187C6934F7	응……?	REVIEWED	HXC	2070
dialogue	2070		GM-ALL-dialogue-2070--1	644C966DB19DF7540436667D80DA4026F433FE2DB78FCEB657A955D710A13C09	한샤오청은 고개를 갸웃하며 무슨 일이 있었는지 이해하지 못했다. 그러고는 금세 잊어버리고 고개를 숙여 자기 세계로 돌아갔다.	REVIEWED		2071
dialogue	2071		GM-ALL-dialogue-2071--1	D96DB07E23603F25E811F553FFD6C343DFDECD66EE6183D454494B0CCB783583	그런 느낌인가…… 현장 ASMR 같은 거. 한샤오청이 그림 그리는 소리를 듣고 있으면 나도 몰입 상태에 들어가는 기분이다.	REVIEWED		2072
dialogue	2072		GM-ALL-dialogue-2072--1	E3B0C44298FC1C149AFBF4C8996FB92427AE41E4649B934CA495991B7852B855		EMPTY_CONTROL		2074
dialogue	2074		GM-ALL-dialogue-2074--1	AB5DF625BC76DBD4E163BED2DD888DF828F90159BB93556525C31821B6541D46	……	REVIEWED		2075
dialogue	2075		GM-ALL-dialogue-2075--1	F33FEAA1204F5B2955C68C2A19AB71EECB3FF883954F777B1DE67239CC683D9F	수업이 끝난 뒤 한샤오청과 헤어지고 학생식당으로 향했다.	REVIEWED		2076
dialogue	2076		GM-ALL-dialogue-2076--1	9250EE9772490B09BC5366A6BD6F056D8AFF2962E08FC57A4BA200DE48632643	한샤오청은 1학년 때부터 지금까지 학생식당에 거의 가 본 적이 없다.	REVIEWED		2077
dialogue	2077		GM-ALL-dialogue-2077--1	7BD9ED2616DD54380901DA371F2A1F944792DEB55BA4E1A8F3750566855C7642	너무 더워.	REVIEWED	HXC	2078
dialogue	2078		GM-ALL-dialogue-2078--1	3FA00A0F63B7F60355F66BB2BF1278965CA81560EF8088CE38B421DA4A4E9178	이유를 물었을 때 한샤오청이 울상으로 한 대답이다.	REVIEWED		2079
dialogue	2079		GM-ALL-dialogue-2079--1	783C631523446D3A411C3082EF1A95FF43F23C7A7C35C30BC74F4EED2DDEA269	저 가녀린 몸은 역시 넓고 에어컨이 잘 나오는 실내에 있는 걸 더 좋아하는 모양이다.	REVIEWED		2080
dialogue	2080		GM-ALL-dialogue-2080--1	0AB5B30FF06E7FDE30C23287E903D5F76079E2CFDD934EFC64EA6629A9F3B12A	한샤오청 생각을 하며 빠르게 걸어 2층으로 올라갔다.	REVIEWED		2081
dialogue	2081		GM-ALL-dialogue-2081--1	4C30F362E9669CF7FABD7EDD64308890FC9C995B33D44ECD61DD7F04968032E7	으악! 죄송해요!	REVIEWED	MCL	2082
dialogue	2082		GM-ALL-dialogue-2082--1	D681C08B25A6176FEC4209C6361548067F6A001BD1BD8510E6D5FC52C64AACE7	딴생각을 하다가 여자애 한 명과 부딪칠 뻔했다.	REVIEWED		2083
dialogue	2083		GM-ALL-dialogue-2083--1	2FFF5B1351147D4D2ED45089A68786866A2F2E348A4AC1C023D5E4A452153F61	아! 저도 죄송해요. 제대로…… 안 보고……	REVIEWED	LM	2084
dialogue	2084		GM-ALL-dialogue-2084--1	1A8873D59E2478743259CA3D94E9BECB9F39D6EFD3E33856C29BA60881A92E91	어!?	REVIEWED	LM	2085
dialogue	2085		GM-ALL-dialogue-2085--1	320478F06144D1C5CA1A3927E5BD3224F95AE146CBC74C68EF4F14CB67835826	리…… 리밍!?	REVIEWED	MCL	2086
dialogue	2086		GM-ALL-dialogue-2086--1	8FD2DB3550872F69AC392349809BC180F56390FF72BEBEFBD188CC9CCC53E645	모추링 씨, 왜 여기 있어요!?	REVIEWED	LM	2087
dialogue	2087		GM-ALL-dialogue-2087--1	BDA7033A218086D1836652244EFDD4083A5EAC994CA0512A11E9FB398BB38AED	눈앞에 서 있는 건 다름 아닌 그래플링 하우스의 점장이었다. 모추링은 입을 다물지도 못한 채 놀란 얼굴로 나를 바라봤다.	REVIEWED		2088
dialogue	2088		GM-ALL-dialogue-2088--1	02E0D2583B0D933FD39F24ED555736F2B54BAFFE2D5CFC703C394356A876D8D2	설마 모추링 씨도…… 우리 학교 학생이에요!?	REVIEWED	LM	2089
dialogue	2089		GM-ALL-dialogue-2089--1	1A8873D59E2478743259CA3D94E9BECB9F39D6EFD3E33856C29BA60881A92E91	네!?	REVIEWED	MCL	2090
dialogue	2090		GM-ALL-dialogue-2090--1	277A0AB8ED66D09896D3CF503BE2AD4B65236E0BC42B989735A49811EF51CE14	그러더니 놀랐던 소녀의 얼굴에 웃음이 번졌다.	REVIEWED		2091
dialogue	2091		GM-ALL-dialogue-2091--1	05AA82B78E314FC72CDA156F27FF94A33D0ACA55B3049CCC65DF9BBAEAC8ED08	하하…… 하하하, 진작 생각했어야 했네요. 그래플링 하우스에서 제일 가까운 대학이 여기잖아요!	REVIEWED	MCL	2092
dialogue	2092		GM-ALL-dialogue-2092--1	57087757386120DC6768D9D895457F1EDA32BE146D4737437B5BEB097FD13518	리밍 씨를 여기서 만나다니! 설마 이것이…… 슈타인즈 게이트의 선택인가!	REVIEWED	MCL	2093
dialogue	2093		GM-ALL-dialogue-2093--1	D2322E600022B2AEE829929E119D992A9458A85FB3089F118FCCA0B20916CD9A	참고로 저를 못 만난 세계선은 어떻게 됐는데요.	REVIEWED	LM	2094
dialogue	2094		GM-ALL-dialogue-2094--1	55580104496610765D97BC2076D3FA8C599BB9AC09E49016EBD14157FB265C62	제5차 세계대전.	REVIEWED	MCL	2095
dialogue	2095		GM-ALL-dialogue-2095--1	ECDBC01F32D6F8A5750F193517A16E53D9BDAEE3A03DB5D70595D02A2511866C	제3차랑 제4차는 대체 언제 일어난 거예요!? 나비효과가 너무 무섭잖아요!	REVIEWED	LM	2096
dialogue	2096		GM-ALL-dialogue-2096--1	24B1DAB2989A0FBD33177F1D2E4625689DE2568B5B1E0FC07DB4726B865FBD69	계단을 내려가 모추링과 함께 복도 끝으로 갔다.	REVIEWED		2097
dialogue	2097		GM-ALL-dialogue-2097--1	16E990BD2364B6F9500B13D48E84A6A3B40C28C0794EA129B04CB95D92B329BA	그럼 한샤오청 선생님도 여기 있는 거네요?	REVIEWED	MCL	2098
dialogue	2098		GM-ALL-dialogue-2098--1	7FAB9A9580CFFC86B160779664416B9431E757C66C4575A1076FC551817D4285	네. 그런데 저보다 먼저 강의실에서 나가서 지금은 못 만날 거예요.	REVIEWED	LM	2099
dialogue	2099		GM-ALL-dialogue-2099--1	F6FE51B615A5CB59E1DA903510BD6008D2A0BEB607C334114BA04DB4B4AB71CE	아쉽다. 한샤오청 선생님이 놀라는 얼굴도 보고 싶었는데.	REVIEWED	MCL	2100
dialogue	2100		GM-ALL-dialogue-2100--1	201540E5C34B335EC378F627D7C3042D0264E1B529DE19E13D16CD5662DB0680	그럼 제가 아무 말 안 해 둘 테니까, 다음에 갑자기 튀어나와 봐요.	REVIEWED	LM	2101
dialogue	2101		GM-ALL-dialogue-2101--1	A288F2F3FAC0B5AAE48AF3F332B58A2B03F573C750981A4D30F04CAA89AFC3CC	오오, 그렇게 해 보죠!	REVIEWED	MCL	2102
dialogue	2102		GM-ALL-dialogue-2102--1	B8597795D6D437026DB3773A7903F5A942CC577D2BF3552BFF5409B0792ACE30	그리고 샤오청한테 ‘그래플~’ 같은 인사도 하고요.	REVIEWED	LM	2103
dialogue	2103		GM-ALL-dialogue-2103--1	BFE2E194B67D917C38638D1645E16ECC1F5212980661A1700FDE952D27F5E5DA	으악! 누가 진짜로 ‘그래플~’ 하면서 인사해요!?	REVIEWED	MCL	2104
dialogue	2104		GM-ALL-dialogue-2104--1	D99D948560D30655AC56F7EE019F050163D71DB0A470521557C8217DF27D9576	소데소프트 히로인 중에도 그렇게 인사하는 애 몇 명 있잖아요.	REVIEWED		2105
dialogue	2105		GM-ALL-dialogue-2105--1	1D465D82F6FB5DC1ECDFFE8391F25B969727A74D19B1FA05B662A92B8AC3CCA6	그런데 모추링 씨가 여기서 수업 듣는 거면, 지금까지 한 번도 못 본 게 신기하네요…… 1학년이에요?	REVIEWED	LM	2106
dialogue	2106		GM-ALL-dialogue-2106--1	F175666F2193B87C7FD3879D8642551D4CA7822026C8DABBF18393BBE79A0DB4	어머——저는, 상황이 조금 특수해서요……	REVIEWED	MCL	2107
dialogue	2107		GM-ALL-dialogue-2107--1	D499E437E46B6B675050A8405217B336272D76D6342FFD49EAABC75D80F59CAF	3학년이에요.	REVIEWED	MCL	2108
dialogue	2108		GM-ALL-dialogue-2108--1	A7F878B8CED1A7957C560D573E30DDBBC1696E38C370513AACBBF4BFF12E7F43	……	REVIEWED	LM	2109
dialogue	2109		GM-ALL-dialogue-2109--1	2C4B6B95B84FD79E37EA103BD46C09970AC68467BB40781718126AA3859D0190	선배님, 안녕하세요.	REVIEWED	LM	2110
dialogue	2110		GM-ALL-dialogue-2110--1	B3FD37DC5B5142A73DC572526041EFD856EF73C3A22063BFDBD206998B1CB24B	그렇게 부르지 마요! 소름 돋았어요!	REVIEWED	MCL	2111
dialogue	2111		GM-ALL-dialogue-2111--1	DD12DC2758B3A96DB7BE2C92EC24A409177398385B59028ACE7DCF112F0E0376	모추링 선배님 안녕하세요. 모추링 선배님 수고 많으십니다!	REVIEWED	LM	2112
dialogue	2112		GM-ALL-dialogue-2112--1	6D477D53F9CDD16690DB45CAE56365FF9FF9E586504745AF96DBC038D4109582	선배지 큰언니가 아니거든요!	REVIEWED	MCL	2113
dialogue	2113		GM-ALL-dialogue-2113--1	E9597BEF901B785A3E149C06AB4DFA394C5AFE86899CEF437364F96A720DE2F0	선배였다니. 난 계속 나보다 어리거나 동갑인 줄 알았는데……	REVIEWED		2114
dialogue	2114		GM-ALL-dialogue-2114--1	73F899618830F19E443074E5FECA8DF7E770BE89619D26299657C9EACF01FB98	그럼…… 그냥 평소처럼 이름으로 부르는 게 낫죠?	REVIEWED	LM	2115
dialogue	2115		GM-ALL-dialogue-2115--1	8FB01376E45BF64F7324446174DC97507CA739D580EDA402F48707EB2AEBB0EE	응, 이름으로 불러 주세요. 선배라고 하면 왠지 거리가 멀어지는 것 같아서……	REVIEWED	MCL	2116
dialogue	2116		GM-ALL-dialogue-2116--1	5118C144C6F5AF415D7EF7F4559DB1F8D731322F7FC4C524353AE9439F8126F4	이왕 여기서 모추링을 만났으니 그래플링 하우스 얘기도 물어볼 수 있겠다.	REVIEWED		2117
dialogue	2117		GM-ALL-dialogue-2117--1	25FEEDB9049944C05EAC036809D417133FD7A62669A4C062D50160E898ECE20A	어제 갑자기 가게를 닫았던 건…… 무슨 일 있었던 걸까?	REVIEWED		2118
dialogue	2118		GM-ALL-dialogue-2118--1	9F80018EEE24DC09224D3C929A3C2C68FBAAAF43D4A107D38838207351F5D944	어제 가 봤는데 그래플링 하우스가 닫혀 있어서 깜짝 놀랐어요.	REVIEWED	LM	2119
dialogue	2119		GM-ALL-dialogue-2119--1	E5096FF1D73F317E8E8AA5584DE2527C20A61668C6A7C867EDA93DF0F7951B39	죄송해요…… 전날 미리 말해 뒀어야 했는데!	REVIEWED	MCL	2120
dialogue	2120		GM-ALL-dialogue-2120--1	8EC7312B72C34E42BC4E10771CCB0AFBDAAFC9FAA481494783B20340D0F78160	모추링은 두 손을 힘껏 모으고 내게 고개를 숙였다.	REVIEWED		2121
dialogue	2121		GM-ALL-dialogue-2121--1	D95482DAF705EF9453DFC7452D0DDE27626ABF87AA986B25F3F024ABF3D43851	아, 아니. 그건 사과할 일은 아니잖아요…… 무슨 일이었어요?	REVIEWED	LM	2122
dialogue	2122		GM-ALL-dialogue-2122--1	E3B0C44298FC1C149AFBF4C8996FB92427AE41E4649B934CA495991B7852B855		EMPTY_CONTROL		2123
dialogue	2123		GM-ALL-dialogue-2123--1	F81D1571941AACFA70A0E51D581C1BCDF7D04A6A57FA82A1749B052325A31ED0	모추링은 복도 창틀에 팔을 걸치고 아래로 드나드는 학생들을 바라봤다.	REVIEWED		2124
dialogue	2124		GM-ALL-dialogue-2124--1	9C5431556DE326DFFF1F5487E4C737A463BA9C75F4E596F0E48A68A48ED8544B	가끔은 출석도 해야 해요. 너무 심하게 빠지면 학교도 제 특수한 사정을 계속 봐주진 않으니까요.	REVIEWED	MCL	2125
dialogue	2125		GM-ALL-dialogue-2125--1	9A660C2B02868B2FFDD354D53376149D04CFCCA60CFDC84488DD50A4395E8BFB	특수한 사정이요?	REVIEWED	LM	2126
dialogue	2126		GM-ALL-dialogue-2126--1	F60203F2FD3887C124706A7713D828B2CB706CBC94A0B76F0047BB6D3525CAD9	그러고 보니 정말 대학생이 수업을 들으면서 가게까지 운영할 수 있나? 수업만으로도 하루 대부분을 잡아먹을 텐데.	REVIEWED		2127
dialogue	2127		GM-ALL-dialogue-2127--1	F276CD8DDBA2C232CC2743DD3C59B8B5AA1ACDBAC3CA8F1BE3A5032E6350FB9F	으음…… 말하자면 긴데…… 아무튼 전공 수업은 온라인 강의로 대체할 수 있고, 학점만 제대로 채우면 돼요.	REVIEWED	MCL	2128
dialogue	2128		GM-ALL-dialogue-2128--1	31303748E6DD5C55B904F4D312335CFFD00D413ECDCF21C9921AA2017B873BC7	다만 한 달에 최소 몇 번은 출석해야 하고 시험도 반드시 봐야 해요. 나머지 시간은 자유롭게 쓸 수 있고요.	REVIEWED	MCL	2129
dialogue	2129		GM-ALL-dialogue-2129--1	914F01BF683E2B3739215DB70425A988C74B1CDE9E3BC3E1F3ABC6B51A9829AB	듣기만 하면 엄청 부러운데요.	REVIEWED	LM	2130
dialogue	2130		GM-ALL-dialogue-2130--1	50359E4CCE4CDA29F541E92548EC8D6F0AD115670B2817B206D26D03A3E7F42E	부럽다니…… 하하. 아마 리밍 씨가 생각하는 것과는 좀 다를걸요. 사실 꽤 힘들어요……	REVIEWED	MCL	2131
dialogue	2131		GM-ALL-dialogue-2131--1	B749109842209066B317D6E2101CBD182DC1E77910C28E0F78699B8C50446BF6	모추링은 계속 아래의 학생들을 바라봤다——아니, 어쩌면 아무것도 보지 않고 그저 멀리 시선을 던지고 있을 뿐인지도 모른다.	REVIEWED		2132
dialogue	2132		GM-ALL-dialogue-2132--1	8F726CF70E7021FA798027C7A9CC16A3EAFD7BCD0CB25F7DFAB95B57ADD54ED6	나는 말을 잇지 않고 모추링이 침묵하도록 내버려 뒀다.	REVIEWED		2133
dialogue	2133		GM-ALL-dialogue-2133--1	3C23B01C14EBE748FAA276F9C8C5D5F1A3550B53DF161D52FF496596F4A72844	……저희 집은 바이오테크 쪽 일을 해요. 어릴 때부터 부모님 일을 이어받으라는 말을 들었고요.	REVIEWED	MCL	2134
dialogue	2134		GM-ALL-dialogue-2134--1	43BFDF28CAA025009C3487A6AA85DFC24B98DC3983773DDE8566C9DF88CABF89	대학은 나중에 일할 때 필요한 학위를 따기 위한 것뿐이라, 집에서 학교 측과 얘기해서 저한테 맞는 특별한 방식을 마련해 줬어요.	REVIEWED	MCL	2135
dialogue	2135		GM-ALL-dialogue-2135--1	38171E571C9932EAD69B513765213DFC29621966A862FDE4CCDB3FC6FE477F3E	그 밖의 시간에는 집안 쪽 일을 도와요. 컴퓨터 앞에 앉아 있으면 하루가 그냥 끝나 버리죠.	REVIEWED	MCL	2136
dialogue	2136		GM-ALL-dialogue-2136--1	BD2E953B5277CCA46D5FFB149E371E78DFED64B0D0BA5F18C026374027D14343	정말…… 피곤해요——양도 많고 재미도 없고.	REVIEWED	MCL	2137
dialogue	2137		GM-ALL-dialogue-2137--1	87EAD1631927010281C73A1FAAB3BE302206DDCAA7B096FF887A98FAC9EED164	그러다 반 애들 몇 명이 뒤에서 수군거리기 시작하고, 듣기 싫은데도 자꾸 귀에 들어오고…… 그게 제일 힘들어요.	REVIEWED	MCL	2138
dialogue	2138		GM-ALL-dialogue-2138--1	904BD60DB1F7494E7A5C5EEFC857F9E54FE562600F2F026573DA2447B0CF4953	……그랬군요. 생각했던 것보다 훨씬 힘들었네요.	REVIEWED	LM	2139
dialogue	2139		GM-ALL-dialogue-2139--1	267553B1E81C6FB741A42272DA32954FE514320C04D9EBB27DCCC33298BB2CB6	뜻밖에도 모추링이 지금까지 말한 적 없던 자기 이야기를 듣게 됐다.	REVIEWED		2140
dialogue	2140		GM-ALL-dialogue-2140--1	8465E66E3882CB1A28E63252F7680C2ECD403F315814A08D0B70814C0D5321C2	그래플링 하우스에서도 늘 컴퓨터 앞에서 뭔가 두드리고 있던데…… 그게 집안 쪽 일이에요?	REVIEWED	LM	2141
dialogue	2141		GM-ALL-dialogue-2141--1	3D97BB48BA84F39572D69B6A49A613CA4B0435008FA1210CD0871698BD46095B	응. 가끔은 프로그램 외주 같은 것도 하고요…… 그래플링 하우스 운영 자금도 그렇게 마련해요.	REVIEWED	MCL	2142
dialogue	2142		GM-ALL-dialogue-2142--1	67FDBBEE6DEFF8BDFB0F65BF0D57AC5F90D8A15A48760F08AAF06D7D98365F39	대단하다……! 무슨 초인이에요? 그 정도로 바쁜데 매일 미연시까지 하고.	REVIEWED	LM	2143
dialogue	2143		GM-ALL-dialogue-2143--1	E1CC95E9281E4C3B831CDCBAF80BD7F3DB99B1695AE0DE71A6C8958946FD4065	에헤헤~ 과찬이에요, 과찬.	REVIEWED	MCL	2144
dialogue	2144		GM-ALL-dialogue-2144--1	D86B8A8E7FB269A9D6342D7E4F6D0433C35126DD7E6E81F1FF41BB074394D91F	자기 이야기를 더 깊이 할 생각은 없는 것 같다.	REVIEWED		2145
dialogue	2145		GM-ALL-dialogue-2145--1	E3B0C44298FC1C149AFBF4C8996FB92427AE41E4649B934CA495991B7852B855		EMPTY_CONTROL		-1
option	2145	0	GM-ALL-option-2145-0	076AD2839EAE6806ADCC832E5991DF4544B2FE2BFF326A45227A9DD3C87B35F9	그럼 일단 이 얘기는 여기까지 하자	REVIEWED		-1
dialogue	2146		GM-ALL-dialogue-2146--1	C8770104E82BB15D9E73C8F4F2CFE90B3FCF80C89ECCEFC45CF7D02DCA1533D3	저 지금 학생식당 가는데, 거기 가면 바이셴위가 스폰될 수도 있거든요. 같이 가 볼래요?	REVIEWED	LM	2147
dialogue	2147		GM-ALL-dialogue-2147--1	410E2A91D05F9398ADA48397D5520CC408F3BE9F4E66D94A7A32E943F76A4694	바이셴위도 여기 있다고요!? 그래플링 하우스 단골들이 거의 다 모였잖아요!	REVIEWED	MCL	2148
dialogue	2148		GM-ALL-dialogue-2148--1	56BA79A86B05532C10A92DBB8BECC126B4BAAD07F0455025B450EE563FDADAE8	아쉽지만 샤오예는 다른 학교예요.	REVIEWED	LM	2149
dialogue	2149		GM-ALL-dialogue-2149--1	35A8DB6B7E20EAEC5B68844379C24BC7743433252F70FE4F5D5B8192DBF52867	응! 갈래요! 학생식당은 아직 한 번도 안 가 봤거든요.	REVIEWED	MCL	2150
dialogue	2150		GM-ALL-dialogue-2150--1	E3B0C44298FC1C149AFBF4C8996FB92427AE41E4649B934CA495991B7852B855		EMPTY_CONTROL		2152
dialogue	2152		GM-ALL-dialogue-2152--1	6FDEC0F6717CFD52CFD933721FD50AE6A5789B24E0D3196F6A27DCAF123B1417	학생식당에 도착했다.	REVIEWED		2153
dialogue	2153		GM-ALL-dialogue-2153--1	7BD9ED2616DD54380901DA371F2A1F944792DEB55BA4E1A8F3750566855C7642	너무 더워.	REVIEWED	MCL	2154
dialogue	2154		GM-ALL-dialogue-2154--1	C559A8FDB9BC82806E9D7A19ED15B69B3488F6957AD152CDCCA6D6CD7F482067	왜 첫마디가 한샤오청이랑 똑같은 건데요.	REVIEWED		2155
dialogue	2155		GM-ALL-dialogue-2155--1	EC0517E83B7E47D1148B8EAE6F2A313FBF0DA4D062805AD04C7373A600373F27	밖은 11월인데 안은 7월인 느낌이에요……	REVIEWED	MCL	2156
dialogue	2156		GM-ALL-dialogue-2156--1	B2ACEE1CAE822EACD4FC2077764904CFDD9A2DDC1579F9CEC2E05DD9DD9276A1	그냥 여기 앉아 있어요. 제가 밥 받아 올게요. 딱 봐도 학생증이나 식권 같은 건 안 들고 왔을 것 같고……	REVIEWED	LM	2157
dialogue	2157		GM-ALL-dialogue-2157--1	E3C7E5E99F00ACDA9AF237D119612863E18A774F0B3A48A33574DD39784E0DF6	그러고 보니 식권도 안 만들었네요…… 미안해요. 부탁할게요, 리밍 씨.	REVIEWED	MCL	2158
dialogue	2158		GM-ALL-dialogue-2158--1	69B466E32DCDC11EAA90533B99550B44EB932071EBD5C06CDE93658D2AAC265F	모추링에게 좋아하는 반찬을 물어봤고, 결국 나와 똑같은 메뉴로 골랐다.	REVIEWED		2159
dialogue	2159		GM-ALL-dialogue-2159--1	F17A755C5B9C400FEE4B5D0B67DCA11562E4D8F94F9B9C32F3119BC5B72E55F9	줄을 서서 음식을 받은 뒤 모추링을 찾으려고 둘러보자 눈에 띄는 백발이 보였다.	REVIEWED		2160
dialogue	2160		GM-ALL-dialogue-2160--1	B1BE031F93B88D95BED79AB9DEF965518179FE0D99F2019086B4BAE983E8D7AF	역시 스폰됐네…… 심지어 스폰 지점도 늘 같은 자리다.	REVIEWED		2161
dialogue	2161		GM-ALL-dialogue-2161--1	E2776F0A9647489643892D00539380E3E446FE8B2740D269DAAF25C9BC58BC1F	모추링과 바이셴위가 학생식당 구석에 앉아 내 쪽으로 손을 흔들고 있었다.	REVIEWED		2162
dialogue	2162		GM-ALL-dialogue-2162--1	751B79B7BFD3EBA0EB0AAC3B9AF6B1C575BC76D9C31536227BE4E18152770B6F	사람들 사이를 비집고 바이셴위가 있는 곳까지 갔다.	REVIEWED		2163
dialogue	2163		GM-ALL-dialogue-2163--1	6187A14BAF134E20E1594500C101784ED3FF377ACD3EDBB63DBFE9D43F23136D	이쪽에 가까워지자 기온이 몇 도는 내려간 것 같은데…… 바이셴위의 특수 능력인가……	REVIEWED		2164
dialogue	2164		GM-ALL-dialogue-2164--1	239AAAE2117B51D83E1AC876AAED09A3FC5223DEB0BD871CE9CC30C85BFF1624	게다가 주변 사람들은 이 구석을 별로 신경 쓰지도 않는 것 같다.	REVIEWED		2165
dialogue	2165		GM-ALL-dialogue-2165--1	11ED567CE2F809E3C094CECB8A679D1C6289534972EC5F805526C80BDB610329	벌써 만났네요.	REVIEWED	LM	2166
dialogue	2166		GM-ALL-dialogue-2166--1	0E98E8397FCA87B9D50D727AC603FD973E413942E94A0F161F6DC77B534B895B	모추링 선배도 여기 있어서 조금 놀랐어요……	REVIEWED	BXY	2167
dialogue	2167		GM-ALL-dialogue-2167--1	E33C1B9A4C5380D9712EB012C06745501C54C92B45AE63E71475E7E107D4D452	그, 그러니까 그냥 이름으로 불러 주면 안 될까요?	REVIEWED	MCL	2168
dialogue	2168		GM-ALL-dialogue-2168--1	067647F8337979B29047EE99E8637D4820B5BA612B1B4F24EEF9A7B805288767	나는 바이셴위를 마주 보는 자리, 모추링 옆에 앉아 식판을 건넸다.	REVIEWED		2169
dialogue	2169		GM-ALL-dialogue-2169--1	EB89EDD580A5EFA08FE4FD867F7B5664B5B059B9C3E43D3877F2CD488908654F	제철 채소, 감자 고기조림, 옥수수 두부. 모추링 몫에는 계란프라이도 하나 추가했다.	REVIEWED		2170
dialogue	2170		GM-ALL-dialogue-2170--1	DD182DF6FA78609066D78F626B33075D1FEB58F1A7C50E39459142C751DB79BD	……바이오테크 회사 아가씨 입맛에도 맞으려나.	REVIEWED		2171
dialogue	2171		GM-ALL-dialogue-2171--1	DBD9944F1904B730F648760F6C8DBBC9AD1BE055C21532D8C2B0F2ED7D2D4A11	바이셴위가 먹는 건——토마토 계란볶음과 배추였다.	REVIEWED		2172
dialogue	2172		GM-ALL-dialogue-2172--1	7840590A82C3E58993809F61AEC6440E2778788C178827BB7130B745999A84B6	저기…… 그걸로 배불러?	REVIEWED	LM	2173
dialogue	2173		GM-ALL-dialogue-2173--1	63096673C66A4896C4509B1CC7B1AA91A5016D0A8229EB447673A8C406E86911	늘 이렇게 먹어요.	REVIEWED	BXY	2174
dialogue	2174		GM-ALL-dialogue-2174--1	F73A185D67D347EBB0E7462F4716F6AD04F05FB14C525D7855D3EEE3804B572D	엄청 소박한 조합이네……	REVIEWED		2175
dialogue	2175		GM-ALL-dialogue-2175--1	E3B0C44298FC1C149AFBF4C8996FB92427AE41E4649B934CA495991B7852B855		EMPTY_CONTROL		2177
dialogue	2177		GM-ALL-dialogue-2177--1	47C0424B6A172B2979250F8DCBB0EE780B9B905CCFDCDED3B637302A93C9895F	다 먹었어요. 선배, 모추링 씨, 먼저 실례할게요.	REVIEWED	BXY	2178
dialogue	2178		GM-ALL-dialogue-2178--1	9D57B7FC713041786EC38F8C7C4F1B9479AF351774B0667CF26F3EFFAF1F197F	양이 워낙 적어서 가장 먼저 다 먹은 건 바이셴위였다.	REVIEWED		2179
dialogue	2179		GM-ALL-dialogue-2179--1	BF10D657D99C4BF1E369B8C6D2F72EAE9E4C141837207AEC0D1F75EA0B24BF28	식판을 들고 가려던 바이셴위는 잠시 망설이다가 다시 앉아 기다렸다.	REVIEWED		2180
dialogue	2180		GM-ALL-dialogue-2180--1	159FE91973B264C47BAC94BC3B2AECF9A669131FCEEBB7A5460B811E1A6DBDAF	괜찮아. 먼저 가도 돼.	REVIEWED	LM	2181
dialogue	2181		GM-ALL-dialogue-2181--1	A52C734F456AD14F7DE087CC8EFFC6080D5CBB004B8BE0FBDC523C1213551C9D	바이셴위는 고개를 저었다.	REVIEWED		2182
dialogue	2182		GM-ALL-dialogue-2182--1	B87C5D51D447485C99144EB964024BB638F74AE11B02B6AF55160FF223600D03	오늘, 그래플링 하우스 열어요?	REVIEWED	BXY	2183
dialogue	2183		GM-ALL-dialogue-2183--1	4B7D8EF8B0824B64843F1523C09E238D8099370A7C2E3069D1BAC67433D68E58	아…… 그걸 물어보려던 거구나.	REVIEWED	LM	2184
dialogue	2184		GM-ALL-dialogue-2184--1	BC5B2B9E066C1272A4322A19E35A65FF5EF4801DCEEF3BEBEDF55FD49848C42A	왜냐하면…… 약속했잖아요.	REVIEWED	BXY	2185
dialogue	2185		GM-ALL-dialogue-2185--1	855098D614321544B17267613CB0427BC96D14B480FBF90B78AF362AD9371E13	……미안해요. 오늘 오후에는 수업을 전부 들어야 해서, 하루 더 쉬어야 해요.	REVIEWED	MCL	2186
dialogue	2186		GM-ALL-dialogue-2186--1	A7F878B8CED1A7957C560D573E30DDBBC1696E38C370513AACBBF4BFF12E7F43	……	REVIEWED	BXY	2187
dialogue	2187		GM-ALL-dialogue-2187--1	2CBC846A3084A351DFE1C8CE6B69360DA9706F07330EDF76C5DB01C3F66FCCFD	응. 알겠어요.	REVIEWED	BXY	2188
dialogue	2188		GM-ALL-dialogue-2188--1	8D5DD19EF8F01E7B751F4BDDAB91464997808C2C1DF05441E2CFFD773B69F60E	바이셴위의 얼굴에 잠깐 실망한 기색이 떠올랐지만, 곧 감추고 평소의 무표정으로 돌아왔다.	REVIEWED		2189
dialogue	2189		GM-ALL-dialogue-2189--1	D01D8E1573D297C0BFADF3E39D9260F4C5679231F4BFCBAA738297468B87E4DB	얼마 지나지 않아 나와 모추링도 점심을 다 먹었다.	REVIEWED		2190
dialogue	2190		GM-ALL-dialogue-2190--1	5CC4FA028F1B460C876C3773A5F4F6D46BE1DD5318992EE709854CCF1EE45D63	셋이 자리에서 일어나려던 순간 바이셴위만 그대로 앉아 움직이지 않았다.	REVIEWED		2191
dialogue	2191		GM-ALL-dialogue-2191--1	165E7A5C780178E275823B717397EA0E55A92B9E4663411B7EF03E0A3C5800E6	바이셴위……?	REVIEWED	LM	2192
dialogue	2192		GM-ALL-dialogue-2192--1	A7F878B8CED1A7957C560D573E30DDBBC1696E38C370513AACBBF4BFF12E7F43	……	REVIEWED	BXY	2193
dialogue	2193		GM-ALL-dialogue-2193--1	12B6B901E8025751CD30437A068141FEE1D17D0F9C5FB3A3D7D6CBE439436D87	고개를 숙인 채 아무 말도 하지 않았다.	REVIEWED		2194
dialogue	2194		GM-ALL-dialogue-2194--1	35787F49DDABA3BE2DA0AB9538CC9B6D45F97DEAC44D8E231B399A115C84B741	저기 봐. 쟤 바이셴위 아니야?	REVIEWED	L	2195
dialogue	2195		GM-ALL-dialogue-2195--1	4E8450C2F51BC29C24A4AADF6F596C00BAF8DB46CB3FBB5E840D49AF33C4BF60	맞네…… 맨날 여기 혼자 앉아 있잖아. 누구랑 얘기하는 것도 본 적 없고.	REVIEWED	L	2196
dialogue	2196		GM-ALL-dialogue-2196--1	45C45E360D7F0CC76BAD30D77A7C63A72C3CA1B9E3A108AFB186414AE90D3C3A	맨날 귀찮다는 표정 하고 있으니까 그렇지. 좀 무섭잖아——	REVIEWED	L	2197
dialogue	2197		GM-ALL-dialogue-2197--1	EECCA55980A6127FE2FEFE9BD6355EADC990B6582499757BEAA5DBA70B5DDDC6	두 여자애가 멀지 않은 곳에서 이쪽을 보며 이야기하고 있었다. 일부러 들으라는 듯 목소리가 또렷했다.	REVIEWED		2198
dialogue	2198		GM-ALL-dialogue-2198--1	DACA7B6796940CBFFB801DD7CC8689F1DBF117D4B7ECEB473A5C7F68C8AB9B36	저 둘은 기억난다. 전에 학생식당 밖에서 바이셴위를 붙잡고 있던 애들이다.	REVIEWED		2199
dialogue	2199		GM-ALL-dialogue-2199--1	B3A86C4709686DA9D906583242F60F12F96210E21706EDBF8902EBEDD481191D	내 시선을 눈치채자 둘은 바로 멀리 가 버렸다.	REVIEWED		2200
dialogue	2200		GM-ALL-dialogue-2200--1	605DEFF8A9199013617B1A5A9DCE5328687440158F83205258CEC0786CA8FADE	나도 직접 겪어 봐서 대충 무슨 일인지 짐작된다. 또 바이셴위의 평소 날카로운 눈빛 때문에 생긴 오해겠지……	REVIEWED		2201
dialogue	2201		GM-ALL-dialogue-2201--1	A28AE888605E9708BBA3541AFC8725BA0D7734EADB7531AEEB51D13370BC8651	내가 먼저 말을 많이 걸어 보지 않았다면, 사실 굉장히 예의 바른 애라는 걸 나도 몰랐을 것이다.	REVIEWED		2202
dialogue	2202		GM-ALL-dialogue-2202--1	28EEEF2652B4DAE640D14F83036889BEB1EB4F62C3C3798CF912AA6D836709FB	왜 어느 반에나 저렇게 얄미운 애들이 꼭 있을까요…… 바이셴위, 너무 신경 쓰지 말아요……?	REVIEWED	MCL	2203
dialogue	2203		GM-ALL-dialogue-2203--1	A7F878B8CED1A7957C560D573E30DDBBC1696E38C370513AACBBF4BFF12E7F43	……	REVIEWED	BXY	2204
dialogue	2204		GM-ALL-dialogue-2204--1	AF2EB5C352CAF9E58EC69696CDFA0C0516A9017084B0A1F50A79309C1EB55729	바이셴위는 두 손으로 자기 옷자락을 꽉 움켜쥐었다.	REVIEWED		2205
dialogue	2205		GM-ALL-dialogue-2205--1	88D60FFA819E237E998ED930B7C4B7CB06896771ABEA2D4D52C8CEB5F9D8B489	바이셴위……	REVIEWED	LM	2206
dialogue	2206		GM-ALL-dialogue-2206--1	D11180147FC5C4856E9A8AFC657FE9734C4BA45DCEEB97668B768F1F5931AAB3	최대한 부드러운 목소리로 불러 보자 그제야 바이셴위가 고개를 들어 나를 바라봤다.	REVIEWED		2207
dialogue	2207		GM-ALL-dialogue-2207--1	5B23DAA4A7FD89B6D7297E76FF9ECBD3E434F96EFD711254613F85B6433D8BF9	네가 보내 준 영상은 다 봤어. 내일 그래플링 하우스 열면 바로 같이 시작하자.	REVIEWED	LM	2208
dialogue	2208		GM-ALL-dialogue-2208--1	B3DF2532ACD171FFCDEE2689F7D123B51F1305C14A61AA57F65DAE29C09B629D	선배……	REVIEWED	BXY	2209
dialogue	2209		GM-ALL-dialogue-2209--1	B306E0C378D1FC9AB29F8D997367995A3DB95E60827058003CFAD1F74611CF39	그래플링 하우스는 언제든 놀러 와도 환영이에요!	REVIEWED	MCL	2210
dialogue	2210		GM-ALL-dialogue-2210--1	A7F878B8CED1A7957C560D573E30DDBBC1696E38C370513AACBBF4BFF12E7F43	……	REVIEWED	BXY	2211
dialogue	2211		GM-ALL-dialogue-2211--1	E492C8E112D9E4EEFBE3423CE3CE0E838F62CCF47E4C95337D2F5C1C45BEB479	응. 고마워요.	REVIEWED	BXY	2212
dialogue	2212		GM-ALL-dialogue-2212--1	9E5F2D8BD1721C655F10635142C247313D83D067989E3EE30DB1CD0815143E68	꽉 쥐고 있던 두 손에서 힘이 풀렸다.	REVIEWED		2213
dialogue	2213		GM-ALL-dialogue-2213--1	CB7FC09715A290DE590454DD1CB633DEC928DAC80DEFAC9791B4AA040ACF5EB4	학생식당 입구까지 나온 뒤, 바이셴위는 나와 모추링에게 다시 작게 고개를 숙이고 떠났다.	REVIEWED		2214
dialogue	2214		GM-ALL-dialogue-2214--1	04B432DB9D61E5FDB55D91A0DCB46E89AA2136D774BFAA96D0E0815716DA9263	모추링은 바이셴위의 뒷모습을 멍하니 바라봤다.	REVIEWED		2215
dialogue	2215		GM-ALL-dialogue-2215--1	E23B18678ACAD86EE1AFBFF9E853CE24144358CC3A3B1938ADB366149258B613	정말 예의 바른 사람이네요.	REVIEWED	MCL	2216
dialogue	2216		GM-ALL-dialogue-2216--1	6F46DB8741E2DEBC4D7CC9682556045C970E6179D7ACDF2EB494DD8281C88278	그렇죠. 그런데 모르면 엄청 다가가기 어려운 성격처럼 보여요.	REVIEWED	LM	2217
dialogue	2217		GM-ALL-dialogue-2217--1	84E6CD4D537F76A78850D5826C9FEFBA936FC8D8449E2764CF45F43F3CBFF2D9	저도 그렇게 느꼈어요. 바이셴위가 처음 제 가게에 왔을 때는 정말 한마디도 안 했거든요.	REVIEWED	MCL	2218
dialogue	2218		GM-ALL-dialogue-2218--1	F706ECF112EA84CAF7285A32668853271BE4F76A87C9CEF04935200E47F032B4	그래도 왠지, 나쁜 애는 아닐 것 같다는 느낌이 들었달까.	REVIEWED	MCL	2219
dialogue	2219		GM-ALL-dialogue-2219--1	520806744066A6B76F1C82C530D9B4DE514A8178A62BC70A4112D67E53600A0A	아마 본인도…… 남들에게 오해받고 싶지는 않겠지.	REVIEWED		2220
dialogue	2220		GM-ALL-dialogue-2220--1	44CF7673D0F47EE72CC73C1C9457D3B4850A15F31801B453EDC62A06E21A9D83	이따 저는 집에 갔다가 오후에 다시 올 건데, 리밍 씨는요?	REVIEWED	MCL	2221
dialogue	2221		GM-ALL-dialogue-2221--1	674E1BA200C12A4D9EED4EAA7D6C648CC8B740B84655BBB5F62D7DC52BB67E91	혼자 살기 시작한 뒤로는 점심때 집까지 가기 귀찮아서요. 빈 강의실 찾아서 엎드려 있으면 돼요.	REVIEWED	LM	2222
dialogue	2222		GM-ALL-dialogue-2222--1	249521B26C55C2731AB69B04FE1C0987038D3BD9ACBB23C64C6A85C3C5E3DE2C	그럼 혹시……	REVIEWED	MCL	2223
dialogue	2223		GM-ALL-dialogue-2223--1	3638DCFBC8D96829E9A7F3677204481F43AB49B3F9AA115FD122CBF78D18BB55	에헤헤, 아무것도 아니에요. 아, 우리 연락처부터 교환할래요?	REVIEWED	MCL	2224
dialogue	2224		GM-ALL-dialogue-2224--1	6AB6352B688DDCB33E725D25B07EE8FCFD8181369495F2B6CD0402B832B1B508	오, 저도 마침 그 얘기 하려고 했어요.	REVIEWED	LM	2225
dialogue	2225		GM-ALL-dialogue-2225--1	D9A14CCCE6E4090D3A68F226DCA66496F2C43BFBD2C1273E67E3C95BA47C3E83	그래플링 하우스가 쉬는 날이면 미리 알 수도 있겠네.	REVIEWED		2226
dialogue	2226		GM-ALL-dialogue-2226--1	B1EEBB327F263F494E463BD41428DC7AE4BFE46884342E6FEBCAA261A46E58AF	모추링의 친구 추가 QR 코드를 얻었다! 그래플링 하우스 멤버 연락처 전부 해금!	REVIEWED		2227
dialogue	2227		GM-ALL-dialogue-2227--1	42AC5E69165E400C547B25FEDD7F50C47FAB662622BE3B5745EBE76AE699B4BC	참고로 프로필 사진은 『책 속의 마법사』에 나오는 어느 분홍 머리 캐릭터였다.	REVIEWED		2228
dialogue	2228		GM-ALL-dialogue-2228--1	E3B0C44298FC1C149AFBF4C8996FB92427AE41E4649B934CA495991B7852B855		EMPTY_CONTROL		2230
dialogue	2230		GM-ALL-dialogue-2230--1	A7F878B8CED1A7957C560D573E30DDBBC1696E38C370513AACBBF4BFF12E7F43	……	REVIEWED		2231
dialogue	2231		GM-ALL-dialogue-2231--1	0B432A83EC9C3F811F1AE7446395B670C18471EB111F1BF9201B738B4E6236F3	날씨가 추워지면 제일 무서운 건 샤워가 아니라 샤워를 마치고 나오는 순간이다.	REVIEWED		2232
dialogue	2232		GM-ALL-dialogue-2232--1	7478286815001CC407A34456E5A19695D20DB4CEF644E01073D9BB264039DB21	추워 추워 추워.	REVIEWED	LM	2233
dialogue	2233		GM-ALL-dialogue-2233--1	7152DBD4E5C594D984ECF964AE4E3811E1E594056EB3693C5410D222128ADA40	전기히터 하나 살까…… 그러면 예산이 부족해지는데.	REVIEWED		2234
dialogue	2234		GM-ALL-dialogue-2234--1	2288B1F80B6E191111E9BDBE1D211B5D496C213D2D2093EF3C6C6FB1772BF09E	어디 아르바이트할 데 없나.	REVIEWED		2235
dialogue	2235		GM-ALL-dialogue-2235--1	60B90436A68D149D5B94AC6B61D267CA8A89B94B49024F02931F746BCCA75029	어, 휴대폰에 메시지가 왔다.	REVIEWED		2236
dialogue	2236		GM-ALL-dialogue-2236--1	3767EC9D76A2785528A3186C02EC5F38446FE4545A7B7E6C39FE451FE9C21CC5	모추링이네. 벌써 메시지를 보낸 건가.	REVIEWED		2237
dialogue	2237		GM-ALL-dialogue-2237--1	9A5919B9736E9B83F66A686A21EDFABE3D92961FEB507D6FADB8AEADBE89BF32	내일 그래플링 하우스 연다는 얘기겠지——뭐라고 보냈는지 볼까.	REVIEWED		2238
dialogue	2238		GM-ALL-dialogue-2238--1	798B44E94ED55E7A0890E30610BD379F5DD85EFA22CB54F51B5FC419659C9184	야짤 두 장이었다.	REVIEWED		2239
dialogue	2239		GM-ALL-dialogue-2239--1	E3B0C44298FC1C149AFBF4C8996FB92427AE41E4649B934CA495991B7852B855		EMPTY_CONTROL		2240
dialogue	2240		GM-ALL-dialogue-2240--1	6AD2CFDBF69B6281F1898B753F8A9790964BE045D07B163B9CC48F2DC6013F85	뭐 하자는 거야!! 친구 추가하고 첫마디가 이런 내용이라고!?	REVIEWED		2241
dialogue	2241		GM-ALL-dialogue-2241--1	E3B0C44298FC1C149AFBF4C8996FB92427AE41E4649B934CA495991B7852B855		EMPTY_CONTROL		2242
dialogue	2242		GM-ALL-dialogue-2242--1	E3B0C44298FC1C149AFBF4C8996FB92427AE41E4649B934CA495991B7852B855		EMPTY_CONTROL		2243
dialogue	2243		GM-ALL-dialogue-2243--1	E3B0C44298FC1C149AFBF4C8996FB92427AE41E4649B934CA495991B7852B855		EMPTY_CONTROL		2244
dialogue	2244		GM-ALL-dialogue-2244--1	A7F878B8CED1A7957C560D573E30DDBBC1696E38C370513AACBBF4BFF12E7F43	……	REVIEWED	LM	2245
dialogue	2245		GM-ALL-dialogue-2245--1	E3B0C44298FC1C149AFBF4C8996FB92427AE41E4649B934CA495991B7852B855		EMPTY_CONTROL		2246
dialogue	2246		GM-ALL-dialogue-2246--1	E3B0C44298FC1C149AFBF4C8996FB92427AE41E4649B934CA495991B7852B855		EMPTY_CONTROL		2247
dialogue	2247		GM-ALL-dialogue-2247--1	3F5F69F8FB904C89E75EB3FFB7D946EC91B5400526C8818C242D20D7FD50B24E	정말 못 당하겠네.	REVIEWED		2248
dialogue	2248		GM-ALL-dialogue-2248--1	0C90D8C9443580E2D0C36773A72B9E5AC08AD51E6D3A43A2F83DB1E692CF4E20	어…… 나 지금 웃고 있었어? 언제부터?	REVIEWED		2249
dialogue	2249		GM-ALL-dialogue-2249--1	D4B56B583F4590D300CC8B765553E1A0DB75E123C0A33AC5615177D1BB3DEB6F	확실히 얘랑 대화하는 게 싫진 않다…… 앞으로는 밤도 그렇게 심심하지 않을 것 같다.	REVIEWED		2250
dialogue	2250		GM-ALL-dialogue-2250--1	F214101B646304DAC461F8B7894E47893CBF640E894EA0AD3863B8C0D81894C4	자기 전에 『타르코프 브레이크아웃』 입문 공략이나 좀 더 봐야겠다…… 내일 바이셴위와 파티할 생각을 하니 점점 더 기대된다.	REVIEWED		2251
dialogue	2251		GM-ALL-dialogue-2251--1	E3B0C44298FC1C149AFBF4C8996FB92427AE41E4649B934CA495991B7852B855		EMPTY_CONTROL		2253
dialogue	2253		GM-ALL-dialogue-2253--1	FA1D7EC8562C40A6AF1A64F0EE7BABA38A78C8F7048517452A9E8EC229FCD6BA	——고모부가 싫니…… 그래, 어쩔 수 없지…… 그래도 네 아빠는 내 은인이었어. 내가 꼭 도와야 해.	REVIEWED		2254
dialogue	2254		GM-ALL-dialogue-2254--1	969D209E680967BFE08C444663C7F10D57299A5363DE9F3AEFDD29247DC59C8B	——나도 너보다 훨씬 어린 아들이 하나 있는데, 엄마랑 같이 떠났어…… 그래서 너 같은 애를 어떻게 대해야 할지 정말 모르겠구나.	REVIEWED		2255
dialogue	2255		GM-ALL-dialogue-2255--1	D7F1E96BB735EC416BD40B13D8DEEFB706FE0B5191074D3E3EE4CEB2E9E062CA	————	REVIEWED		2256
dialogue	2256		GM-ALL-dialogue-2256--1	3C7C4D8CE7A9DCBA89A4B1BADB22DA0D674252C706535ECFAE940CC3B911E82F	——내일 우리 집에 새 식구가 올 거야. 아주머니 한 분이랑 그 딸이야.	REVIEWED		2257
dialogue	2257		GM-ALL-dialogue-2257--1	4AAD29E4F38951E2CB10B2BD044D3B1637A301D237EF7D7EBFFE22F137CE7EFC	——너보다 한 살 어리니까 네가 오빠야. 사이좋게 지내야 한다.	REVIEWED		2258
dialogue	2258		GM-ALL-dialogue-2258--1	E375573347048FF3DC0059AF95267AA458CFCAC34AC0A5F0B9645336D1C73223	——이름은——	REVIEWED		2259
dialogue	2259		GM-ALL-dialogue-2259--1	6F6AAAC5E2D9756BC3943DBF79138F8F17E4F14AF34E8E01F0E7347A2C2A519B	샤오예.	REVIEWED		2260
dialogue	2260		GM-ALL-dialogue-2260--1	E3B0C44298FC1C149AFBF4C8996FB92427AE41E4649B934CA495991B7852B855		EMPTY_CONTROL		2261
dialogue	2261		GM-ALL-dialogue-2261--1	E3B0C44298FC1C149AFBF4C8996FB92427AE41E4649B934CA495991B7852B855		EMPTY_CONTROL		2262
dialogue	2262		GM-ALL-dialogue-2262--1	CE5A404C3932714BDB930DEDF980163CF351424E8CDC8E49EB03AE9259DB4934	어젯밤에도 어릴 적 일을 꿈꾼 것 같다.	REVIEWED		2263
dialogue	2263		GM-ALL-dialogue-2263--1	AAD321B5131174C410D2CC7AC7D2304888ACD3F025EF8AD077E96E026A0027BD	요즘 왜 이러지. 과거에 빠져서 헤어나오질 못하는 건가?	REVIEWED		2264
dialogue	2264		GM-ALL-dialogue-2264--1	8D36D1EE6EF9B9307B7E6C9603B815A071D5610D5A2348CEFA991DEFCF20C399	그만 생각하자. 정신 차리자. 오늘은 드디어 바이셴위랑 게임하는 날이니까 기대하면서 수업이나 잘 듣자.	REVIEWED		2265
dialogue	2265		GM-ALL-dialogue-2265--1	BEB78AE6E72733320AD42E2E329386D6846B69226D09C3AA161641ED4DF2335D	씻고 준비를 끝낸 뒤 가방을 들었다. 나가기 전에 책상 선반 쪽을 향해 아주 작게 허리를 숙였다.	REVIEWED		2266
dialogue	2266		GM-ALL-dialogue-2266--1	E3B0C44298FC1C149AFBF4C8996FB92427AE41E4649B934CA495991B7852B855		EMPTY_CONTROL		2267
dialogue	2267		GM-ALL-dialogue-2267--1	AB5DF625BC76DBD4E163BED2DD888DF828F90159BB93556525C31821B6541D46	……	REVIEWED		2268
dialogue	2268		GM-ALL-dialogue-2268--1	F5AA5C8616F153605950007AA627F0CFA7B118DA3E95348D84E1830655019782	늘 똑같은 아침. 가끔 한샤오청과 대화를 나눴지만, 그 외에는 마음이 이미 그래플링 하우스로 날아가 있었다.	REVIEWED		2269
dialogue	2269		GM-ALL-dialogue-2269--1	1E593C8D76286C15626B8FEC61B318588BF602C22BB457408DC9D050463314E7	그리고 마침내——약속한 시간이 됐다.	REVIEWED		2270
dialogue	2270		GM-ALL-dialogue-2270--1	E3B0C44298FC1C149AFBF4C8996FB92427AE41E4649B934CA495991B7852B855		EMPTY_CONTROL		2272
dialogue	2272		GM-ALL-dialogue-2272--1	AB5DF625BC76DBD4E163BED2DD888DF828F90159BB93556525C31821B6541D46	……	REVIEWED		2273
dialogue	2273		GM-ALL-dialogue-2273--1	E3B0C44298FC1C149AFBF4C8996FB92427AE41E4649B934CA495991B7852B855		EMPTY_CONTROL		2274
dialogue	2274		GM-ALL-dialogue-2274--1	E3B0C44298FC1C149AFBF4C8996FB92427AE41E4649B934CA495991B7852B855		EMPTY_CONTROL		2275
dialogue	2275		GM-ALL-dialogue-2275--1	E3B0C44298FC1C149AFBF4C8996FB92427AE41E4649B934CA495991B7852B855		EMPTY_CONTROL		2276
dialogue	2276		GM-ALL-dialogue-2276--1	A7F878B8CED1A7957C560D573E30DDBBC1696E38C370513AACBBF4BFF12E7F43	……	REVIEWED	LM	2277
dialogue	2277		GM-ALL-dialogue-2277--1	D64BA3B744636D061BB2496BB7486302CD70FBFDF3B7A00F9FCA600A058E8746	이 애 진짜 이모티콘 좋아하네.	REVIEWED		2278
dialogue	2278		GM-ALL-dialogue-2278--1	52E5C13F4859D9B16B0C934AF5552F9FAA3891B63E7D835E5B545487001B3EA7	이걸 한번 보내 볼까……	REVIEWED		2279
dialogue	2279		GM-ALL-dialogue-2279--1	E3B0C44298FC1C149AFBF4C8996FB92427AE41E4649B934CA495991B7852B855		EMPTY_CONTROL		2280
dialogue	2280		GM-ALL-dialogue-2280--1	E3B0C44298FC1C149AFBF4C8996FB92427AE41E4649B934CA495991B7852B855		EMPTY_CONTROL		2281
dialogue	2281		GM-ALL-dialogue-2281--1	F77979E23ED87DE359E4AB761A34BF7338A009B3758FC72B5BDEDD6662C65A28	드립을 받아줬어!!	REVIEWED		2282
dialogue	2282		GM-ALL-dialogue-2282--1	895361FFBF88D5A8C40D47F8DD3D03DF2042CA9360D08738BCBB4FAA39495404	……	REVIEWED	LM	2283
dialogue	2283		GM-ALL-dialogue-2283--1	4B4433FC5A1FC3945FD29B3FB9A3AC122940228381AC2F07A7AA0209DC8C0DCE	모추링이랑 똑같다. 휴대폰으로 채팅하면 현실에서보다 관계가 조금 더 가까워진 것 같은 느낌이 든다.	REVIEWED		2284
dialogue	2284		GM-ALL-dialogue-2284--1	81F13EF502347CBDA31F005D3B6A8221F48EE9995EA2B7F74F798CCC34064AC8	인터넷에서만 편하게 칠 수 있는 드립을 이것저것 주고받을 수 있어서겠지?	REVIEWED		2285
dialogue	2285		GM-ALL-dialogue-2285--1	E3B0C44298FC1C149AFBF4C8996FB92427AE41E4649B934CA495991B7852B855		EMPTY_CONTROL		2287
dialogue	2287		GM-ALL-dialogue-2287--1	8ADCE304E853F6B02C46DD01F4F5F0C692EFEE962642468DEDAC31ACA80CAED0	그래플링 하우스에 도착했다.	REVIEWED		2288
dialogue	2288		GM-ALL-dialogue-2288--1	5AEE42E109D4A58C6DB606F135EF6CE0BA876409E07872292B9E097E698AF85D	어서 오세요! 어, 리밍 씨 왔네요.	REVIEWED	MCL	2289
dialogue	2289		GM-ALL-dialogue-2289--1	C2AD08D4C3D15CA882B6ADB7389A9130A582A30C6EC021F86BE0D136EA559460	안녕.	REVIEWED	HXC	2290
dialogue	2290		GM-ALL-dialogue-2290--1	298DB2DF2414FDE45C46CAAF9DB02D3DB04A98AB900481EFDC84EB4A5723F949	마침 둘 다 그래플링 하우스에 올 예정이라 한샤오청과 같이 택시를 타고 왔다.	REVIEWED		2291
dialogue	2291		GM-ALL-dialogue-2291--1	94DB810C22C41F03F3E52B09486ABE72C97035271980FAEED51A8D06FF55EACB	가게에 들어오자마자 한샤오청은 곧장 화집이 있는 진열대로 향했다.	REVIEWED		2292
dialogue	2292		GM-ALL-dialogue-2292--1	B49D199A879F3EF310BDA0C1B9E98D1985B280B22D1109A16B76D8C5B25B33F2	오늘 오후엔 바이셴위랑 같이 게임하기로 했죠?	REVIEWED	MCL	2293
dialogue	2293		GM-ALL-dialogue-2293--1	75D5DD88ED75D54D51384080B2CD45FCD653397C17E52E69AFC2079C6D052E13	오, 벌써 들었어요?	REVIEWED	LM	2294
dialogue	2294		GM-ALL-dialogue-2294--1	0FEB809DACB437C5730EECF00A54C827F3A3FB58A3A45C70222AF65AD3B20E63	응! 창고에 데스크톱 두 대가 있어서 게임 코너에 꺼내 놨어요.	REVIEWED	MCL	2295
dialogue	2295		GM-ALL-dialogue-2295--1	008F9611473A2E539BA971F56483A788221F7900D14DC804BEAB520772C0F62B	여긴 대체 없는 게 뭐예요.	REVIEWED	LM	2296
dialogue	2296		GM-ALL-dialogue-2296--1	C0295ACA9BCB76DE3D7A05F827C576B9C7436A0DA2575CC7987E5204A426680B	한샤오청 액정 타블렛까지 있더니, 당신 혹시 추라에몽이에요?	REVIEWED		2297
dialogue	2297		GM-ALL-dialogue-2297--1	0AEF897972FF6A60D4B91F17DB958560266E7AF37A7213F43EBECA862BC5B059	막 바이셴위를 찾으러 발을 내딛으려는데 뒤에서 모추링의 목소리가 들려왔다.	REVIEWED		2298
dialogue	2298		GM-ALL-dialogue-2298--1	0DDDEF7FCA4FBA2E0ED6489892BFDB4499F618843A90A08D582391385E304610	아, 맞다. 그 컴퓨터 두 대는 조금…… 주의할 점이 있어요.	REVIEWED	MCL	2299
dialogue	2299		GM-ALL-dialogue-2299--1	99238CD060D05919EC9838CCF2941E346167C6EF02A9B2EF9D953F91B044AE2B	뭔데요?	REVIEWED	LM	2300
dialogue	2300		GM-ALL-dialogue-2300--1	E4EC7A2E334CBE1AAD041D7B18F04C0408A99F292AB93E87898B4DE2B5E00158	절대로 여기서 D드라이브는 열지 마요!? 특히 D드라이브에 있는 500GB짜리 폴더!	REVIEWED	MCL	2301
dialogue	2301		GM-ALL-dialogue-2301--1	46F55CE1E080405499B537CA7A995AAA76C946CFA605CCAB38BFB03CAC9723C2	안에 분명 온갖 미연시가 들어 있죠! 맞죠!?	REVIEWED	LM	2302
dialogue	2302		GM-ALL-dialogue-2302--1	5BCF052A9A9BD6936AD577C27123CAE02234D816C119F7E5F16FEB575C425CEF	열면 자폭 프로그램이 작동할지도 몰라요.	REVIEWED	MCL	2303
dialogue	2303		GM-ALL-dialogue-2303--1	583D2C2D572D05F8E935582C88C5025BB396FB5466445223D779F3C9F20D613B	그럴 거면 애초에 빌려주지 말라고요!?	REVIEWED	LM	2304
dialogue	2304		GM-ALL-dialogue-2304--1	C85BA39C936C912621C7B40173610E708997AED5239E5FC8B15CD488A212728B	조금 어두운 게임 코너로 가자 바이셴위가 이미 TV 앞에서 장비를 세팅해 놓고 있었다.	REVIEWED		2305
dialogue	2305		GM-ALL-dialogue-2305--1	26406E5B9BF81D4F5CA46C87D672D58C5E3C77447931C817231528A21321C3C3	이번에는 모추링이 친절하게 작은 테이블도 두 개 놔 둬서 키보드와 마우스를 쓰기 편해 보였다.	REVIEWED		2306
dialogue	2306		GM-ALL-dialogue-2306--1	23996FCB5617BAD60A2522EE798B64D887D7094DB4E6643C2069FADB7E752CCD	다음부터 한샤오청이 게임 코너에서 그림 그릴 때는 이 테이블을 쓰게 하면 되겠다.	REVIEWED		2307
dialogue	2307		GM-ALL-dialogue-2307--1	3148A2BB331F68307662EE458883900686CE53BB5754980119DD666F4DECC598	바이셴위, 나 왔어.	REVIEWED	LM	2308
dialogue	2308		GM-ALL-dialogue-2308--1	1692120F1424B714E695EF5B5736018A350C524E4EE54A2B2BC4AEC2F3C7FAFC	선배, 안녕하세요.	REVIEWED	BXY	2309
dialogue	2309		GM-ALL-dialogue-2309--1	7D4C8F1DED011C3706F6B36F8484EDA690E4045DE567061B6843C5323162F894	나는 바이셴위 오른쪽에 앉았다. 이제 바이셴위는 일부러 나와 멀찍이 떨어져 앉지 않는다.	REVIEWED		2310
dialogue	2310		GM-ALL-dialogue-2310--1	393BCF1B0BB5DFE1CADA165706454179602B077413D2DEF8CCEB3C46A407CE2A	어젯밤 내내 입문 공략을 봤는데…… 엄청 복잡해 보이더라. 시스템도 되게 번거로운 것 같고……	REVIEWED	LM	2311
dialogue	2311		GM-ALL-dialogue-2311--1	661083352C70339339A193969927FB9323CCE35255534557CDD59A1FD55FEF22	괜찮아요. 직접 해 보면 금방 이해돼요.	REVIEWED	BXY	2312
dialogue	2312		GM-ALL-dialogue-2312--1	F5A6882BF62BE8F11E95F881EEC1508FD9857579331349AD2F3AE2EBAFF4D32C	쓸데없이 말을 늘이지 않고 컴퓨터를 켠 뒤 바로 게임에 들어갔다.	REVIEWED		2313
dialogue	2313		GM-ALL-dialogue-2313--1	468E4EB53F0AE63B11108057A33B6F8D625A3337E5EE759F38A983567BFE6677	새 계정이면 첫 판은 봇밖에 없으니까, 아마…… 선배랑 같이 탈출할 수 있을 거예요.	REVIEWED	BXY	2314
dialogue	2314		GM-ALL-dialogue-2314--1	0F53C62E3167C5109167C41EDA009ABA3F47ED07F4E16B970AEB8001D9A2A333	아마……?	REVIEWED	LM	2315
dialogue	2315		GM-ALL-dialogue-2315--1	C9012B52575632FCCFFF50257B57DB50C2A51F6F9BABE38054DABA91B7D5E097	내가 뉴비긴 하니까 봇한테도 질 수 있긴 하지. 그러면 내가 봇보다 못한 건가.	REVIEWED		2316
dialogue	2316		GM-ALL-dialogue-2316--1	FA871F7049A0DEEB4ECB9778DDDB259FE1F405FCDB4D1D0051A0B92176D339EB	저는 첫 판에 탈출 못 했거든요.	REVIEWED	BXY	2317
dialogue	2317		GM-ALL-dialogue-2317--1	D1F7D3E4F25EBBD12089113BFC68C8AF042E233621A1676D4C334E8E1BEF2D18	자기 얘기였구나.	REVIEWED		2318
dialogue	2318		GM-ALL-dialogue-2318--1	D47DC638A756D477FD755B3018EED07F600BC1BB1B4249AA06E860FBCEC84EF8	바이셴위와 함께 헬기에서 지상으로 내려왔다. 화면을 보니 폐허가 된 도시 건물들 사이인 듯하다.	REVIEWED		2319
dialogue	2319		GM-ALL-dialogue-2319--1	1D52083D0693759B6EDCDAE4E24DC788D1160883578192515273B9B0CEB96F5B	그럼…… 이제 뭘 하면 돼?	REVIEWED	LM	2320
dialogue	2320		GM-ALL-dialogue-2320--1	A7F878B8CED1A7957C560D573E30DDBBC1696E38C370513AACBBF4BFF12E7F43	……	REVIEWED	BXY	2321
dialogue	2321		GM-ALL-dialogue-2321--1	878E7EBA5542D13CECF99416D4F849CA721E461169DCAB7E5ED6A4E26DBB2659	그런데 소녀는 고개를 들고 멍하니 나를 바라볼 뿐 바로 대답하지 않았다.	REVIEWED		2322
dialogue	2322		GM-ALL-dialogue-2322--1	AAF21237024B86A56B0F99F2B785A531D93BA61B4B8CEC879D6B6B1790E6DD15	바이셴위?	REVIEWED	LM	2323
dialogue	2323		GM-ALL-dialogue-2323--1	9DC440719DCBA4967A166BA85D4B435DFEEBED049386827EE0DCEFF4DA5EE474	아, 죄송해요. 으음…… 지도에 보물이 표시된 곳으로 가서 물건을 챙긴 다음 탈출 지점으로 가면 돼요.	REVIEWED	BXY	2324
dialogue	2324		GM-ALL-dialogue-2324--1	980351FBEB6B3D31A82C0C87000387988A6C265832520028C4A16DD4B38108C5	그런 방식이구나…… 알겠어. 그럼 가 보자.	REVIEWED	LM	2325
dialogue	2325		GM-ALL-dialogue-2325--1	B60DAD5F63D984B45DD00A1ACB09863BCB1DD89C120E3F819585572674AA079A	맵도 시스템도 잘 모르니 괜히 돌아다니지 말고 얌전히 바이셴위 뒤를 따라가는 편이 낫겠다.	REVIEWED		2326
dialogue	2326		GM-ALL-dialogue-2326--1	A7F878B8CED1A7957C560D573E30DDBBC1696E38C370513AACBBF4BFF12E7F43	……	REVIEWED	BXY	2327
dialogue	2327		GM-ALL-dialogue-2327--1	941CB358B8C9EF4BBBE3565DEAEA2D2477772F1114DAAECC2E4A7F1BCDC6F0E8	바이셴위는 이따금 내 쪽을 슬쩍 훔쳐봤다.	REVIEWED		2328
dialogue	2328		GM-ALL-dialogue-2328--1	AC8FCEE00A4737B83CA015616E9AF0F84ADA1B6929FF9DD25B6DF1F7FCC736E4	왜 그러지……?	REVIEWED		2329
dialogue	2329		GM-ALL-dialogue-2329--1	C0347EF2A25FB7068893292B2336BE42892CE60578AABBFA3C5F6C1EB4734B5E	게임에서 갑자기 연달아 울린 총성이 내 정신을 화면으로 끌어당겼다.	REVIEWED		2330
dialogue	2330		GM-ALL-dialogue-2330--1	DD0B981D0A62E3F73D85EA3405BB6C3C37109C2E7D99A07F3A6C764F164BF53A	어!? 어디야…… 봇이야, 사람이야……!	REVIEWED	LM	2331
dialogue	2331		GM-ALL-dialogue-2331--1	BACB8D8036A0FB9BEE7E18E30D854D384556DAC8ECA6EAAE58D13AD70D3E1ED2	화면이 심하게 흔들려 방향도 제대로 파악하기 어려웠고, 눈 깜짝할 사이에 캐릭터가 바닥에 쓰러졌다.	REVIEWED		2332
dialogue	2332		GM-ALL-dialogue-2332--1	A7F878B8CED1A7957C560D573E30DDBBC1696E38C370513AACBBF4BFF12E7F43	……	REVIEWED	LM	2333
dialogue	2333		GM-ALL-dialogue-2333--1	A7CA76696254ED8A6A0F372FBBE57EE9F9D5E75A7DE63F08C76DA6A9B231B00B	내가 진짜 봇이었네.	REVIEWED		2334
dialogue	2334		GM-ALL-dialogue-2334--1	34959DCA9EFB67444EF643AD2CD53ED15DE613EE9EC2F1D29E327C3B2543A016	선배……! 제가 구하러 갈게요——	REVIEWED	BXY	2335
dialogue	2335		GM-ALL-dialogue-2335--1	CCC16EB351DF6C6A24AAB1572C97AA0866FFFD7BFAA28F45476AC4A5A4E87682	바이셴위는 잡몹 몇 명을 정리하고 내 쪽으로 달려왔다.	REVIEWED		2336
dialogue	2336		GM-ALL-dialogue-2336--1	6DFCA3B8DED0DB50BAE317D1392BE883634DA9CCB6C56474B05372B374E76FF4	그제야 멀지 않은 곳에서 또 다른 잡몹이 총을 들고 있는 게 보였다——	REVIEWED		2337
dialogue	2337		GM-ALL-dialogue-2337--1	448AF677CF874DBABF880144E0061557FE5CC14C516E67B8E3B67EA2483EA850	바이셴위, 서쪽에 또——	REVIEWED	LM	2338
dialogue	2338		GM-ALL-dialogue-2338--1	49800A07CC2FC1A8D7C37802B667B6EBA87C405BDE77EEB9ED9C9EB626CC3F4E	으아……	REVIEWED	BXY	2339
dialogue	2339		GM-ALL-dialogue-2339--1	13AA6AB027C70AE69CDFB343C48E1C2D34B92F6D550C932FFE15264961AAB13C	그대로 쓰러졌다.	REVIEWED		2340
dialogue	2340		GM-ALL-dialogue-2340--1	A7F878B8CED1A7957C560D573E30DDBBC1696E38C370513AACBBF4BFF12E7F43	……	REVIEWED	LM	2341
dialogue	2341		GM-ALL-dialogue-2341--1	8A695E0B29CCB5CF2118FBD4A279D52ACCF0355A18BB82F465A40EA8751A9837	죄, 죄송해요……! 제대로 못 봤어요. 다음에는 조심할게요……	REVIEWED	BXY	2342
dialogue	2342		GM-ALL-dialogue-2342--1	A7F878B8CED1A7957C560D573E30DDBBC1696E38C370513AACBBF4BFF12E7F43	……	REVIEWED	LM	2343
dialogue	2343		GM-ALL-dialogue-2343--1	4721D46E4573EC618A4BDC8DDDF4354E9A894470853E00DDA49E3B25BD0F4350	……선배……?	REVIEWED	BXY	2344
dialogue	2344		GM-ALL-dialogue-2344--1	92A7559CC8DC0538961AE3CD9CE2B9B01771B92B83FEF45C64EAFC557044813C	하하하하! 우리 둘 다 시작 지점에서 봇한테 바로 죽었잖아!	REVIEWED	LM	2345
dialogue	2345		GM-ALL-dialogue-2345--1	6618620C58F39A119963E7F866D1C3AD5159C82D1B407E6D0522859A81FE3150	다시 생각해 보니 정말 우스운 장면이었다.	REVIEWED		2346
dialogue	2346		GM-ALL-dialogue-2346--1	1132C1841ACA805303B73ED69F7DB13BB030D6C572FD0E40F4F820E56D957DD4	녹화라도 돼 있었으면 좋았을 텐데. 꽤 재밌는 경험이었다.	REVIEWED		2347
dialogue	2347		GM-ALL-dialogue-2347--1	64C57CB9B79732292B19785E6F6777FBA288BD13CB0F0A031DC62A89BD6431FC	……선배, 화 안 나요?	REVIEWED	BXY	2348
dialogue	2348		GM-ALL-dialogue-2348--1	200AA95DE2A2E6AF5A00AD7FA1781FAFB06B39245A2577DCBE459B75C6CABE96	여기서는 내가 화난 표정을 지어야 하는 거야?	REVIEWED	LM	2349
dialogue	2349		GM-ALL-dialogue-2349--1	A7F878B8CED1A7957C560D573E30DDBBC1696E38C370513AACBBF4BFF12E7F43	……	REVIEWED	BXY	2350
dialogue	2350		GM-ALL-dialogue-2350--1	0E6BBF0E24DF961B169F2983A439FA56764E6AEBD48C04F23440FFA0A5285EFD	바이셴위는 어딘가 납득하지 못한 듯한 표정을 지었다.	REVIEWED		2351
dialogue	2351		GM-ALL-dialogue-2351--1	282C6FA5F72C1D0ACCEFAB2351A48346FF209297273851D14BB5FE740002E7A3	한 판 더?	REVIEWED	LM	2352
dialogue	2352		GM-ALL-dialogue-2352--1	6406E528D8737F5DB7E715C2FC0E368D700DC9DD4FE8E2D4CE51879AE8DB3AE1	……응. 이번에는 이렇게 허무하게 안 죽을 거예요.	REVIEWED	BXY	2353
dialogue	2353		GM-ALL-dialogue-2353--1	834D1ED97BD0830C6FD5AFB7BE7A8FA1E3BD660F607DB7F4249CE4E0973FA07F	다시 한번 바이셴위와 헬기에서 내려왔다. 이번에는 건물이 드문 야외 지역이었다.	REVIEWED		2354
dialogue	2354		GM-ALL-dialogue-2354--1	A7E209768A7546D01DE057AF64BF4CCF8CCB446FA616D14D971D88411F929A41	야외면 웬만해선 다른 플레이어 별로 없겠지?	REVIEWED	LM	2355
dialogue	2355		GM-ALL-dialogue-2355--1	6FC08DECA62C1FDF8A8D6BC8076857C279E08EA1E01872D07871FE061E919C69	……배틀로얄이랑은 좀 달라요. 이런 게임은 스폰 위치에 규칙이 있어서 맞은편 쪽으로 가면 다른 사람을 만날 수도 있어요.	REVIEWED	BXY	2356
dialogue	2356		GM-ALL-dialogue-2356--1	C37C413CB8F4D38B94DB3B89A7FE1676E5272C02C53AC100D9E5C659FF66600B	이번엔 진짜 플레이어도 있는데, 어떻게 하는 게 좋을까?	REVIEWED	LM	2357
dialogue	2357		GM-ALL-dialogue-2357--1	A7F878B8CED1A7957C560D573E30DDBBC1696E38C370513AACBBF4BFF12E7F43	……	REVIEWED	BXY	2358
dialogue	2358		GM-ALL-dialogue-2358--1	0306C643D8A1AF794986019F1ED2E3DF53019A7F92944AF47C3CEFEDE7B9B774	그럼…… 가장 가까운 임무 지점에 가서 임무 하나만 하고 바로 나가요.	REVIEWED	BXY	2359
dialogue	2359		GM-ALL-dialogue-2359--1	E88FBBEB59167606FDEB6C2A67408BE296D5E25BA3A8247C4C957A5F9027FCA2	아주 안전한 계획처럼 들린다——다른 플레이어만 안 만나면.	REVIEWED		2360
dialogue	2360		GM-ALL-dialogue-2360--1	E499E35B0CD9D70AE152E9C19468DC8999035D80BC0D10400AFDFA9B555F9AD8	바이셴위를 따라 건물 안에 폭탄을 설치해 금고를 터뜨리고 파밍하려는 순간, 바이셴위가 작게 탄성을 질렀다.	REVIEWED		2361
dialogue	2361		GM-ALL-dialogue-2361--1	273131D0DC41CA976E99526787C4FCA4CF464E2546DAB2829C4614269E54D96D	왜 여기에 ‘남극의 고릴라’가 있지.	REVIEWED	BXY	2362
dialogue	2362		GM-ALL-dialogue-2362--1	3D812FAF0086EB021EA17BE98AD37A289947B276E59C63F7532AF57FCA75ABF5	남극에 왜 고릴라가 있는데!?	REVIEWED	LM	2363
dialogue	2363		GM-ALL-dialogue-2363--1	DED0B94C7AF307DAD9FAC6A139C6265C3BD22CF790766A8DAEBE4C85132821F9	패딩을 입은 고릴라 인형을 얻었다.	REVIEWED		2364
dialogue	2364		GM-ALL-dialogue-2364--1	F0109201E068EBB647B222E1995879DBAAFFE87824760A693DAAF2DC1979EDC0	이건…… 이 게임 전체에서 가장 비싼 보물이에요……	REVIEWED	BXY	2365
dialogue	2365		GM-ALL-dialogue-2365--1	CC05D340ABDE93629B50B81E9BCE106D9E32E5BE31879390F539C1B0DF594CCE	우와, 우리 운 진짜 좋은데!	REVIEWED	LM	2366
dialogue	2366		GM-ALL-dialogue-2366--1	8234FFDA3D9C6B4270A5494FA878433DFA93B0A4647403D845B2B34E40E32CBB	그런데 가방 안에 이렇게 비싼 물건이 있다는 생각이 들자 갑자기 건물 밖으로 나가기가 무서워졌다. 마치 족쇄라도 찬 기분이다.	REVIEWED		2367
dialogue	2367		GM-ALL-dialogue-2367--1	57E8B7CDB41070FAC1E0C1E139655FA4CFBA7A56AD22F5CEA124181C0B8115EA	서, 선배…… 발소리 들려요……	REVIEWED	BXY	2368
dialogue	2368		GM-ALL-dialogue-2368--1	D9FBBD5D992F8B04E2EC645DAF52A77952C54F1E3F4808507C9F9F4D8B52577A	……방금 운 좋다는 말 취소할게.	REVIEWED	LM	2369
dialogue	2369		GM-ALL-dialogue-2369--1	ADFCCF58BB255BA36600E0DAF4803E83410405E0FA04090F565B8C2E8A06390D	아직 게임 방식에 완전히 익숙하진 않지만 총싸움의 기본은 똑같으니까…… 아마 괜찮겠지!	REVIEWED		2370
dialogue	2370		GM-ALL-dialogue-2370--1	D6FA0C28A232850EC2E5D8F177F3C440E8CE07C51D6921F45A853BFEC765AC15	첫 번째 플레이어의 머리가 계단 위로 빼꼼 나타났다!	REVIEWED		2371
dialogue	2371		GM-ALL-dialogue-2371--1	EE72ACA464C312E0D22473B6E2E45F8FC3250D405F19EC686A0B8CAF4BE9D047	나는 바로 목표를 향해 총알을 퍼부었고, 탄창을 다 비운 끝에 상대를 눕히는 데 성공했다.	REVIEWED		2372
dialogue	2372		GM-ALL-dialogue-2372--1	02B3B23AF5B85C2E63ED9485B32CE2C6E91397AB2E4EBF09883BAFBF9D54EFB5	곧이어 두 번째 플레이어가 기둥 뒤에서 고개를 내밀고 우리를 조준했다.	REVIEWED		2373
dialogue	2373		GM-ALL-dialogue-2373--1	D6808B1E423B843BB4BE54C3A80F0984596B1020AC13CC6788CACA7CAD690954	엄폐물을 옮긴 뒤 상대 쪽으로 수류탄을 던져 기둥 뒤에서 나오게 만들었다.	REVIEWED		2374
dialogue	2374		GM-ALL-dialogue-2374--1	B780BFC3D0F7B55FE6F740ED181FB3B91B1EFA7F4BF4635BC002BC0141D50A26	미리 에임을 대고 있을 순 없지만 지금밖에 없어!	REVIEWED		2375
dialogue	2375		GM-ALL-dialogue-2375--1	BC76DB2E065580D5084AE382DAA14A83CED8EBCA76EDEA506F7BC008ADC7BB9E	몸을 내밀고 정면으로 맞총질! 체력 20퍼센트 차이로 간신히 승리!	REVIEWED		2376
dialogue	2376		GM-ALL-dialogue-2376--1	FE4DE3A9CA38BC2B54373232EF7F88B4F21BE9C629455866EB5AAA7910B6F7F6	평균 정도 상대라면 나도 충분히 싸울 수 있나 본데——	REVIEWED		2377
dialogue	2377		GM-ALL-dialogue-2377--1	4E44CD80BFAE3E0B9D068224224DDA9E900EB5696E04585AF6401B67DC219250	선배, 이 게임…… 3인 스쿼드예요……	REVIEWED	BXY	2378
dialogue	2378		GM-ALL-dialogue-2378--1	626BA48F2E38A2CC019590D7925BF444771A426356237AB425BEB0F36F8D2852	아.	REVIEWED	LM	2379
dialogue	2379		GM-ALL-dialogue-2379--1	453D4B2B47C624CBE45CE3F372FB07D7EB0910AF3AF1A3C914E5843EE801D963	세 번째 플레이어가 나타나자 나는 너무나 가볍게 정리당했다.	REVIEWED		2380
dialogue	2380		GM-ALL-dialogue-2380--1	A7F878B8CED1A7957C560D573E30DDBBC1696E38C370513AACBBF4BFF12E7F43	……	REVIEWED	LM	2381
dialogue	2381		GM-ALL-dialogue-2381--1	C9370A83FDBAFE0BA60A7B9FED0F2D75B24C032D54F6E2A64374200F90305C30	나머지는 맡길게!	REVIEWED	LM	2382
dialogue	2382		GM-ALL-dialogue-2382--1	4D599DFECA559F0E9C776C986FD944102766AF139A088D8B9B0AC36204074B9C	아, 알겠어요.	REVIEWED	BXY	2383
dialogue	2383		GM-ALL-dialogue-2383--1	E578FF91290CCB830224B0F0C1B495B751AA901CF024E7D5011BA7038C68E6DD	바이셴위는 결사대라도 된 듯한 얼굴로 뛰쳐나갔다.	REVIEWED		2384
dialogue	2384		GM-ALL-dialogue-2384--1	B60A4B3E5C8CAC5430FEDA9B49976904F3CAB5218D6BD3109DF3237AE86370B2	상대는 가스를 뿜는 무슨 장치를 쓴 건지 순간적으로 옆으로 움직여 바이셴위의 조준선에서 벗어났다.	REVIEWED		2385
dialogue	2385		GM-ALL-dialogue-2385--1	547E5C18CAF6B33D83C758A8067E5FC57FD311650052FFBFE821017543BB9D21	아…… 아아……!	REVIEWED	BXY	2386
dialogue	2386		GM-ALL-dialogue-2386--1	BBC497D4330D7BAC0D470222CEBA986AC7B2C2029780ADA8FA6605B52CC357F1	바이셴위는 바로 당황해 마우스를 제어하지 못한 채 좌우로 휘둘렀다.	REVIEWED		2387
dialogue	2387		GM-ALL-dialogue-2387--1	A10F3BF5BF75D29F4C9B6EE6379BAE3C2FBFD8DEC39745FB43AFACE3CD05A698	탄창 하나를 다 쐈는데 한 발도 안 맞았어!	REVIEWED		2388
dialogue	2388		GM-ALL-dialogue-2388--1	6A673EBBA21E8CF02A408B68C66CF688E0784374D620772C6F7338CA9AD55C77	아!…… 아……	REVIEWED	BXY	2389
dialogue	2389		GM-ALL-dialogue-2389--1	55E1A6A1060B0C2FC7EA2F3BCB0F1B0078226D733CADE80DEFC93ED1D0ECE2AF	바이셴위, 재기 불능!	REVIEWED		2390
dialogue	2390		GM-ALL-dialogue-2390--1	8A71C0463A8FDE26775A4520B2FCF7EF37FFFEF22998BAB0FEA8078826CDF9F0	탈출 실패!	REVIEWED		2391
dialogue	2391		GM-ALL-dialogue-2391--1	A7F878B8CED1A7957C560D573E30DDBBC1696E38C370513AACBBF4BFF12E7F43	……	REVIEWED	LM	2392
dialogue	2392		GM-ALL-dialogue-2392--1	D18834102E9A6A3E0F18BD910F1054F427A93D91AC42540A2BB2125E09CCA490	선배, 죄송해요…… 선배……	REVIEWED	BXY	2393
dialogue	2393		GM-ALL-dialogue-2393--1	CA4521CEDD0DC3C1F25AC85B5CB1D50BBF8E0C1B27C695EC9A9CAC260A8B93E9	아——아깝다. 진짜 조금만 더 하면 됐는데——한 판 더 할래?	REVIEWED	LM	2394
dialogue	2394		GM-ALL-dialogue-2394--1	D7FD1CD5CAFE69139AB38736D790E60619983C2CB5751C8DCFC9B9319B776C83	그런데 바이셴위의 얼굴은 조금 창백해져 있었다.	REVIEWED		2395
dialogue	2395		GM-ALL-dialogue-2395--1	86AEC803362D82AB2D566954B828D34ECF4149B49C540A2366BAAF630C4A2AB2	선배…… 저 때문에 귀찮지 않아요?	REVIEWED	BXY	2396
dialogue	2396		GM-ALL-dialogue-2396--1	4C54F1EBDC47266414F951F40BC1310F6F50D130A648EB5D7AF0C562A3C24C7C	응?	REVIEWED	LM	2397
dialogue	2397		GM-ALL-dialogue-2397--1	56885714CA6911D9C463BBFD71D4F3D6FA7286D8641809430A581305597C33BB	아까부터 진 걸 유난히 신경 쓰는 것 같다.	REVIEWED		2398
dialogue	2398		GM-ALL-dialogue-2398--1	2EEB081103C6F261C02C8D5FF31DB0889FA50CE1AEF68940928E57FE767EB58C	저거…… 제일 비싼 아이템인데요? 전부 저 때문에……	REVIEWED	BXY	2399
dialogue	2399		GM-ALL-dialogue-2399--1	8A095BDBE12C792EDED1EBC1802003ABD37123DDCBA9CE36373457CD175603F2	3대2였으니 이렇게 되는 게 이상한 것도 아니고, 그냥 게임 아이템이잖아…… 운이 계속 이렇게 좋으면 금방 또 먹을지도 모르지.	REVIEWED	LM	2400
dialogue	2400		GM-ALL-dialogue-2400--1	191E772CA891F6920DE7137E924EF2B1C2FFC67423A2C403893E1E5AADDC6EB4	그리고 바이셴위랑 이 게임 하니까 재밌어. 혼자 했으면 몇 번 해 보고 바로 껐을지도 몰라.	REVIEWED	LM	2401
dialogue	2401		GM-ALL-dialogue-2401--1	C7D27B5408B688C84ACCD688AD743C82BB2EE53A64D14432B14A02768DC469D0	그날 밤처럼 아무 생각 없이 게임 하나 켰다가 초반만 하고 또 다른 걸 켰던 것처럼.	REVIEWED		2402
dialogue	2402		GM-ALL-dialogue-2402--1	76D4BEA538A0113C97AF378894BBA95C1D6AA1F9E8E38EEBE14EB0C8309B1271	하지만 지금은 같이 하는 사람이 있으니 계속 신이 난다.	REVIEWED		2403
dialogue	2403		GM-ALL-dialogue-2403--1	9BCAE0CB79F6F768A59D08928AA1A8F8E8766E67D6971DB2BFF25E60DE3E2CBC	재밌……어요?	REVIEWED	BXY	2404
dialogue	2404		GM-ALL-dialogue-2404--1	B7AB8AFE5E7E96EF43B124B3585DFA30A0C9363318F9B964B7358AA0EB89B7D7	한 판 더 할래?	REVIEWED	LM	2405
dialogue	2405		GM-ALL-dialogue-2405--1	5EBF52E6A2C3DCE0D08F795F6C25AD7C645D8C571F30097F262DD19A813EAC35	……응!	REVIEWED	BXY	2406
dialogue	2406		GM-ALL-dialogue-2406--1	863DC144458DEEF13B8AE4D00673E971051D9C7A1CD9958D59BC814581D89F88	소녀의 입가에도 조금씩 미소가 떠올랐다.	REVIEWED		2407
dialogue	2407		GM-ALL-dialogue-2407--1	E3B0C44298FC1C149AFBF4C8996FB92427AE41E4649B934CA495991B7852B855		EMPTY_CONTROL		2409
dialogue	2409		GM-ALL-dialogue-2409--1	22460E1F680850882D97A90D4AF8FDB8EC876FDFFA9B1C5F426B2EC8FDE69458	바이셴위! 연막 깔았어. 뒤로 돌아가서 잡을 수 있어!	REVIEWED	LM	2410
dialogue	2410		GM-ALL-dialogue-2410--1	4AFE605F1C9135C3A0F1368197718B849C67E4FDCEBD4C775D07997E026C24AE	네, 네!	REVIEWED	BXY	2411
dialogue	2411		GM-ALL-dialogue-2411--1	7158D6142A7937A9BD3E112C40EFE5F5A29D0485A960967CDC48496F19FB76C8	……아, 드디어…… 한 명 잡았어요……!	REVIEWED	BXY	2412
dialogue	2412		GM-ALL-dialogue-2412--1	E3B0C44298FC1C149AFBF4C8996FB92427AE41E4649B934CA495991B7852B855		EMPTY_CONTROL		2414
dialogue	2414		GM-ALL-dialogue-2414--1	9142BFA916FF48539C97C5733605A7F4B68223C313369FE84051908AA3FEBA04	선배, 봇이 떨어뜨린 가방은 안 주워도 돼요.	REVIEWED	BXY	2415
dialogue	2415		GM-ALL-dialogue-2415--1	DC9F49F898D17330A3F573B1DA18ABC23B34B33E118B8075FFD67A2016B3ED97	어, 그래!?	REVIEWED	LM	2416
dialogue	2416		GM-ALL-dialogue-2416--1	E3B0C44298FC1C149AFBF4C8996FB92427AE41E4649B934CA495991B7852B855		EMPTY_CONTROL		2418
dialogue	2418		GM-ALL-dialogue-2418--1	2AFAAA0072A3354B2051C4F6CBACE9AE94DD15F9B121BD6F3D12D283E5CA002A	다섯 판 만에 드디어 한 번 탈출했다…… 감동이네……	REVIEWED	LM	2419
dialogue	2419		GM-ALL-dialogue-2419--1	23299AB0E11005CE706145D31EB88CFD1CBA6E139B12211E7CB8B595D0201484	……정산받은 돈으로 총 한 자루도 못 사는데.	REVIEWED	LM	2420
dialogue	2420		GM-ALL-dialogue-2420--1	6515AD88061A07329DA397FF6AE5ECB2AF945C69DC7A91C02D3DE299B4491D59	선배, 뭘 주웠어요?	REVIEWED	BXY	2421
dialogue	2421		GM-ALL-dialogue-2421--1	6D75C73F2009270606F431F592AB941F21E971A2FA1495692E3BC710D0207AC3	키보드 잔뜩.	REVIEWED	LM	2422
dialogue	2422		GM-ALL-dialogue-2422--1	A7F878B8CED1A7957C560D573E30DDBBC1696E38C370513AACBBF4BFF12E7F43	……	REVIEWED	BXY	2423
dialogue	2423		GM-ALL-dialogue-2423--1	104CD1C00792ED009209C22327E7A84E6BA08773CC67ADC8DD92FA15845D340B	조금씩, 처음에는 잔뜩 긴장했던 소녀가 점점 편해지기 시작했다.	REVIEWED		2424
dialogue	2424		GM-ALL-dialogue-2424--1	62C318EB90BD1CF81FCD7806CAB520355486087A3DE0BBD52F1CDACD7F68FD7C	함께 게임하는 동안 웃는 모습도 점점 자주 보였다.	REVIEWED		2425
dialogue	2425		GM-ALL-dialogue-2425--1	91E80AACB6B35B83B50138A3DD3C9AD3BA8DD5D5B9F6E9D142699174A257A6CD	아, 붕대 다 썼네.	REVIEWED	LM	2426
dialogue	2426		GM-ALL-dialogue-2426--1	9D7ADBC357C2C79F4D9CFC547E649991F0BD2639CC023AFF9157F14F83E20B20	선배, 제가 하나 드릴게요.	REVIEWED	BXY	2427
dialogue	2427		GM-ALL-dialogue-2427--1	50ED165107CCFA6F6F861E91BF77B3DB378EBCE7F2A0A0E19B5B24B02E65F856	너도 피 없잖아. 붕대 하나뿐인데 네가 써.	REVIEWED	LM	2428
dialogue	2428		GM-ALL-dialogue-2428--1	EE61610F5EA3CB5A8E97B07DB86918CA3CF2B5743CBDA58A38128C9DEDA6D8C5	아니에요, 아니에요. 선배가 쓰세요.	REVIEWED	BXY	2429
dialogue	2429		GM-ALL-dialogue-2429--1	A5657EF6356872469DA468125D4EC04302E9F9C83453F34A0BC7BA8920B0A088	아니, 아니. 네가 써.	REVIEWED	LM	2430
dialogue	2430		GM-ALL-dialogue-2430--1	F79DEA01937BE3BA5BD89E5055622C5FDB5B9D6BF7E5B91F7CEDFAFC635F6FDC	아니, 아니……	REVIEWED	BXY	2431
dialogue	2431		GM-ALL-dialogue-2431--1	F79DEA01937BE3BA5BD89E5055622C5FDB5B9D6BF7E5B91F7CEDFAFC635F6FDC	아니, 아니……	REVIEWED	LM	2432
dialogue	2432		GM-ALL-dialogue-2432--1	A0B96A06F1FA6B267DD098B4C935599E23E229F50E69623B9BB32CD5D4D53E37	아니 아니! 그거 그냥 게임 아이템이잖아요! 여기서까지 서로 양보할 필요 없거든요!?	REVIEWED	MCL	2433
dialogue	2433		GM-ALL-dialogue-2433--1	217F00CB987B772455E0D0E956D0CFA3739FB2BAF11C7B11717446B011490150	언제부터 있었어요!?	REVIEWED	LM	2434
dialogue	2434		GM-ALL-dialogue-2434--1	1FEC5585DCAFBFFA2FDA5F28F64E4FA3A39BF10103121C3D911609EF95144742	어느새 모추링과 한샤오청이 우리 주변에 앉아 있었다.	REVIEWED		2435
dialogue	2435		GM-ALL-dialogue-2435--1	4ECACAC5A8A50D34CB801F1E5D46B9FB521191E12BC6297B93AAB9DDA220A805	둘이 너무 신나게 하길래 저도 모르게 구경하러 왔어요. 에헤헤.	REVIEWED	MCL	2436
dialogue	2436		GM-ALL-dialogue-2436--1	1615C9E3A38767C8426AF4526DA70F897F9B589759901EAAA2455E0551678D28	……제법, 재밌어 보여.	REVIEWED	HXC	2437
dialogue	2437		GM-ALL-dialogue-2437--1	A7F878B8CED1A7957C560D573E30DDBBC1696E38C370513AACBBF4BFF12E7F43	……	REVIEWED	LM	2438
dialogue	2438		GM-ALL-dialogue-2438--1	A7F878B8CED1A7957C560D573E30DDBBC1696E38C370513AACBBF4BFF12E7F43	……	REVIEWED	BXY	2439
dialogue	2439		GM-ALL-dialogue-2439--1	46B70554E967C0A46A154748E28557DD5652125FDB5C8835A6CD1E6DF24E3929	나와 바이셴위는 서로를 바라보다 어색하게 웃었다.	REVIEWED		2440
dialogue	2440		GM-ALL-dialogue-2440--1	395D0E25B0FFE47190F387CC76913FFCF67FCA8E9989719EA20DB164D751EEB2	그 뒤로는 두 사람의 시선을 받으며 가시방석에 앉은 기분으로 그 판을 끝냈다.	REVIEWED		2441
dialogue	2441		GM-ALL-dialogue-2441--1	FA11B8B6E33257A1C825FF3B4FE23AC70F6F50B1250FE9B0F2CCC34FC36AA619	참고로 아주 추하게 탈락했다.	REVIEWED		2442
dialogue	2442		GM-ALL-dialogue-2442--1	A6A8C31B74CB3C25D533E5708B0F6883D5F6ACAF8DDDC2F8FB4C6829394F8EDC	그래도 나와 백발의 게임 오타쿠 소녀는 즐겁게 웃었다.	REVIEWED		2443
dialogue	2443		GM-ALL-dialogue-2443--1	E3B0C44298FC1C149AFBF4C8996FB92427AE41E4649B934CA495991B7852B855		EMPTY_CONTROL		2445
dialogue	2445		GM-ALL-dialogue-2445--1	E5FEDA9502792F14BBC6BC636885AEC125B788B03DD133478B1FFCCA68140E9B	어느새 밤 8시가 되어 있었다.	REVIEWED		2446
dialogue	2446		GM-ALL-dialogue-2446--1	C378CE33C56E6F4FA0797181185A0D58F1E90D2A6EE502CD43E58DEC550D0F43	오늘은 이쯤 할까?	REVIEWED	LM	2447
dialogue	2447		GM-ALL-dialogue-2447--1	2D2A7F726F19B4E9C8DFF7D9A6707FDEA3E6FEBA3C0C44C3221BE0EE5FF19AE1	응. 저도 집에 가야 해요.	REVIEWED	BXY	2448
dialogue	2448		GM-ALL-dialogue-2448--1	2BA879A8CBD36141038B03AEE301B04CB6ABCEA377EF4D2A70C86E19C5291635	우리는 방석에서 일어나 카운터 앞으로 갔다.	REVIEWED		2449
dialogue	2449		GM-ALL-dialogue-2449--1	E35F6100648CB212A91B7C455170478D178B8FFDDAB59CC5D0AC4C9606CAE47C	벌써 가려고요?	REVIEWED	MCL	2450
dialogue	2450		GM-ALL-dialogue-2450--1	DB859528A214FEC187F6EF78132591D648B8487620F37BB86EA31379E52CF2F6	네. 오늘 밤도 신세 많이 졌어요.	REVIEWED	LM	2451
dialogue	2451		GM-ALL-dialogue-2451--1	1C71CD1899774924889C57C2F799A418C0DF1C1703F6F43BE7A6C400EFFB458D	무슨 말이에요! 오늘은 정말 북적북적해서 좋았어요!	REVIEWED	MCL	2452
dialogue	2452		GM-ALL-dialogue-2452--1	66B9715EE2312F7F80B21D8AD0130C1646B7606A613F4437EE289E9D1AEA11FB	샤오청, 이제 갈래? 너랑 바이셴위 역까지 데려다줄게.	REVIEWED	LM	2453
dialogue	2453		GM-ALL-dialogue-2453--1	5468BFEF86FE885F5E67E2A687EC956819F36330B5A29B9363FC0A24D8066100	조금만 더 하면 다 그려. 여기서 끊으면, 답답해.	REVIEWED	HXC	2454
dialogue	2454		GM-ALL-dialogue-2454--1	CD3C51C5251BDBCE07724A0F8380BF30C4BAB5FB9B4FB682B7539F5D5276CACE	그래. 그럼 우리 먼저 갈게. 조심해서 와.	REVIEWED	LM	2455
dialogue	2455		GM-ALL-dialogue-2455--1	F356E3244AA50966E240E2607468D7675C7A688F5472433FE957DCA6F13566D6	내일 봐요!	REVIEWED	MCL	2456
dialogue	2456		GM-ALL-dialogue-2456--1	E7CD70884B901E4E838CDAA2081EBA595BDCF5F381009202D391B7433B503B9F	모추링은 두 손을 힘껏 흔들며 나와 바이셴위를 배웅했다.	REVIEWED		2457
dialogue	2457		GM-ALL-dialogue-2457--1	0021959657EE196A97BD978E38CA615EC172C040D4DD5F77158C081C5F1E2DAE	정말 하루 종일 기운이 넘치는 사람이네……	REVIEWED		2458
dialogue	2458		GM-ALL-dialogue-2458--1	E3B0C44298FC1C149AFBF4C8996FB92427AE41E4649B934CA495991B7852B855		EMPTY_CONTROL		2459
dialogue	2459		GM-ALL-dialogue-2459--1	AB5DF625BC76DBD4E163BED2DD888DF828F90159BB93556525C31821B6541D46	……	REVIEWED		2460
dialogue	2460		GM-ALL-dialogue-2460--1	1575C6616AA8B5FD616EB706FF51303FFD81A3511046D2911635420A7D3B4689	그래플링 하우스를 나서자마자 차가운 밤바람이 정면으로 불어와 옷 틈 사이로 파고들었다.	REVIEWED		2461
dialogue	2461		GM-ALL-dialogue-2461--1	20015CDD85943DC44426445112AFD9F1137C3E14107B4BB922A8DD490EF5D2B3	상점가 가장자리에 있는 그래플링 하우스 앞에는 아무도 없었다. 새까만 밤하늘 탓인지 한기가 더욱 매섭게 느껴졌다.	REVIEWED		2462
dialogue	2462		GM-ALL-dialogue-2462--1	859051E831AA125FEBAF30AFFC00B2A41C40AC4B8D2AC6C3E681BAD9B0D37A18	후우……	REVIEWED	LM	2463
dialogue	2463		GM-ALL-dialogue-2463--1	18E2BB5A1BE8EE3B332C8EF51A36730AA558C62C2B444CA8A14C7ED78C17BCAE	춥다. 빨리 돌아가자……	REVIEWED		2464
dialogue	2464		GM-ALL-dialogue-2464--1	50D0CF6637D53313235EA096FC69BE620D24603C71344D4058654CD6E2917A64	우와, 벌써 입김까지 나오네. 진짜 겨울이 코앞이구나.	REVIEWED		2465
dialogue	2465		GM-ALL-dialogue-2465--1	F4B5BB33A3D1AEC580DB212AE79E6DBC10CD5286608D461923BF1176E03F70F2	나와 바이셴위는 보행자 거리를 함께 걸었다.	REVIEWED		2466
dialogue	2466		GM-ALL-dialogue-2466--1	11F2F103159D56654EC415157BD03887B02683F955EFAD51471889B7F06A6002	바이셴위는 아무 말 없이 내 옆을 따라 걸으며 계속 자기 발밑만 바라봤다.	REVIEWED		2467
dialogue	2467		GM-ALL-dialogue-2467--1	477836674C84F9DA2D8AA39831B69EEBF3DC10A4CF226081D4DCE8702DFBF430	어라, 이제는 같이 길을 걸을 정도로 가까워진 건가……	REVIEWED		2468
dialogue	2468		GM-ALL-dialogue-2468--1	515E8986093A8AD2FB51869D3363F182D11DEB4D50D32E6FE5C0E99346F09EEA	일주일 전만 해도 지금 같은 상황은 상상도 못 했겠지.	REVIEWED		2469
dialogue	2469		GM-ALL-dialogue-2469--1	1631EA7701291A596EA672E9566741732E0D6949C4CA725AD8CC809BDB794B00	주변에는 여전히 사람이 없었고, 우리 둘뿐인 거리에 발소리만 텅 빈 듯 울렸다.	REVIEWED		2470
dialogue	2470		GM-ALL-dialogue-2470--1	F97AC8012D5F4DF238CF189632BDC77ACF3E8F5149EBB7DD67CC9A5AD076C1A2	……선배.	REVIEWED	BXY	2471
dialogue	2471		GM-ALL-dialogue-2471--1	7B13BF9CD99F29F418B43F56477D194B39496C0751E3D3FF054660C30CF870C2	바이셴위가 걸음을 멈췄다.	REVIEWED		2472
dialogue	2472		GM-ALL-dialogue-2472--1	8CCA61E804EB72A935F4A647DB2865CDECA9A980A562578174A87635F0783588	……왜?	REVIEWED	LM	2473
dialogue	2473		GM-ALL-dialogue-2473--1	C228B32558B6BE71D86186DD88F84CDC269FECC382208658BB128957EF816F5D	오늘, 저랑 같이 게임해 줘서 정말…… 고마워요.	REVIEWED	BXY	2474
dialogue	2474		GM-ALL-dialogue-2474--1	6C0A25965EEE635094EC3598B9B1193A71341F2E1DD68AF8F82F1FCE7F29056C	소녀는 내게 고개를 숙여 감사 인사를 했다.	REVIEWED		2475
dialogue	2475		GM-ALL-dialogue-2475--1	69C8D6E78E00557489791EAB33A89E0B8CD83BB6613C07C4C577454DAC7405BB	고개를 숙였다기보단 거의 허리를 굽혀 인사한 수준이다.	REVIEWED		2476
dialogue	2476		GM-ALL-dialogue-2476--1	A7F878B8CED1A7957C560D573E30DDBBC1696E38C370513AACBBF4BFF12E7F43	……	REVIEWED	LM	2477
dialogue	2477		GM-ALL-dialogue-2477--1	A497AD8538E4BDF2DCAA26A885A553FC31E5F9AF23E538DA8E9546895A502C6C	응. 나도 정말 즐거웠으니까, 나도 고맙다고 해야겠네.	REVIEWED	LM	2478
dialogue	2478		GM-ALL-dialogue-2478--1	4BC908132D2C187C7348AAF1D0BD5E41AE23168E85899153A5364CB5158F52B3	바이셴위는 다시 걸음을 옮겨 내 옆으로 따라붙었다.	REVIEWED		2479
dialogue	2479		GM-ALL-dialogue-2479--1	A7F878B8CED1A7957C560D573E30DDBBC1696E38C370513AACBBF4BFF12E7F43	……	REVIEWED	BXY	2480
dialogue	2480		GM-ALL-dialogue-2480--1	49D105187FD041E6F2E96578A58BCE345E469392B9F1EB1C2028E9CD71437815	예전에도…… 친구랑 같이 게임한 적이 있어요.	REVIEWED	BXY	2481
dialogue	2481		GM-ALL-dialogue-2481--1	53F7B92219AEEEA7A410ECCF6E15E15D42904F931B388617386729B65D42F445	바이셴위는 마치 자기 자신에게 들려주듯 작은 목소리로 말했다.	REVIEWED		2482
dialogue	2482		GM-ALL-dialogue-2482--1	3516F065C4B85820FA8EFBFA2C5E792DBAC7C2CFF3ABA316145D3D8FA36B4F28	자기 과거 이야기를 하려는 건가……? 그렇다면 나는……	REVIEWED		2483
dialogue	2483		GM-ALL-dialogue-2483--1	E3B0C44298FC1C149AFBF4C8996FB92427AE41E4649B934CA495991B7852B855		EMPTY_CONTROL		-1
option	2483	0	GM-ALL-option-2483-0	AFC7E41CE53F670079A87BA2802AD5F5517FE0FE213A41BFD31FCF50A54FC98A	걸음을 늦추고 이야기를 듣는다	REVIEWED		-1
dialogue	2484		GM-ALL-dialogue-2484--1	0F260643A8A6ABA22F6389F1CE795D96C1CCDE2200D97FB553A33A836BFF2C74	나는 걸음을 늦춰 바이셴위의 속도에 맞추고 천천히 길을 걸었다.	REVIEWED		2485
dialogue	2485		GM-ALL-dialogue-2485--1	E3B0C44298FC1C149AFBF4C8996FB92427AE41E4649B934CA495991B7852B855		EMPTY_CONTROL		2486
dialogue	2486		GM-ALL-dialogue-2486--1	E01A265B670C9F866DAA7213ABB9FB00D29B0FEEAD220937890A7078106F206D	저희는 친한 친구였어요…… 적어도 저는 그렇게 생각했어요.	REVIEWED	BXY	2487
dialogue	2487		GM-ALL-dialogue-2487--1	B9BE91686FF7B7E51AD186727AEDD73E4E05E8ECF28831566883B2E6FE9E21B5	그래서 그 애가 같이 파티하자고 했을 때 정말 기뻤어요.	REVIEWED	BXY	2488
dialogue	2488		GM-ALL-dialogue-2488--1	CE9740C98AD93DF2D6FC814C724F376D3FED8088D1D1240BF1D65CF74131CD7D	옆에 걷던 바이셴위가 고개를 들었다. 시선 끝에는 아무것도 없는 밤하늘뿐이었다.	REVIEWED		2489
dialogue	2489		GM-ALL-dialogue-2489--1	C523F0A14FFBA581271349AADC93F5B3D1929CA4CACBE550EBF7D56C18844615	친구랑 같이 게임하면 당연히 즐겁지. 오늘 밤처럼.	REVIEWED	LM	2490
dialogue	2490		GM-ALL-dialogue-2490--1	CEF61083A27818489319DF22599040B0E5AD637607A9BFB70D28AB2596103D65	응…… 그런데, 조금 달랐어요.	REVIEWED	BXY	2491
dialogue	2491		GM-ALL-dialogue-2491--1	9A6D90C66C9908EDE34DB16F90730150F1CC8D3CC4C781FB19967C109D035541	같이 할 때…… 조금 부담스러웠어요.	REVIEWED	BXY	2492
dialogue	2492		GM-ALL-dialogue-2492--1	7B11F224B2F9E25BDBDCDA2758B0246CDA7354D3224C7E34932AFB4820F4D7D7	아까까지 웃으며 이야기하던 소녀의 표정이 조금씩 어두워졌다.	REVIEWED		2493
dialogue	2493		GM-ALL-dialogue-2493--1	1C6D1673CCA561DFACDA9766C049D78FDC1C66D4488FFE5881FA833B22284AE4	——이 무기 엄청 좋아. 네가 써!	REVIEWED		2494
dialogue	2494		GM-ALL-dialogue-2494--1	FF78FC069BDD88E3364DE9830C6836C8CCE5EC09E63A7276BCF6624374622D9C	고마워. 그런데 난 직접 성장시키고 싶은데……	REVIEWED	BXY	2495
dialogue	2495		GM-ALL-dialogue-2495--1	994B8A1D2E47B8C75CD98A70B99B2973ED6C0BF72AE19C91C4ABD8D3515F4A9D	——그러면 너무 오래 걸려. 이따 내가 지하 던전 데려가 줄게. 가자, 가자.	REVIEWED		2496
dialogue	2496		GM-ALL-dialogue-2496--1	8E0D4DF925688E80341017751C6980836141A3BC6A821D8E4A51F16B78F02C0D	……아, 응……	REVIEWED	BXY	2497
dialogue	2497		GM-ALL-dialogue-2497--1	C4EAE33FA2E949E2CAF269475E8629D50757B630F07BCD6F9DA78F511E99F611	그 애가 절 위해 그러는 건 알고 있었어요. 그런데…… 같이 게임할 때마다 항상 저보다 훨씬 앞서서 달렸어요.	REVIEWED	BXY	2498
dialogue	2498		GM-ALL-dialogue-2498--1	5D6617A3D52F4079ECA170F1EC8EBD636BA55205DFC002A4685F804DA4020316	저는 열심히 따라갔고, 그러다가……	REVIEWED	BXY	2499
dialogue	2499		GM-ALL-dialogue-2499--1	783427816F09FCA387E38C6EA37F323E3619C1628E6B51B44744FDAFC4AE5A06	——바이셴위, 너 또 죽었어? 부활 지점 엄청 먼데——	REVIEWED		2500
dialogue	2500		GM-ALL-dialogue-2500--1	9299F79DEA31B67FB1E79A2B59E307998833B1EE25AA39C9981651E192C1DBE1	——미안……! 이 게임 시작한 지 얼마 안 돼서 아직 익숙하지 않아……	REVIEWED	BXY	2501
dialogue	2501		GM-ALL-dialogue-2501--1	673E16EAAB5FB4B979EEC30B0817A400C878D1F501A9F98366CD0832FA8EEC35	——진짜 못한다, 하하하. 난 처음 할 때 저 보스들 한 번에 다 잡았는데 넌 거의 열 번이나 했네!	REVIEWED		2502
dialogue	2502		GM-ALL-dialogue-2502--1	A7F878B8CED1A7957C560D573E30DDBBC1696E38C370513AACBBF4BFF12E7F43	……	REVIEWED	BXY	2503
dialogue	2503		GM-ALL-dialogue-2503--1	E29600E3A8C069E6B723F6905D0C63E3B154D8527273DB80824BC6AC9DB2829B	——됐어, 됐어. 내가 만렙 장비 세트 줄 테니까 그거 입고 내 뒤만 따라와. 이 보스 잡고 또 다른 데 데려가 줄게——	REVIEWED		2504
dialogue	2504		GM-ALL-dialogue-2504--1	D6F346EBD354C662573402F2E4F6B99A2A1DB4E0397F86E9407DC9B824603C22	그때 계속 이런 생각이 들었어요…… 우리, 정말 같이 게임하고 있는 걸까?	REVIEWED	BXY	2505
dialogue	2505		GM-ALL-dialogue-2505--1	AEE1CD5468F8D9C634D72A7DE549E3670DAE0C7AA2DBA9771D43F6CC3A5FA208	같은 게임을 하고, 같은 보스를 상대하고 있는데도……	REVIEWED	BXY	2506
dialogue	2506		GM-ALL-dialogue-2506--1	C600CBDE4EFBC706D6F33281A3F4CF603F8C8FC33ED885B075152137E45A52D7	그래도——너무 외로웠어요.	REVIEWED	BXY	2507
dialogue	2507		GM-ALL-dialogue-2507--1	2A4BD0A37361D4FF42912B2A65B7994885EC929D2C11F4D7B13FE20AD1B7AD95	——진짜 답답하네. 좋은 장비도 그렇게 많이 줬고 몇 번이나 데려가 줬는데 왜 이렇게 못해.——	REVIEWED		2508
dialogue	2508		GM-ALL-dialogue-2508--1	1C8E49F5330A2E8BD184213AC44643F102B7237EAC407652C677F2E41CC0FD1B	——재미없다. 오늘 밤에 이 게임 엔딩까지 쭉 밀어 주려고 했는데 왜 이렇게 캐리가 안 되냐.——	REVIEWED		2509
dialogue	2509		GM-ALL-dialogue-2509--1	8FFEF342CB56CC1F6C533BE07E8D82877FFCE050BB02367D8A2787F3609EC27B	——아, 됐어. 오늘은 그만하자. 다음에 하든가——	REVIEWED		2510
dialogue	2510		GM-ALL-dialogue-2510--1	A7F878B8CED1A7957C560D573E30DDBBC1696E38C370513AACBBF4BFF12E7F43	……	REVIEWED	LM	2511
dialogue	2511		GM-ALL-dialogue-2511--1	3D70A558B5F9471F2558CD684FF92CB518DF9AD4D69AD3F8432ACA4EC80DE294	많이 힘들었……어?	REVIEWED	LM	2512
dialogue	2512		GM-ALL-dialogue-2512--1	87EDDE57F118D82EF628F3BC65638BDE6F3E73D1F4BCAF4429300789F7C70006	……응.	REVIEWED	BXY	2513
dialogue	2513		GM-ALL-dialogue-2513--1	CCC48DEE2F85E63F05BAF2C0BB20EA3628C4BCDE10D744FC27D57C711CD1F297	그 뒤로는 어릴 때부터 알던 그 친구랑…… 같이 게임한 적이 없어요.	REVIEWED	BXY	2514
dialogue	2514		GM-ALL-dialogue-2514--1	2324EE3CDDB98F3E838701F2FCE4416E7E67C96DA5F677ACA8F256430264076E	제가 게임을 정말 못해서겠죠……? 이렇게 좋아하고, 어릴 때부터 계속 해 왔는데도 잘하지 못해요…… 파티하면 짐만 되고.	REVIEWED	BXY	2515
dialogue	2515		GM-ALL-dialogue-2515--1	07B3D85F0BE3F041D26A81F19050C6768E1E6A777A2979765CE94B204BA50733	그래서…… 아무도 저랑 파티하고 싶어 하지 않는 것도 당연하다고 생각해요.	REVIEWED	BXY	2516
dialogue	2516		GM-ALL-dialogue-2516--1	7CE25747341EBE8AA1AE5F88DA30CD44575C86BD7D3E7B7591B2E162EC44BDCE	……그래도 저는 여전히……	REVIEWED	BXY	2517
dialogue	2517		GM-ALL-dialogue-2517--1	604D25CF1AEBF9A14BF5433C16CCF13E57CE209278FDE39B2A86A73A51F0C7C0	——누군가와 함께, 친한 친구와 함께 좋아하는 작품을 즐기고 싶었다.	REVIEWED		2518
dialogue	2518		GM-ALL-dialogue-2518--1	7280678113A59FBFCBD6DC6510125B7DBD6BFE195FC863E14EAD91407FBAB8DC	——클리어하는 것도, 보스를 쓰러뜨리는 것도 아니라 그 과정을 함께 경험하고 싶었을 뿐——	REVIEWED		2519
dialogue	2519		GM-ALL-dialogue-2519--1	589AC43565A6078817A2D5BE3F428280CC846DA5E399164FC9D6D72B498FBD00	왜 꼭…… 그렇게 서둘러 보스를 잡으러 가야 해?	REVIEWED	BXY	2520
dialogue	2520		GM-ALL-dialogue-2520--1	C2718EF8805F2CEDAFECF02BD5E30C981BE0DBED27B39C8A7A571C97BA645274	——뭐? 게임은 원래 그렇게 하는 거잖아. 그럼 다른 건 무슨 재미가 있는데?——	REVIEWED		2521
dialogue	2521		GM-ALL-dialogue-2521--1	9171A0A67E55805D7B090CD68EEFC80836CF5F88554F69B5B36E53FFE78E8ACD	낚시도 하고, 집도 짓고, 보물도 찾고…… 나도 그런 거 해 보고 싶은데……	REVIEWED	BXY	2522
dialogue	2522		GM-ALL-dialogue-2522--1	846A17B51E6CE854D746EEFF3E6CB123D25FC6BD7B87C4D989CCC3EB9B2DA0FE	——그럼 나 너 안 데려가. 혼자 해. 너무 느려——	REVIEWED		2523
dialogue	2523		GM-ALL-dialogue-2523--1	F7D0E46C24ED8B4903937B6CF656238536576C82A4349F4F2AA6DDDDBE976A2E	바이셴위가 다시 한번 걸음을 멈췄다.	REVIEWED		2524
dialogue	2524		GM-ALL-dialogue-2524--1	D3E83578B17131554746C8F0016F22944A2B59008DDDD4A23C0783CC9AC7C633	이번에는 내 앞에 서 있었다.	REVIEWED		2525
dialogue	2525		GM-ALL-dialogue-2525--1	D46508D70231558AEA3A8DBABE0754DB3195B1A3913BC4D337D5ACBA69894AE0	하지만, 선배는 달라요.	REVIEWED	BXY	2526
dialogue	2526		GM-ALL-dialogue-2526--1	F3EEEAB6FAC7C09AE279AE45AE69F80F022DF04CAEEC903EFC7DB9D571F3C2D9	소녀의 뺨은 살짝 붉었다. 밤바람에 그렇게 된 건지는 알 수 없다.	REVIEWED		2527
dialogue	2527		GM-ALL-dialogue-2527--1	F2B43309DEF02D8FFF223C3371DDF374EA1820710378700225705B5EDE347FE5	바이셴위는 아랫입술을 살짝 깨문 뒤 똑바로 나를 바라봤다.	REVIEWED		2528
dialogue	2528		GM-ALL-dialogue-2528--1	1C20398C4B227AF194E6E5E4EC2300126C56848A25B7D06E4F4851D9C4C47D28	선배는 항상 뒤에서 걸었어요…… 아니, 계속…… 제 옆에서 걸어 줬어요.	REVIEWED	BXY	2529
dialogue	2529		GM-ALL-dialogue-2529--1	07DF2A926FF158002347495655D08FF679D12C405CF2B308B7F1CCEAB331B57E	계속…… 저를 기다려 줬어요.	REVIEWED	BXY	2530
dialogue	2530		GM-ALL-dialogue-2530--1	1D10D1FC369DEE69C58F220727C1DBF4A3BB3D94356D392E2D055475F1C8D90D	졌을 때는 선배가 화낼까 봐 너무 무서웠어요……	REVIEWED	BXY	2531
dialogue	2531		GM-ALL-dialogue-2531--1	9D83A29140BCD183323FF4942C4D9216F98D6C42B11D6B28190F8081DF621234	그런데 선배는 저랑 같이 게임해서 즐겁다고 말하고, 웃어 줬어요——	REVIEWED	BXY	2532
dialogue	2532		GM-ALL-dialogue-2532--1	A88D7F0B83B5DE47B9AEB3FB633C51A516A4502F1EF4C1F26F7DC2C2A66DC0B1	소녀의 시선은 더 이상 피하지 않았다. 그리고 한 걸음 더 내 쪽으로 다가왔다.	REVIEWED		2533
dialogue	2533		GM-ALL-dialogue-2533--1	FBB24CB5E3784E6ED7371C52C7A795DB33FB3CB191D823A9D76472C6E380D0CC	선배……!	REVIEWED	BXY	2534
dialogue	2534		GM-ALL-dialogue-2534--1	BA9743B343D2E87D98E4662D9E5BC4D8006C741EFEE82586DCEBAABBC0084A52	다음에도, 계속…… 같이 게임해 줄 수 있어요?	REVIEWED	BXY	2535
dialogue	2535		GM-ALL-dialogue-2535--1	A84E07C3F1E9CD50B794E762367E165283A008050645B123602E340019DCE388	숨이 조금 가빠져, 주변에 하얀 입김이 피어올랐다 사라지기를 반복했다.	REVIEWED		2536
dialogue	2536		GM-ALL-dialogue-2536--1	923670ACA197492355ACDD160330A598F1B4FD2556070B387C745708EB931870	바이셴위가 말한 것처럼, 내가 왜 그렇게 행동했는지는 나도 알고 있다.	REVIEWED		2537
dialogue	2537		GM-ALL-dialogue-2537--1	769062F69C6B1F4D5AEE66C0EBCCD378D6D468A9657D14BD796D0C2A64036496	바이셴위를 이해하고, 이야기를 들어 주고…… 즐겁게 웃는 모습을 보고 싶었다——나는 그렇게 대하고 싶었다. 바이셴위도, 다른 사람들도.	REVIEWED		2538
dialogue	2538		GM-ALL-dialogue-2538--1	6CB4C634ED88DD3DF4056F91F206E41B90705E66907B7D5C0014B3BC6D277A33	바이셴위뿐만 아니라 한샤오청과 모추링, 그리고 샤오예에게도 늘 그렇게 해 왔다.	REVIEWED		2539
dialogue	2539		GM-ALL-dialogue-2539--1	505F787D0FC38031F25F0CFFB7B150C7B7BDFFD33067F7546143926A03D1CC3F	상대를 이해하고 싶다는 마음이 전해지고 나면 마음속 빈자리가 조금씩 채워지고, 그제야 정말로 충만해진 느낌이 든다.	REVIEWED		2540
dialogue	2540		GM-ALL-dialogue-2540--1	7B92760872932CFC1754E0E050E64B4CA7EC5EE81EBFE69CE7A288D187FBFEE0	——엄마…… 왜 다른 사람 입장을 생각해야 해? 나는 다른 사람이 아니잖아——	REVIEWED		2541
dialogue	2541		GM-ALL-dialogue-2541--1	D560B1BE6A4AA95DA1AB254D8CEAD589D03D96C6C8A5892239844A214E3DA238	——……왜냐하면 언젠가 너를 생각해 주는 사람을 만났을 때, 너도 그 사람을 생각해 줘야 함께 잘 살아갈 수 있으니까——	REVIEWED		2542
dialogue	2542		GM-ALL-dialogue-2542--1	AA8B56B7EF73B8A90CF447E77043A2D11195FDFD7E42F4D41FA75738775299D0	그러니까 어떤 경우에도 답은 하나뿐이다.	REVIEWED		2543
dialogue	2543		GM-ALL-dialogue-2543--1	E3B0C44298FC1C149AFBF4C8996FB92427AE41E4649B934CA495991B7852B855		EMPTY_CONTROL		-1
option	2543	0	GM-ALL-option-2543-0	DDF8A7447C53C30CA0E14DD37D491DA87F08EFB33A983B88FF57DB830A98E0EA	약속한다	REVIEWED		-1
dialogue	2544		GM-ALL-dialogue-2544--1	C02749271925B8A7C9E336CDC2C554DFB251D27202E86E926904D3DBEB2ABB8F	응. 다음에도 같이 하자.	REVIEWED	LM	2545
dialogue	2545		GM-ALL-dialogue-2545--1	CA82A75E211414F566A155460173A1563A79695AE5C453AB6C9DA50C8D82C251	약속이야.	REVIEWED	LM	2546
dialogue	2546		GM-ALL-dialogue-2546--1	F3F3079E2BA8B15C942C7F54D01977D94AB8320118A62ACE3A88D8C4EAF76BF8	——	REVIEWED	BXY	2547
dialogue	2547		GM-ALL-dialogue-2547--1	5C7A9F97ADB5BED9D4C6ACA666DFFD0E37FDA970EBCFC2C8C0060523A483E295	응.	REVIEWED	BXY	2548
dialogue	2548		GM-ALL-dialogue-2548--1	D06C43DFB4E25F8E4803BF6F377194560C45F0A6BC78E823BAD00DFF0B6B7FEA	마음 깊은 곳에서 우러난 미소가 소녀의 얼굴에 활짝 피어났다.	REVIEWED		2549
dialogue	2549		GM-ALL-dialogue-2549--1	E3B0C44298FC1C149AFBF4C8996FB92427AE41E4649B934CA495991B7852B855		EMPTY_CONTROL		2550
dialogue	2550		GM-ALL-dialogue-2550--1	A0816C943D5C07C0AC33C8379C32DEBB8B80170BE4D72C15B9A2DA92F1B96BD1	오빠, 내일은 바로 그 그래…… 그 굿즈샵으로 가면 돼? 아니면 오빠네 집에 먼저 갈까?	REVIEWED	MM	2551
dialogue	2551		GM-ALL-dialogue-2551--1	B380906F3164F86C114E65263E6BF1714B21EA89257500B24CB2970772C3FECC	두 번 움직일 필요 없어. 내가 거기서 바로 기다릴게.	REVIEWED	LM	2552
dialogue	2552		GM-ALL-dialogue-2552--1	5C7A9F97ADB5BED9D4C6ACA666DFFD0E37FDA970EBCFC2C8C0060523A483E295	응.	REVIEWED	MM	2553
dialogue	2553		GM-ALL-dialogue-2553--1	114157F91B7C7F92EC0D6B96B30F1B59E9CE3042652D74BF890A974AA3ADC295	……응?	REVIEWED	MM	2554
dialogue	2554		GM-ALL-dialogue-2554--1	5998D57C691757E0A7ED3C3F82528ADD6E7EB97918318F737942BFE3415E28B0	오빠 목소리가 왜 이렇게 들떠 있어? 일주일 동안 나 못 봐서 엄청 신난 거야?	REVIEWED	MM	2555
dialogue	2555		GM-ALL-dialogue-2555--1	9EB80518D8681C9E5E902A5C754178744D2B2D969BEBF76A95028798BA5A5616	조금…… 일이 좀 있었어. 기회 되면 나중에 얘기해 줄게!	REVIEWED	LM	2556
dialogue	2556		GM-ALL-dialogue-2556--1	8AF46720789656EDBAB9ACF39B437D5B5B8AB60AA8ADF01C60C0ECBCE013F319	우와——엄청 수상한데——대체 무슨 일 있었어?	REVIEWED	MM	2557
dialogue	2557		GM-ALL-dialogue-2557--1	E5AC71A40B561F2127D963DAE75291BF754BF08B7440449703EA0BC322430136	내일 도착하면 내가 데리러 갈게! 잘 자!	REVIEWED	LM	2558
dialogue	2558		GM-ALL-dialogue-2558--1	E0AFE47C33D888145F40E0EC8280861843CBB05696F515294C06715CC6353F9C	화제 돌리는 거 너무 티 나잖아!?	REVIEWED	MM	2559
dialogue	2559		GM-ALL-dialogue-2559--1	A7F878B8CED1A7957C560D573E30DDBBC1696E38C370513AACBBF4BFF12E7F43	……	REVIEWED		2560
dialogue	2560		GM-ALL-dialogue-2560--1	C76E6E9B38921F4405A756B4CBC387C5D0658A197A53F3859B713DF076AD95A8	내일, 샤오예가 오고 나면 또 어떤 일이 생길까——	REVIEWED		2561
dialogue	2561		GM-ALL-dialogue-2561--1	A4696DD672ED6ABD09898AB000FD1B6871BAA0D799EC9B49390E69D5CFC65E52	잔뜩 기대하면서 내일을 맞이하자.	REVIEWED		2562
dialogue	2562		GM-ALL-dialogue-2562--1	E3B0C44298FC1C149AFBF4C8996FB92427AE41E4649B934CA495991B7852B855		EMPTY_CONTROL		2564
dialogue	2564		GM-ALL-dialogue-2564--1	BF6B8D4F0A6F0D394668A2476817C1B139BB64AF841630CC6659EBD197440A80	드디어 금요일이다. 수업이 끝나자마자 일찍 그래플링 하우스에 와서 샤오예를 기다렸다.	REVIEWED		2565
dialogue	2565		GM-ALL-dialogue-2565--1	CD02CF81F515F7E91275ED2811E27729949B8E464FADEE287350895F5356D7F5	오빠, 나 상점가 도착했어.	REVIEWED	MM	2566
dialogue	2566		GM-ALL-dialogue-2566--1	66A5EE5CD308A11F8E0F9BCE1AF578AA6A55206354F7D0F2716A76E7032BB791	그래. 잠깐 기다려. 내가 데리러 갈게.	REVIEWED	LM	2567
dialogue	2567		GM-ALL-dialogue-2567--1	E3B0C44298FC1C149AFBF4C8996FB92427AE41E4649B934CA495991B7852B855		EMPTY_CONTROL		2569
dialogue	2569		GM-ALL-dialogue-2569--1	C219777DEBAACFA2EBB1CB20A47D0BD6E12E027169C65A38BC2A5455CBA2CEDC	전화를 끊고 그래플링 하우스의 세 소녀에게 인사를 한 뒤 샤오예를 데리러 나갔다.	REVIEWED		2570
dialogue	2570		GM-ALL-dialogue-2570--1	E45587381A92EA8DAC34C3B682B38B31EAC5F6010B708BFDB6FF5B1E05751DE2	드디어 약속한 시간이 됐다.	REVIEWED		2571
dialogue	2571		GM-ALL-dialogue-2571--1	0E8BEFF54813D6FFDA326D33476BE08EEA3026F91257E7AD3068EB2CF1CB7635	사실 이날을 꽤 오래 기다렸다. 어젯밤에는 새벽 늦게까지 심장이 두근거려 잠도 잘 안 왔다.	REVIEWED		2572
dialogue	2572		GM-ALL-dialogue-2572--1	655BCD1072D74887A1853E28249E642335E3FB97D2DDAEBA9AD554E865115B4D	왜냐하면 샤오예가… 내가 하는 미연시에 늘 관심 없던 그 여동생이, 여기서 모두와 함께 처음으로 미연시를 접하는 날이라고!?	REVIEWED		2573
dialogue	2573		GM-ALL-dialogue-2573--1	A41F0C873D50585EC49A05BD12C444F53ECEB2AD70E1283699F5ABF7E193F051	무사히 그 매력을 느껴 주면 좋겠는데… 대체 어떤 반응을 보일까——!	REVIEWED		2574
dialogue	2574		GM-ALL-dialogue-2574--1	CA876DD4EFCC2464CAF986F9C16102E375841041DDFE09DAB48578F8C1987957	샤오예가 이야기의 클라이맥스를 봤을 때 어떤 표정을 지을지 계속 상상하면서 상점가 광장까지 빠르게 걸었다.	REVIEWED		2575
dialogue	2575		GM-ALL-dialogue-2575--1	0FEB09182E885299DF9A45D76AB51A21B4C73941E56D3A52871C002554540AFD	오빠——여기야——	REVIEWED	MM	2576
dialogue	2576		GM-ALL-dialogue-2576--1	0393AB1050359F3497A7170D39F66B1DF3AD7237C07616259C81F0C78D7CAE2C	어……	REVIEWED	LM	2577
dialogue	2577		GM-ALL-dialogue-2577--1	D60AF70899442C0F2DE1266835F70FA8ACFD28EDB896165AD5FA25EEC0360D7C	목소리가 들린 쪽으로 샤오예에게 대답했지만, 눈앞에 들어온 광경에 순간 굳어 버렸다.	REVIEWED		2578
dialogue	2578		GM-ALL-dialogue-2578--1	B4E93E7457FCA7C03BCDCA79EBC7D948EA0E50B8C8A2143448CDCFE2B44F10F5	헤에~ 이 사람이 샤오예 오빠야?	REVIEWED	L	2579
dialogue	2579		GM-ALL-dialogue-2579--1	DA73D2CF91BC0CEB5D41095CB384EB46C5EC08487D6C6303886924B195D5FD6C	샤오예보다 별로 안 나이 들어 보이는데!	REVIEWED	L	2580
dialogue	2580		GM-ALL-dialogue-2580--1	AC84DFBDB67FBBE41055C7BF558F037343D4C84FF74254B162F711C7FF24C95E	눈앞에는 길가에 세워진 택시가 있었고, 모르는 여자애 둘이 차 안에 앉아 웃으며 나를 바라보고 있었다.	REVIEWED		2581
dialogue	2581		GM-ALL-dialogue-2581--1	A7F878B8CED1A7957C560D573E30DDBBC1696E38C370513AACBBF4BFF12E7F43	……	REVIEWED	LM	2582
dialogue	2582		GM-ALL-dialogue-2582--1	073DE485B4CAA953DEE852032DEA11DE82CF45F7B1E9FDDDBFFE02FE445D5BE6	설마 그날 밤처럼 친구들한테 둘러싸인 채 같이 공포 영화를 보러 가자는 건 아니겠지.	REVIEWED	LM	2583
dialogue	2583		GM-ALL-dialogue-2583--1	3D686BE998FD61C3AB5EF3D64AC892AFAC990FAB559BC36AEBDCFA11ECA3CD41	아니야. 오는 길이 같아서 친구들이랑 택시 타고 같이 왔어.	REVIEWED	MM	2584
dialogue	2584		GM-ALL-dialogue-2584--1	26D3A67F729BC788BFFEEB5AD513AF27A3591F4DEAE3DAA93D505082287B1F02	오빠 안녕하세요~	REVIEWED	L	2585
dialogue	2585		GM-ALL-dialogue-2585--1	4D85DEE451E5C59219A5A97DCF2E7DD58925C27C95AF1CC2C89EF995AF72475F	샤오예가 오빠 얘기 자주 해요——	REVIEWED	L	2586
dialogue	2586		GM-ALL-dialogue-2586--1	9A1E39325FB6FD977DA1A35F36DBE2A3B6B47C27BBA3EE7EF4FBAC5852917EFF	아, 안녕하세요.	REVIEWED	LM	2587
dialogue	2587		GM-ALL-dialogue-2587--1	95AF0FC9696CEB5AAA7858BE3195877B5F7B11C0061E9A79EDBAE37F56527CA4	짧게 인사만 받아 줬다.	REVIEWED		2588
dialogue	2588		GM-ALL-dialogue-2588--1	C7EBEE7E2BA02A09E5B3251B468D322E73C38BFA5782FF33A9106C218064B0CD	그러니까, 내가 먼저 모르는 사람한테 인사하는 거랑 낯선 사람이 건 인사에 억지로 응대하는 건…… 완전히 다르다고!	REVIEWED		2589
dialogue	2589		GM-ALL-dialogue-2589--1	D9745E2DDA411F6A98E5AFFB61B7AFE0FEA8D1B9061FDC67BE01357661D203D5	지금이 바로 내가 제일 싫어하는 후자다!	REVIEWED		2590
dialogue	2590		GM-ALL-dialogue-2590--1	EF6507D0C78917784CB8159C1C56308373F6EF00AFBD56B9730A59DBE1AE6957	그래도 샤오예 친구들이니 어떻게든 좋은 인상은 남겨야 한다.	REVIEWED		2591
dialogue	2591		GM-ALL-dialogue-2591--1	E748E7C16E72086306B843C250EAEBCCF8A0221BEDF2B07D32AC3F75C607C32B	사진으로 보긴 했는데 실제로 보니까 피부 진짜 하얗다……	REVIEWED	L	2592
dialogue	2592		GM-ALL-dialogue-2592--1	45294733ADFC1F662B8C52534314D3FD2A4E5A0118301197DD5790FC31BBCB3D	얼굴도 조금 귀여운 것 같지 않아……? 맞지?	REVIEWED	L	2593
dialogue	2593		GM-ALL-dialogue-2593--1	0BF7C764AA411F047129C3DF10A723B686D0CABA7864696502EC9A99A82B7C43	내가 샤오예랑 잘 어울린다니까. 남매라기보단 오히려……	REVIEWED	L	2594
dialogue	2594		GM-ALL-dialogue-2594--1	DED7E3ACA77591A6DE3741CFB14CDC325936E4E98BAA93E991CAA090F7D92E3F	여자애들이 차 안에서 목소리를 낮춰 뭔가를 수군거렸다.	REVIEWED		2595
dialogue	2595		GM-ALL-dialogue-2595--1	BF694A1546956AE7C30A3B204280637456CBBE514BFB42BA48CC0B2718E16B87	칭찬은 고맙지만 피부가 하얀 건 그냥 맨날 집에 틀어박혀 있어서 그런 거야……!	REVIEWED		2596
dialogue	2596		GM-ALL-dialogue-2596--1	416C1CAC4A6D879AA6FC21DBC0DE0C81818CAE7938452D1520BD8983802CE8E2	너 평소에 친구들한테 내 얘기를 그렇게 많이 해?	REVIEWED	LM	2597
dialogue	2597		GM-ALL-dialogue-2597--1	CC122B5E71A5FC8000013ED2B84B7FA23FD22909A5816FE65C59B0D403C02D48	뭐, 뭐 어때서……?	REVIEWED	MM	2598
dialogue	2598		GM-ALL-dialogue-2598--1	F33C2479E5CAC7CC9A34B6CF148409732A339B77083DCC5AE3F041485074C9EE	샤오예는 어색하게 웃었다. 왜인지 볼도 조금 붉어졌다.	REVIEWED		2599
dialogue	2599		GM-ALL-dialogue-2599--1	6DA55A78B994BCDA70F854FF1FE83E65AACA9BD000A4ACACF35E777BC6A069FD	그러고 보니 오빠랑 샤오예…… 별로 안 닮은 것 같은데……?	REVIEWED	L	2600
dialogue	2600		GM-ALL-dialogue-2600--1	E5C78A02E055170B8A42BE715EFDE9755B72AF225DEE46383457591A9C78D252	응? 너 아직 그 얘기 몰랐어?	REVIEWED	L	2601
dialogue	2601		GM-ALL-dialogue-2601--1	00D40E4CD056E4FB5437760FDE073C7EF6E74D8959D5F15A5972175872B43C59	샤오예가 아직 얘들한테 말 안 했나? 뭐, 비밀도 아닌데……	REVIEWED		2602
dialogue	2602		GM-ALL-dialogue-2602--1	1F95A60888473E09FB783B4CE623AEC0F16C53216ACBACD68904D2AC37461A97	응…… 우리는 친남매가 아니야.	REVIEWED	LM	2603
dialogue	2603		GM-ALL-dialogue-2603--1	038B023FBB26A1411C14042864511B35741613C93F1C8C417D040566C7DD36D0	～～!	REVIEWED	L	2604
dialogue	2604		GM-ALL-dialogue-2604--1	C634975313960A47C29F6404CB7F7A4B33CB780AE4250BFA6FE4B844A1BE03A9	～!	REVIEWED	L	2605
dialogue	2605		GM-ALL-dialogue-2605--1	5C047B34289799277DD33A9FC67E037DA1AE9E229867DB611E0AB9ADEBF49BDC	두 여자애가 서로를 마주 보며 묘한 미소를 짓더니 소리 없는 비명을 질렀다.	REVIEWED		2606
dialogue	2606		GM-ALL-dialogue-2606--1	A428F585793ED9CFE6B9512BC8C1DDB6F76BB855F47E737F7FA4C51E0D7B615B	무슨 반응이야!?	REVIEWED		2607
dialogue	2607		GM-ALL-dialogue-2607--1	D7BF5172093CEB7872C76EA6291ADE63464E584986952FBDB8DA87AA9F56A388	그런데 지금은 매주 주말마다 샤오예랑 같이 지내는 거예요?	REVIEWED	L	2608
dialogue	2608		GM-ALL-dialogue-2608--1	50AEDC4B76A7484763984F883B99AE0C18979E0C27B8D41B914ED7DF76A8266D	그렇긴 한데……	REVIEWED	LM	2609
dialogue	2609		GM-ALL-dialogue-2609--1	038B023FBB26A1411C14042864511B35741613C93F1C8C417D040566C7DD36D0	～～!	REVIEWED	L	2610
dialogue	2610		GM-ALL-dialogue-2610--1	C634975313960A47C29F6404CB7F7A4B33CB780AE4250BFA6FE4B844A1BE03A9	～!	REVIEWED	L	2611
dialogue	2611		GM-ALL-dialogue-2611--1	E440347CC1B0FA64016C613E256AD0FAC90EA2A127625BBC7F4735D98474E2BF	아니 그러니까 무슨 반응이냐고!?	REVIEWED		2612
dialogue	2612		GM-ALL-dialogue-2612--1	0B3DE8056AED25EF14AB4F5AB15E699E1BE324D0A4048563213D528BD7E43B81	자, 잠깐 너희 둘! 학교에서도 이미 얘기했던 거잖아. 굳이 우리 오빠 앞에서 또 그런 말 할 필요 없거든……! 얼른 집에 가!	REVIEWED	MM	2613
dialogue	2613		GM-ALL-dialogue-2613--1	9B92C4444436F9980A7343778E05F481529BF93E3BDE9974C0607207DE0EBCB9	샤오예는 질린 얼굴로 달려가 차 문을 닫았다.	REVIEWED		2614
dialogue	2614		GM-ALL-dialogue-2614--1	49BB0C288CDCF687002CBF41CAFB6481FAC3FB58C5076E8276AD4EB076E9E5E5	여자애들은 차 안에서 샤오예를 보며 웃더니 내게 손을 흔들었다.	REVIEWED		2615
dialogue	2615		GM-ALL-dialogue-2615--1	B485C1C04F81BAB7F0D22D928DF050B715B525BC6F436A201B77EB245C238E96	그럼 오빠 다음에 또 봐요~	REVIEWED	L	2616
dialogue	2616		GM-ALL-dialogue-2616--1	95BC2EB1B7A155E071B3EF9396B64F53781ACAE552790F6FDBADC6BD7B7DB0F6	다음에 봬요~	REVIEWED	L	2617
dialogue	2617		GM-ALL-dialogue-2617--1	EC5B31ADB024142C27B90C2161C5E0B8D93BB1B6FE5A902560C80E7BEC72B0C0	멀어지는 택시를 향해 적당히 손을 흔들었다.	REVIEWED		2618
dialogue	2618		GM-ALL-dialogue-2618--1	340294C90409629FCD21D2547B1C99E2ED642C350D294E18B943F268C943DD1A	정말…… 외향적인 애들이네.	REVIEWED		2619
dialogue	2619		GM-ALL-dialogue-2619--1	976F0992773DCF4063B19987BB2A3E5B0F5E4E1E5CB2E9C1351EE05DCCE893CE	……친구들 눈에 내가 어떤 이미지인지 점점 더 궁금해지는데……	REVIEWED	LM	2620
dialogue	2620		GM-ALL-dialogue-2620--1	5C66F89496E4F332E8037A76D269EB8BD7EE4C32924D4FF786D35E2157BB001D	……오빠는 그냥, 모르는 편이 좋을걸……?	REVIEWED	MM	2621
dialogue	2621		GM-ALL-dialogue-2621--1	D5D9546FF0527A123655A7D3939B31776F1B9B61AB4C58DCA8F905F20A877CC3	……그래. 안 물어볼게.	REVIEWED	LM	2622
dialogue	2622		GM-ALL-dialogue-2622--1	969EDEF6963FAE584CE1CE98BF6DE408248EAE8413267FAC54B48C60D5D490D7	뭔가 알아 버리면 돌이킬 수 없을 것 같은 기분이다.	REVIEWED		2623
dialogue	2623		GM-ALL-dialogue-2623--1	38766B9B2C6445421E4975133E361ABC1847BD96FCB74318A7D2137B6C09F7F1	그래플링 하우스로 가는 길에 샤오예는 계속 작은 소리로 중얼거렸다.	REVIEWED		2624
dialogue	2624		GM-ALL-dialogue-2624--1	E3B0C44298FC1C149AFBF4C8996FB92427AE41E4649B934CA495991B7852B855		EMPTY_CONTROL		2625
dialogue	2625		GM-ALL-dialogue-2625--1	A7F878B8CED1A7957C560D573E30DDBBC1696E38C370513AACBBF4BFF12E7F43	……	REVIEWED	MM	2626
dialogue	2626		GM-ALL-dialogue-2626--1	61CEB069538B2DC6047F468C8D6A838C4035FD282F165548869C6625A5F44555	……오빠?	REVIEWED	MM	2627
dialogue	2627		GM-ALL-dialogue-2627--1	4602051DE5899E06EB684FF06B46EBAFD015E0F03CC38DDED63C6B8E7FCC1A42	히익!	REVIEWED	LM	2628
dialogue	2628		GM-ALL-dialogue-2628--1	ED5962E3E65A7C5F3FC1EC81A863483EB58190F41F059020DEF62375BBA8BBD2	왜 그렇게 놀란 소리를 내는 거야!?	REVIEWED	MM	2629
dialogue	2629		GM-ALL-dialogue-2629--1	86B22C0D99FFCAC20772F62CED6229810D6D813A5CC3E98702FDA8A03CD9FF39	왜 갑자기 그렇게 부르는 건데!?	REVIEWED	LM	2630
dialogue	2630		GM-ALL-dialogue-2630--1	A986D1F58A91180F480887A93AC93220FF9F4FB2CE4B5F2A3A9BEA01364AC011	중학교에 들어간 뒤로는 그렇게 부른 적이 없어서, 오랜만에 들으니 마음이 간질거리고 등에 소름까지 돋았다.	REVIEWED		2631
dialogue	2631		GM-ALL-dialogue-2631--1	014F3DA95F93CAEF0FC3041731A322313FE79BCBBEF43811E007FB6A4A541E79	이렇게 부르는 게 더 나을까 생각해 봤는데…… 싫어?	REVIEWED	MM	2632
dialogue	2632		GM-ALL-dialogue-2632--1	F1AE6A8B5EDB500A4E7A8E309A4DE4FEC546EB74B0AE5F565BC759ED8EA634EC	가능하면 평소대로 해 줘. 우리 나이가 몇인데——	REVIEWED	LM	2633
dialogue	2633		GM-ALL-dialogue-2633--1	61CEB069538B2DC6047F468C8D6A838C4035FD282F165548869C6625A5F44555	……오빠?	REVIEWED	MM	2634
dialogue	2634		GM-ALL-dialogue-2634--1	4DA6F465FBD7C626452040D8433F387D509565E8C3A020AA8218421AFA49E08B	히익!	REVIEWED	LM	2635
dialogue	2635		GM-ALL-dialogue-2635--1	0E5D6ED87C12225C4751068B6F258EAA148D4625711935BA977B076FF9500930	샤오예가 짓궂은 웃음을 지었다.	REVIEWED		2636
dialogue	2636		GM-ALL-dialogue-2636--1	F0991B7174AF669E707463214BD09622A1E7381BBF09A3A20BCFB11967549D7C	후후…… 농담이야. 오빠 반응 너무 재밌어.	REVIEWED	MM	2637
dialogue	2637		GM-ALL-dialogue-2637--1	18473EFCD5F4D42627B9414BE8789D33D6047790FB997674150470C707CF71E7	너 이 자식…… 그럼 벌로 앞으로 매일 ‘니사마’라고 불러.	REVIEWED	LM	2638
dialogue	2638		GM-ALL-dialogue-2638--1	1C14C17F75F2B46E95DDA29BD744A0CFD800CE2B80A6E269C3719728EC5BBC98	무슨 뜻인지도 모르겠지만 절대 싫어.	REVIEWED	MM	2639
dialogue	2639		GM-ALL-dialogue-2639--1	A7F878B8CED1A7957C560D573E30DDBBC1696E38C370513AACBBF4BFF12E7F43	……	REVIEWED	MM	2640
dialogue	2640		GM-ALL-dialogue-2640--1	6496C90A4C9C869F0F4C8F08807A32824A62C2F588F66480B48F23E28DD316EC	샤오예와 장난스럽게 말다툼하다 보니 어느새 그래플링 하우스 앞에 도착했다.	REVIEWED		2641
dialogue	2641		GM-ALL-dialogue-2641--1	E3B0C44298FC1C149AFBF4C8996FB92427AE41E4649B934CA495991B7852B855		EMPTY_CONTROL		2643
dialogue	2643		GM-ALL-dialogue-2643--1	01680FECDE72B856F5761C46EB78E51915C456CA14434909E7A6CDD99AF9E776	샤오예——어서 와요! 기다리고 있었어요!	REVIEWED	MCL	2644
dialogue	2644		GM-ALL-dialogue-2644--1	218C5C5D78135D5ED04C8CEBE83DA69D58E2ADD1CDD94BF7122BACC4A3093309	아, 모추링…… 선배. 이번에도 신세 좀 질게요.	REVIEWED	MM	2645
dialogue	2645		GM-ALL-dialogue-2645--1	D04D8D5C25B2FAB9D35707B8A9EEE5540DC6CB6E648DDF2244F94B6FEE243178	그렇게 딱딱하게 굴지 말고 그냥 이름으로 불러요~	REVIEWED	MCL	2646
dialogue	2646		GM-ALL-dialogue-2646--1	A5466444116A76EC7992B8956FB8146C5DB8E9FAC211209A9208C24A3E245049	모추링은 통통 뛰듯 우리를 게임 코너로 안내했다. 바이셴위와 한샤오청은 이미 TV 앞에 앉아 기다리고 있었다.	REVIEWED		2647
dialogue	2647		GM-ALL-dialogue-2647--1	2CB4AED3DB525239CFF4516DC6CA6A1DBDF5CA6F301AFCBE2F718FAAD49CBF0E	옆에는 방금 배달된 피자와 음료, 그리고 지난주에 먹었던 가게의 타코야키까지 놓여 있었다.	REVIEWED		2648
dialogue	2648		GM-ALL-dialogue-2648--1	F60B01B69D6E6BD5A3E85481D411546B38333C4EBC438D1319A52F163C2ADE1A	어……?	REVIEWED	MM	2649
dialogue	2649		GM-ALL-dialogue-2649--1	8414721BCE13A87D5D5FD8C0FFD5F9ABE200659D2267164D57D4D9CFFEB4CF33	이렇게까지 제대로 준비했을 줄은 몰랐겠지.	REVIEWED		2650
dialogue	2650		GM-ALL-dialogue-2650--1	7986F851402A8CDBE3F125C04EB8F3CC6B8838F9F441D9816DB6B6FB774A7875	……안녕하세요.	REVIEWED	BXY	2651
dialogue	2651		GM-ALL-dialogue-2651--1	C2AD08D4C3D15CA882B6ADB7389A9130A582A30C6EC021F86BE0D136EA559460	안녕.	REVIEWED	HXC	2652
dialogue	2652		GM-ALL-dialogue-2652--1	768877AC9F3F32CD2D2B0638B6031266C681D56A893A6C5B4B20362325EC7920	……응. 다들 안녕하세요.	REVIEWED	MM	2653
dialogue	2653		GM-ALL-dialogue-2653--1	0E62D6DCD59C6DEEDBA873137DE06457A84419876DB8F006F49055E4A974EBCB	샤오예가 지난주에 한 번 오긴 했지만 며칠 만에 다시 만나니 아직 조금 어색해 보였다.	REVIEWED		2654
dialogue	2654		GM-ALL-dialogue-2654--1	8B338B0E8364EA17E4ECCCD72077097E71542712E57F215BB0328DDEFB41B187	아, 잠깐만 기다려요. 제가 문부터 닫고 올게요!	REVIEWED	MCL	2655
dialogue	2655		GM-ALL-dialogue-2655--1	DEA0E8DA6498F141D371A3AF7F4AA6AEACA7F653945887450352FA8F2BF1DDF2	오늘 오후에는 장사 안 해요?	REVIEWED	LM	2656
dialogue	2656		GM-ALL-dialogue-2656--1	747A0EC36CC3693011A0E22029DD19E932433A3C510C252B75FB2665E8B1B555	신입을 미연시에 입문시키는 중요한 시간이잖아요. 당연히 진지하게 해야죠!	REVIEWED	MCL	2657
dialogue	2657		GM-ALL-dialogue-2657--1	60BD612A7C2E623DEB585D63CCEF3E8B1DEA1150FE60E92321DAC4383184B760	무슨 뜻인지는 안다. 남에게 자기가 좋아하는 작품을 영업하는 도중 갑자기 끊겨서 입문에 실패하는 일만큼은 피하고 싶겠지.	REVIEWED		2658
dialogue	2658		GM-ALL-dialogue-2658--1	6867D0989B9612907FCA12DF61E80421CDF52CBF77BCEB8A0AED05A7A751B342	나는 정가운데에 앉았고 샤오예가 따라와 내 오른쪽에 앉았다.	REVIEWED		2659
dialogue	2659		GM-ALL-dialogue-2659--1	25750B01BFD1AD2394449AD884F76B31885DB91B343A08E17F77E762E45D6DC2	한샤오청과 바이셴위는 마침 피자 상자를 열고 있었다.	REVIEWED		2660
dialogue	2660		GM-ALL-dialogue-2660--1	F155A2BD7B3F1A80880618DF619389BCBE07913DC679CAE22C24EEC58685D03F	이 피자, 먹을래?	REVIEWED	HXC	2661
dialogue	2661		GM-ALL-dialogue-2661--1	32C059B85233C73E5C556A1F5BFF276AEE65FACC3C910F982F37D9B1BFAE654A	……먹고 싶으면 가져가도 돼요. 괜찮아요.	REVIEWED	BXY	2662
dialogue	2662		GM-ALL-dialogue-2662--1	9563C79ED0DF5843AD1B5AF8AF32D0399EE2CE556EFD9ED301D3645AB066FBEC	고마워…… 체리, 나 좋아해.	REVIEWED	HXC	2663
dialogue	2663		GM-ALL-dialogue-2663--1	A7F878B8CED1A7957C560D573E30DDBBC1696E38C370513AACBBF4BFF12E7F43	……	REVIEWED	BXY	2664
dialogue	2664		GM-ALL-dialogue-2664--1	5CCDD137B7D727D3FA310B88A4EDCF8944C52E451A8901B0061684B2DF4C89A7	레로레로레로레로……	REVIEWED	BXY	2665
dialogue	2665		GM-ALL-dialogue-2665--1	1FFCB998C1BD1E6DB30AF72709BF48C37B9A538D6370A4136BFD414A19DFE848	풉!	REVIEWED	LM	2666
dialogue	2666		GM-ALL-dialogue-2666--1	6E5A9EDE8578CAE74B171558DDF42FE374D14F82C058C8DB044178247836C2DD	……!	REVIEWED	BXY	2667
dialogue	2667		GM-ALL-dialogue-2667--1	717CC75917EBF564BA2B47BDB9E1124FABFA08CB76534618B557305D4F438A5B	역시 선배도 그 애니 봤어요?	REVIEWED	BXY	2668
dialogue	2668		GM-ALL-dialogue-2668--1	E65508D9E7DC025F909E8969AAE4F1389004EE7103E8C9142766B9AEE49F45CD	바이셴위도……?	REVIEWED	LM	2669
dialogue	2669		GM-ALL-dialogue-2669--1	2726FE06F5317B21E41456F4C20BFC8C09C41C9AD9107F0BC70F8B18376C18CA	응. 중학생 때 봤어요……	REVIEWED	BXY	2670
dialogue	2670		GM-ALL-dialogue-2670--1	F88ED2693FD99B450721577870998779172EA8407113F2AA2155DDFC571D905D	리밍…… 안 먹어?	REVIEWED	HXC	2671
dialogue	2671		GM-ALL-dialogue-2671--1	54CEF6B56ACB33C93BC0027856CB5E4A7C92BE79C0D642ABE1E5AA9C9E7BA02A	고마워, 샤오청.	REVIEWED	LM	2672
dialogue	2672		GM-ALL-dialogue-2672--1	70CDB2C26AAEF135122733B2E0AB3FDDF6E35E6D2C348E2D6DD22EBDAE424BA6	샤오청이 건네준 피자를 받았다.	REVIEWED		2673
dialogue	2673		GM-ALL-dialogue-2673--1	41595BAA8FE561A60FF55CCDCB2200155AC685452167F2145C4C88927FB6E7BB	그러고 보니 이 타코야키도 또 샀네요.	REVIEWED	LM	2674
dialogue	2674		GM-ALL-dialogue-2674--1	F33A1FF80C47BEE873FDC0D664EE0AC0A67D7DCCC9623BF15C1D1F76B5086DE9	진짜 맛있기도 했고, 지난번 샤오예가 왔을 때도 이걸 먹었잖아요. 그래서 이번에도 사 왔어요~	REVIEWED	MCL	2675
dialogue	2675		GM-ALL-dialogue-2675--1	F789F7C6E6C16142CEB3E2F6AF03CBD59C96C89670761A4056A87D700B02D8BD	가게 문을 닫고 온 모추링은 게임 코너로 돌아와 치마를 정리한 뒤 내 왼쪽에 앉았다.	REVIEWED		2676
dialogue	2676		GM-ALL-dialogue-2676--1	3EE4BE2E0BF16B8E89833182C71F6644EF412A76FA489C2F6E3A725550BBDDBB	가끔 한 번 정도는…… 칼로리 괜찮겠죠…… 응…… 그렇게 쉽게 살찌진 않을 거야……	REVIEWED	MCL	2677
dialogue	2677		GM-ALL-dialogue-2677--1	36F50031F7D184A329EBDFAAB0201269038F2C6B36134B24F22D4CD97EFA2D8E	파인애플이랑 바비큐 중에 뭐 먹을래요?	REVIEWED	LM	2678
dialogue	2678		GM-ALL-dialogue-2678--1	7F9F3625234C85F46B3760D0FF390584D39DB2292F60560457BF15D11E3EC530	파인애플! 고마워요, 리밍~ 음……! 이것도 맛있다……!	REVIEWED	MCL	2679
dialogue	2679		GM-ALL-dialogue-2679--1	C29E477A5B7157A06641A28D7CDF03A8F6B1926E0FAF48736A183FF9E5D526AE	샤오예? 넌 뭐 먹을래?	REVIEWED	LM	2680
dialogue	2680		GM-ALL-dialogue-2680--1	FB2CFA13A6F7CE96E423C6A05D06FA33BED39F382ECBE689398D69C07486DDC2	샤오예는 계속 손도 대지 않고 우리를 믿을 수 없다는 표정으로 바라보고 있었다.	REVIEWED		2681
dialogue	2681		GM-ALL-dialogue-2681--1	365B1DCE1D6A3F0987F9928ED56FB1DA5019F3A4BD568E1D0AEA35A969C5D8FA	오빠…… 대체 언제부터 이 사람들이랑 이렇게 친해졌어……	REVIEWED	MM	2682
dialogue	2682		GM-ALL-dialogue-2682--1	E83174B00B00C32B2178CCA651F1FE7D838020D816FDFF9E5A347FB8980C74FA	샤오예는 상상도 못 했겠지만, 저랑 리밍이랑 바이셴위랑 한샤오청 선생님까지 전부 같은 학교예요!	REVIEWED	MCL	2683
dialogue	2683		GM-ALL-dialogue-2683--1	A6BBE2C1F0E8458BBA89ABA91B22B8B5E662CC9411DF20FE1F073A9367364288	에?	REVIEWED	MM	2684
dialogue	2684		GM-ALL-dialogue-2684--1	A6BBE2C1F0E8458BBA89ABA91B22B8B5E662CC9411DF20FE1F073A9367364288	에?	REVIEWED	HXC	2685
dialogue	2685		GM-ALL-dialogue-2685--1	E6ACEF843C5A8064A9EFE537FEB03EB7A770CB08F36714EF46765A4BCFCFDC29	샤오예가 놀란 얼굴로 나를 바라봤다.	REVIEWED		2686
dialogue	2686		GM-ALL-dialogue-2686--1	C07D1A50AFBDCCB849EC71C1F895D371CF7823851BC40043ECB8FBC29BE1C6FA	응…… 전에 모추링 씨랑 바이셴위랑 학생식당에서 같이 밥 먹었어.	REVIEWED	LM	2687
dialogue	2687		GM-ALL-dialogue-2687--1	0611959BBB8F9D6AB07EC04CF6B29472E649C060247F1921B942D607B2B9595C	으으…… 리밍, 나한테 말 안 했어……	REVIEWED	HXC	2688
dialogue	2688		GM-ALL-dialogue-2688--1	6ABDCED5908432F0DE8617A8F3F6D69C86A47AAB313A707F219CDC206AF6D051	미안. 전에 모추링 씨가 학교에서 갑자기 나타나서 너 놀래 주자고 했거든…… 타코야키 하나 먹을래?	REVIEWED	LM	2689
dialogue	2689		GM-ALL-dialogue-2689--1	5C7A9F97ADB5BED9D4C6ACA666DFFD0E37FDA970EBCFC2C8C0060523A483E295	응.	REVIEWED	HXC	2690
dialogue	2690		GM-ALL-dialogue-2690--1	77AA0C14879E0CD505A2C37C8C90D5B5A37098CBBDD89B79FEA624D2FB0ED850	감동이야…… 오빠가 드디어…… 새 친구를 사귀었어……	REVIEWED	MM	2691
dialogue	2691		GM-ALL-dialogue-2691--1	2DBBE6458A0A030C6D6EAD6730C1C730B0AB6FF1A835F6FAF1E0338BB47B5CED	아들 다 키웠다고 감격하는 엄마 같은 소리 하지 마!?	REVIEWED	LM	2692
dialogue	2692		GM-ALL-dialogue-2692--1	E959A5EB587F3532C6DD0BB15DA54FC5F39486B45CBC49108358871343BC491D	영양 균형 따위는 전혀 고려하지 않은 저녁 식사는 금세 사라졌다.	REVIEWED		2693
dialogue	2693		GM-ALL-dialogue-2693--1	E3B0C44298FC1C149AFBF4C8996FB92427AE41E4649B934CA495991B7852B855		EMPTY_CONTROL		2694
dialogue	2694		GM-ALL-dialogue-2694--1	72CBB5ADA01C21A95E7026E45FE69E98F25AABDBECF993C8627227CE74C6F9B2	그리고 드디어 오늘 밤의 메인 이벤트——	REVIEWED		2695
dialogue	2695		GM-ALL-dialogue-2695--1	CD6700A0DC2BF57607BCDCD1B10BD77DD0C96A06BA6E013577B614D5F21E4079	좋아. 샤오예, 이제 시작할 거니까 네가 가운데 앉아.	REVIEWED	LM	2696
dialogue	2696		GM-ALL-dialogue-2696--1	431162D32A11DDDA3A9107C61233DD5FD3887657064F940BD676DB78931C6E88	어? 내가 조작하는 거야……? 그런데 게임 같은 건……	REVIEWED	MM	2697
dialogue	2697		GM-ALL-dialogue-2697--1	9A295FD33C896B60629720D48D50A349D3355A6ACCB6CE96BAC44A470C519D11	괜찮아요. 마우스만 클릭하면 돼요. 소설 읽는 거랑 똑같아요!	REVIEWED	MCL	2698
dialogue	2698		GM-ALL-dialogue-2698--1	3C0725F06EA967ECE39D3D4B983A15FBAD3629FC6BA1765CAB96D76FA40B6F59	샤오예는 조금 망설이다 우리 한가운데에 앉아 마우스를 잡았다.	REVIEWED		2699
dialogue	2699		GM-ALL-dialogue-2699--1	6BF14EF30662CB24F9168B9D91B529E9F5D159023421A4723C03653E435525DC	『lost*』는 이미 실행해 둔 상태였다.	REVIEWED		2700
dialogue	2700		GM-ALL-dialogue-2700--1	CF538028E2C10C28954DB4E078D1EA462104DAE7081536C2D78C8E13DDCAB4D6	샤오예는 우리를 한 바퀴 둘러봤다. 이렇게 많은 사람이 보고 있어서인지 조금 긴장한 듯했다.	REVIEWED		2701
dialogue	2701		GM-ALL-dialogue-2701--1	986615D73BF86CA4A5D4D3B71C16A50AB9C98043C1A248134419557A3A3808F9	그러다 작게 숨을 내쉬고 게임 시작 버튼을 눌렀다.	REVIEWED		2702
dialogue	2702		GM-ALL-dialogue-2702--1	A2E4755C7B801B6A2213FA7F477B2AC119000C740AB4559D5532EEC6E1D09279	『lost*』는 정석적인 감동계 단편 미연시다.	REVIEWED		2703
dialogue	2703		GM-ALL-dialogue-2703--1	167DD30783FE549012EF6F056DE211D8725DCEE45A75DF6A770EA1D5588AF53D	세상의 종말을 앞두고 남주와 여주 둘만 남은 세계에서 벌어지는 이야기.	REVIEWED		2704
dialogue	2704		GM-ALL-dialogue-2704--1	59FA8FB8AA488491F51F732BDD5B3F19807347B50E93BC698452B1FC8BCA374E	시작부터 여주가 결국 죽게 된다는 사실을 플레이어에게 알려 준 뒤 처음부터 차근차근 이야기를 풀어 간다. 남주는 여주와 함께 점점 다가오는 죽음과 이별을 향해 걸어가고, 마지막에는 남주가 여주에게 작별을 고하며 끝난다.	REVIEWED		2705
dialogue	2705		GM-ALL-dialogue-2705--1	C001B0BCEE98FBFB19C75567161886837C3375140D64B774ECDD72D957992826	자유를 향한 마음, 멸망하는 세계 속의 순수한 사랑, 고독한 세상에서 서로 곁을 지키는 모습은 수많은 플레이어의 눈물을 뽑아냈다.	REVIEWED		2706
dialogue	2706		GM-ALL-dialogue-2706--1	2052DA2858806264A9E31D169E4C411CF81E48CB1EC9145C02B18BDC1B727C1A	샤오예도…… 이 작품의 매력을 느낄 수 있을까……	REVIEWED		2707
dialogue	2707		GM-ALL-dialogue-2707--1	5342382A6F21E4C7868174A7EBA1B902BAE465377613883244B62C6A09891019	다른 언어로 말하네……	REVIEWED	MM	2708
dialogue	2708		GM-ALL-dialogue-2708--1	F4EBFDFC323199AC33DAC11EA8224625E51527B21598B09CDE1C9DCC0BF5DD09	주로 글을 보면 돼. 음성은 캐릭터 감정을 이해하는 정도로 들으면 되고.	REVIEWED	LM	2709
dialogue	2709		GM-ALL-dialogue-2709--1	6C6A3741C4CB9751638401BDC83207081C694F736CC69BF05E62EADE868263EF	샤오예, 애니 볼 때처럼 따라가기 힘들진 않죠?	REVIEWED	MCL	2710
dialogue	2710		GM-ALL-dialogue-2710--1	6D09CDAF7D5E633F6AB3B9807E326094554E38FF0C0AD067A0FF5A6B73C046E1	책장 넘기듯 천천히 읽을 수 있으니까…… 응. 괜찮아.	REVIEWED	MM	2711
dialogue	2711		GM-ALL-dialogue-2711--1	FD77C74946764FEDA1C19A74BBB2649095FDE06CB839ED57559CC22D0EE56940	모추링이 내게 ‘거봐요!’라는 표정을 지었다.	REVIEWED		2712
dialogue	2712		GM-ALL-dialogue-2712--1	E3B0C44298FC1C149AFBF4C8996FB92427AE41E4649B934CA495991B7852B855		EMPTY_CONTROL		2714
dialogue	2714		GM-ALL-dialogue-2714--1	AC93A7F73F2CFA8047CC7B8B71F8B34D4ECAD69618346A907205FAA4A4F9CABD	아, 이제야 여주인공이 나오는구나……	REVIEWED	BXY	2715
dialogue	2715		GM-ALL-dialogue-2715--1	66D67564E75ECDB26AE035614EE3FBCA508AAA63E31666DF83CE630143CDA04E	그림체, 귀여워…… 원화가가 누구야?	REVIEWED	HXC	2716
dialogue	2716		GM-ALL-dialogue-2716--1	B9BACF3D2D0CB7C065E37DE7C647BFCE70FCEEAF4BAD6574B45022A6D48A68EF	오래전부터 활동한 원화가인데, 내 기억에는……	REVIEWED	LM	2717
dialogue	2717		GM-ALL-dialogue-2717--1	070A47EAE21362B5991A22D07B09CD0432AD8F77E6EF72EDC709570A7FEFEBF0	이 애가 여주인공이야?	REVIEWED	MM	2718
dialogue	2718		GM-ALL-dialogue-2718--1	DF2FCA44022359D5FA443F185653FF99B6AB240517EF125296E86D95048EDB9C	백발 적안 로리! 귀엽죠!	REVIEWED	MCL	2719
dialogue	2719		GM-ALL-dialogue-2719--1	A7F878B8CED1A7957C560D573E30DDBBC1696E38C370513AACBBF4BFF12E7F43	……	REVIEWED	BXY	2720
dialogue	2720		GM-ALL-dialogue-2720--1	4EA3B42BA7F5D32E0B35D7AEC7DE1492667C690AF6AD6D99643B466B2EB5E98D	……응. 그런데 목소리는 얼굴보다 의외로 성숙하네……	REVIEWED	MM	2721
dialogue	2721		GM-ALL-dialogue-2721--1	D4DC5D21A74BC339AA91FE3C1CE38D3B0772DA740ECC1F01E4E1680EB339071D	나도 처음 할 때 그렇게 느꼈어. 뒤에 가면 이유를 알게 될 거야.	REVIEWED	LM	2722
dialogue	2722		GM-ALL-dialogue-2722--1	E3B0C44298FC1C149AFBF4C8996FB92427AE41E4649B934CA495991B7852B855		EMPTY_CONTROL		2724
dialogue	2724		GM-ALL-dialogue-2724--1	11A5703CAA1DC0A8997F6476B537F9AE1B65427C41FDB41D31610C0BD785ACD6	처음에는 샤오예가 너무 지루해하지 않을까 걱정했다. 이 작품은 감정 묘사가 무척 섬세한 대신 초반 전개가 상당히 느리기 때문이다.	REVIEWED		2725
dialogue	2725		GM-ALL-dialogue-2725--1	5CCFCFC6B2E254202F129362C9E64A9ECA5A6F99E4BAB7A23D37123A22DF4181	하지만 평소 책을 자주 읽어서인지 샤오예는 오히려 조금씩 빠져들기 시작했다.	REVIEWED		2726
dialogue	2726		GM-ALL-dialogue-2726--1	8005573C7B2B30A71FD491173F364CC6A3CD1FFEC426BD4E8CA737D9764324BE	세상이 곧 멸망하는데도 연구소 밖에 한 번도 나가 본 적이 없다니……	REVIEWED	MM	2727
dialogue	2727		GM-ALL-dialogue-2727--1	AC1063FE28A539F68EADB53AA23AF1530BD699556ACCF4D50C1E88289C0109F9	밖에 데리고 나가서 보여 주고 싶네.	REVIEWED	LM	2728
dialogue	2728		GM-ALL-dialogue-2728--1	A7F878B8CED1A7957C560D573E30DDBBC1696E38C370513AACBBF4BFF12E7F43	……	REVIEWED	HXC	2729
dialogue	2729		GM-ALL-dialogue-2729--1	A7F878B8CED1A7957C560D573E30DDBBC1696E38C370513AACBBF4BFF12E7F43	……	REVIEWED	LM	2730
dialogue	2730		GM-ALL-dialogue-2730--1	BEC0234019B1CF277584637930134D4B7A2819503BC52FAE3EFE294C48A62CDE	참고로 샤오청은 아까부터 꾸벅꾸벅 졸더니 지금은 내 어깨에 기대 깊이 잠들어 있다.	REVIEWED		2731
dialogue	2731		GM-ALL-dialogue-2731--1	95E31ACFFAA85347D7F3B0731203C7D8A0B5DA3431545F6A32AF97ED62C8492E	미연시를 별로 안 해 본 사람이 처음으로 슬로우 스타트 작품을 접하면 보통 이런 반응인 거겠지…… 아마도.	REVIEWED		2732
dialogue	2732		GM-ALL-dialogue-2732--1	CE05E5E045215C813EC570ACF0861DF01B8AE05DB90E6992568367B31B803C70	지금은 밤 8시다. 잠깐 졸게 둬도 괜찮겠지. 그런데 이렇게 귀여운 애가 어깨에 기대 있는데도 별로 불편하거나 부끄럽지 않다는 게 나 스스로도 조금 의외였다.	REVIEWED		2733
dialogue	2733		GM-ALL-dialogue-2733--1	7B9F3B15773FD0B46437734089EEE2541BF7702A1CFDD4F922A284A09D6416E2	……뭐, 한샤오청이니까 괜찮아.	REVIEWED		2734
dialogue	2734		GM-ALL-dialogue-2734--1	E3B0C44298FC1C149AFBF4C8996FB92427AE41E4649B934CA495991B7852B855		EMPTY_CONTROL		2736
dialogue	2736		GM-ALL-dialogue-2736--1	28E8B0CB4EF3BA10B90A59ECBA21F2431D22CFADC6D583F68DB39DF8F03AE50C	남녀 주인공은 바깥세상으로 나왔다. 하지만 이 별의 사람들은 이미 우주선을 타고 떠났고, 얼마 뒤면 지구도 운석에 의해 멸망한다.	REVIEWED		2737
dialogue	2737		GM-ALL-dialogue-2737--1	F41BDCD1B2EACE105A72472CB796F23FDCE954212146B36D96F9FD2226C0F534	그리고 그 무렵, 신체 기능이 점점 떨어지고 있던 여주에게도 남은 시간이 많지 않았다.	REVIEWED		2738
dialogue	2738		GM-ALL-dialogue-2738--1	1DE830F12FDEBC5ABA7B8A081855A059BB40B41CF02FAE8B3755E311E43555B9	이후의 이야기는 둘이 아무도 없는 세계에서 평범하면서도 행복한 나날을 보내다, 조금씩 여주의 삶과 지구의 종말을 맞이하는 내용이다.	REVIEWED		2739
dialogue	2739		GM-ALL-dialogue-2739--1	A7F878B8CED1A7957C560D573E30DDBBC1696E38C370513AACBBF4BFF12E7F43	……	REVIEWED	MM	2740
dialogue	2740		GM-ALL-dialogue-2740--1	8F571D250788A48229AF3FD36E2368EBBBBDC00B757085DC351B73F932ACBB50	……너무 행복해 보여…… 분명 행복해 보이는데…… 그런데…… 왠지 너무 외로워……	REVIEWED	MM	2741
dialogue	2741		GM-ALL-dialogue-2741--1	81BFEDAD917F30327CAA7F8350C0D031ED2ADB790C65D861D5E29DDD06D0990A	샤오예는 작게 중얼거리며 계속 마우스를 클릭했다. 완전히 곧 멸망할 그 세계 속에 빠진 모양이었다.	REVIEWED		2742
dialogue	2742		GM-ALL-dialogue-2742--1	E1EA00B75968051A578D9119868C0B93E93F41F5F0BAE502DADD2EE8A2782701	저는 사실…… 이런 느낌을 꽤 좋아해요.	REVIEWED	BXY	2743
dialogue	2743		GM-ALL-dialogue-2743--1	E0723336363FCF2735A7F994085B1189D36FC82A5418EDC14F70C5B92770E355	어? 세상이 멸망하는 느낌을 좋아한다고?	REVIEWED	LM	2744
dialogue	2744		GM-ALL-dialogue-2744--1	520D1A86F2556A0687DDCE6F0012414B40D419774B3666924FBA44C054EDFCF0	아…… 아니에요. 그러니까…… 세상에 둘만 남아서, 나랑 내가 사랑하는 사람만…… 아무한테도 방해받지 않고 조용히 살아가는 그런 느낌이요……	REVIEWED	BXY	2745
dialogue	2745		GM-ALL-dialogue-2745--1	35916D50962E8326FD63B89C164A50AE87210014F3EF0CC3EB000E7926885CEF	응. 전 좋아해요……	REVIEWED	BXY	2746
dialogue	2746		GM-ALL-dialogue-2746--1	E46950289177E5CC8CE365D5B557C5137C8E2C5523D376A39C44FE65FCFB55A4	에~ 그러면 엄청 외롭지 않아요?	REVIEWED	MCL	2747
dialogue	2747		GM-ALL-dialogue-2747--1	7DF53001B37E449CA6D3986ECF0EC516CFC145F13FAD79E284996813209C5107	……그럴까요……?	REVIEWED	BXY	2748
dialogue	2748		GM-ALL-dialogue-2748--1	E3B0C44298FC1C149AFBF4C8996FB92427AE41E4649B934CA495991B7852B855		EMPTY_CONTROL		2750
dialogue	2750		GM-ALL-dialogue-2750--1	6E72647F35D2F4208968CE761011E0CE685C3C2990CD81908A10C1ED90C52ADC	이야기는 후반부로 접어들었다.	REVIEWED		2751
dialogue	2751		GM-ALL-dialogue-2751--1	9461F2DD4222E4339CF4713C049A0D9C7A7DCEE0F13BFA3764B44C3FBC12E286	여주의 죽음이 다가오고 있다는 징조가 점점 뚜렷해지고, 그 슬픔에 호응하듯 지구의 붕괴 역시 날이 갈수록 심해졌다.	REVIEWED		2752
dialogue	2752		GM-ALL-dialogue-2752--1	8720596C585B4224418B3A0F4670098DECAC9B2AF919513EF063EA5EC0DE5E54	처음 이곳에 도착했을 때 느꼈던 행복은 처음부터 존재하지 않았던 것처럼 사라지고, 남주가 사랑하는 그녀는 이제 자유롭게 움직일 수도 없었다.	REVIEWED		2753
dialogue	2753		GM-ALL-dialogue-2753--1	23393D577691C808EBCA9F06D696C159464249492A75A9BD8228672622008A37	결말에 가까워질수록 우리도 점점 말을 잃었다.	REVIEWED		2754
dialogue	2754		GM-ALL-dialogue-2754--1	AD5340862F92A6C871EE97C2487BC658F85CB888243CD7AE9F1CA61F41B1E28F	여주가 죽는다는 것도 알고, 곧 그 명대사가 나온다는 것도 안다. 그래서 더 쉽게 코끝이 찡해지는 거겠지.	REVIEWED		2755
dialogue	2755		GM-ALL-dialogue-2755--1	309CE867547D1B0CCEE6EC097493967151520135CEA182B3FCC347F3F56079B8	고개를 돌리고 엄지손가락으로 젖은 눈가를 몰래 훔쳤다.	REVIEWED		2756
dialogue	2756		GM-ALL-dialogue-2756--1	F3DDA503C9040372E83656651DD8A1DBE8134252C1A4FE9BB9AB1E164AA5395F	아무도 못 봤겠지……	REVIEWED		2757
dialogue	2757		GM-ALL-dialogue-2757--1	A7F878B8CED1A7957C560D573E30DDBBC1696E38C370513AACBBF4BFF12E7F43	……	REVIEWED	MM	2758
dialogue	2758		GM-ALL-dialogue-2758--1	9AADC435849C25A1BA45EB98221D55D7F41356F3070C37C7A8282FFEEC518BA0	화면 빛을 받아 샤오예의 눈가가 희미하게 반짝이는 게 보였다.	REVIEWED		2759
dialogue	2759		GM-ALL-dialogue-2759--1	E3B0C44298FC1C149AFBF4C8996FB92427AE41E4649B934CA495991B7852B855		EMPTY_CONTROL		2760
dialogue	2760		GM-ALL-dialogue-2760--1	A7F878B8CED1A7957C560D573E30DDBBC1696E38C370513AACBBF4BFF12E7F43	……	REVIEWED	MM	2761
dialogue	2761		GM-ALL-dialogue-2761--1	4EE31950EB6932BBFCEDA99B59D147DAE21FF206314266C73072F7ABC0638C9E	……샤오예.	REVIEWED	LM	2762
dialogue	2762		GM-ALL-dialogue-2762--1	F7600C0E6B5D2369DF9A4E43911FC701B04FCBF956EB1A7316D208EF4D346EEE	휴지를 건네자 샤오예는 작게 고맙다고 말한 뒤 한 장을 뽑아 눈을 닦았다.	REVIEWED		2763
dialogue	2763		GM-ALL-dialogue-2763--1	862C39E7D3AA42A59287436AFF5797F548339D5B173EA7FE12CC54C4D0E7E4B0	깊이 숨을 들이쉬었는데, 그 숨소리마저 살짝 울먹이는 듯했다.	REVIEWED		2764
dialogue	2764		GM-ALL-dialogue-2764--1	A7F878B8CED1A7957C560D573E30DDBBC1696E38C370513AACBBF4BFF12E7F43	……	REVIEWED	HXC	2765
dialogue	2765		GM-ALL-dialogue-2765--1	9779A60AC59FEA6DE949B8E6A1036A6DFA69B3A0CE808CF10060518D18ADF934	한샤오청은 언제 깬 걸까……? 샤오청도 화면을 뚫어져라 바라보고 있었다.	REVIEWED		2766
dialogue	2766		GM-ALL-dialogue-2766--1	9FEB86F76929D61C4CC457752488BA836FE00AE96DDF3FA2E59CDC42EB88A426	언제나 잔잔한 그 표정 아래에서 이렇게 슬픈 이야기를 보며 무슨 생각을 하고 있을까.	REVIEWED		2767
dialogue	2767		GM-ALL-dialogue-2767--1	5BD9F297D1533F8ABF9AB7A48CCA394954D3893B729D0FE65696A5416248D53D	마우스를 계속 클릭할수록, 이야기가 진행될수록 여주의 남은 생명도 줄어들었다.	REVIEWED		2768
dialogue	2768		GM-ALL-dialogue-2768--1	AE44E80318368711B8B48181CA0F4C1007B913E82E4F0871D53174659DDE1CF1	곧 이야기의 절정이 찾아왔다.	REVIEWED		2769
dialogue	2769		GM-ALL-dialogue-2769--1	D8B27C76D92AE90BAD4F3E6B518912AE31080D7F4EAA0F1D5BEDC1ED238EE759	믿기지 않을 만큼 아름다운 호숫가에서, 남주는 편안히 떠난 여주에게 조용히 말했다——	REVIEWED		2770
dialogue	2770		GM-ALL-dialogue-2770--1	01E7236DC42BF32D9AC912170E271B7291F52B3F31840D070B401ACE43A9E78B	——잘 자——	REVIEWED		2771
dialogue	2771		GM-ALL-dialogue-2771--1	A7F878B8CED1A7957C560D573E30DDBBC1696E38C370513AACBBF4BFF12E7F43	……	REVIEWED	LM	2772
dialogue	2772		GM-ALL-dialogue-2772--1	67E77116B5756CA961DD20235670EF95B785D94C402D1C350BCCEE42F209E4AD	젠장……! 몇 년이 지나 다시 봐도 이 장면은 못 참겠어! 왜 눈물이 멋대로 나오는 건데!	REVIEWED		2773
dialogue	2773		GM-ALL-dialogue-2773--1	7BE2CBEDC789283801390621626885995AFDE1FC57FCB9134EDCD714C244ED37	샤오예 쪽은 보지 않았다. 작게 훌쩍이는 소리가 들렸기 때문이다.	REVIEWED		2774
dialogue	2774		GM-ALL-dialogue-2774--1	A7F878B8CED1A7957C560D573E30DDBBC1696E38C370513AACBBF4BFF12E7F43	……	REVIEWED	MM	2775
dialogue	2775		GM-ALL-dialogue-2775--1	167590DEC1A8AFDF74BB699677D1EAB8ECCCD92F5028AECE8AD7F8CA97233E96	남한테 우는 모습을 보이는 건 아무래도 조금 거부감이 들 테니까.	REVIEWED		2776
dialogue	2776		GM-ALL-dialogue-2776--1	E73C5AA1C16301888FC083069586901920F611B1D9129F199794AE57AC803B18	그러니 방해하지 말고, 이야기에 감동받은 이 순간을 충분히 즐기게 두자.	REVIEWED		2777
dialogue	2777		GM-ALL-dialogue-2777--1	E3B0C44298FC1C149AFBF4C8996FB92427AE41E4649B934CA495991B7852B855		EMPTY_CONTROL		2779
dialogue	2779		GM-ALL-dialogue-2779--1	879AA5227A89E18036E84650BE3F99663265D1349E4045E13D66EAB7916070CE	밤 10시. 게임을 끝까지 클리어했다.	REVIEWED		2780
dialogue	2780		GM-ALL-dialogue-2780--1	FE4FAE115977CB67F2EA0C4A29B85D1AEEDD507BCE951577BA8308FD233CBCE2	엔딩에서 남주의 애절한 독백과 잔잔한 바이올린 소리가 나오자 샤오예는 더 이상 버티지 못했다.	REVIEWED		2781
dialogue	2781		GM-ALL-dialogue-2781--1	51E8F176E5CF1CBB322A7A7273403BAB2ADC39AF33F849E2DD94465370BDC24D	흑…… 흐으……	REVIEWED	MM	2782
dialogue	2782		GM-ALL-dialogue-2782--1	1614B4DDFA8D4D28FA6D3F8DE10A541DD5F8232431C6781E51925A4C327C9F6B	휴지가 연달아 뽑혀 나갔고 눈과 볼이 함께 빨갛게 달아올랐다.	REVIEWED		2783
dialogue	2783		GM-ALL-dialogue-2783--1	968A65035D24B0B7BD2B0BBA68EA25F71E8A719BCB50FA4EFA6E49AB2BB52B12	이런 샤오예를 보니…… 조금 마음이 아프면서도 기뻤다.	REVIEWED		2784
dialogue	2784		GM-ALL-dialogue-2784--1	3EDB920CFE6558789694402B5B7C1EDD94D1E4B4F7DB24463D691F2C03A40235	샤오예도 이 작품이 훌륭하다는 걸 느꼈고, 몰입한 정도는 내가 예상했던 것보다 훨씬 깊었다.	REVIEWED		2785
dialogue	2785		GM-ALL-dialogue-2785--1	05F9245198EDA83F47451F1DA278413268D1419B3D322EC374138871FDE22EAA	샤, 샤오예. 괜찮아……?	REVIEWED	LM	2786
dialogue	2786		GM-ALL-dialogue-2786--1	02FA9992DA0A7886D01DF4E91CC56E12C9079745465767107C3A33482EB110F8	으으으흐아아——!!	REVIEWED	MCL	2787
dialogue	2787		GM-ALL-dialogue-2787--1	1DB5E413542281873639AF3E639A530EF46423921835D2750F78A343D65C1A58	왜 당신도 울고 있어요!? 이미 해 봤잖아요!	REVIEWED	LM	2788
dialogue	2788		GM-ALL-dialogue-2788--1	114AE8546D8DC3B2F8609523A850CE75CAE08AA9D70A46DE590AB8F2624359D4	그, 그치만, 그치만……! 다시 봐도 너무 감동적이잖아요——	REVIEWED	MCL	2789
dialogue	2789		GM-ALL-dialogue-2789--1	6F53C22034E10167F2C3DC66DBC42BD06B02D90ED089021FB4C2631E91DAE3C3	사랑하는 사람의 시신을 지키면서 혼자 지구에 남는다니, 그런 건 싫어요——	REVIEWED	MCL	2790
dialogue	2790		GM-ALL-dialogue-2790--1	95D0280E1EC59791FDA7FF102CD59F0EDFFE6323631132F91F2466F27A4689C5	선배도 울었잖아요……	REVIEWED	BXY	2791
dialogue	2791		GM-ALL-dialogue-2791--1	1402C673666705810ED0CE6C28C388B99A7AC7BE52996E28705721BD957BD5FC	윽…… 들켰어……?	REVIEWED	LM	2792
dialogue	2792		GM-ALL-dialogue-2792--1	3BBD5ADCC9673EA046821875F1360AE0FBEFCA8703A64953798421AF8EC65245	리밍, 몰래 눈물 닦았어.	REVIEWED	HXC	2793
dialogue	2793		GM-ALL-dialogue-2793--1	80823FB0C17F4DEC4017F222525CDA0A1948EAD4EFCCF9E3E05A09D562DE3AAC	샤오청 너도 봤어!?	REVIEWED	LM	2794
dialogue	2794		GM-ALL-dialogue-2794--1	CCFCBA31AEF958F39C6A0013F1D0940F8BAEE4B062B5FE0266C202AC154DE694	하지만, 이해해. 이야기가 감동적이었어……	REVIEWED	HXC	2795
dialogue	2795		GM-ALL-dialogue-2795--1	85011F2284B62D391FCCD466320DEEBBBACF7D13D86049597AED468228719B53	어? 한샤오청도 감동적이라고 느꼈구나…… 지루해하거나 아예 제대로 안 보고 있을 줄 알았는데……	REVIEWED		2796
dialogue	2796		GM-ALL-dialogue-2796--1	D0B7D27B2840E99FEAC38C2D7F6CD4C83614E55AC46B7A5BE695006AB63ADA3D	왠지, 리밍이 엄청 실례되는 생각을 하고 있는 것 같아……	REVIEWED	HXC	2797
dialogue	2797		GM-ALL-dialogue-2797--1	A7F878B8CED1A7957C560D573E30DDBBC1696E38C370513AACBBF4BFF12E7F43	……	REVIEWED	MM	2798
dialogue	2798		GM-ALL-dialogue-2798--1	859051E831AA125FEBAF30AFFC00B2A41C40AC4B8D2AC6C3E681BAD9B0D37A18	후우……	REVIEWED	MM	2799
dialogue	2799		GM-ALL-dialogue-2799--1	47FDE06AC075F0CF35D6DEE72292C453728968E41DE1A90197FF4D18344E08FD	샤오예는 그제야 겨우 진정했다.	REVIEWED		2800
dialogue	2800		GM-ALL-dialogue-2800--1	D34EC360DFD976C4FBBC984593BDA3EAE56D49A830CDD051512B8E7636E4568F	샤오예와 모추링이 나눠 쓰는 바람에 휴지도 얼마 남지 않았다.	REVIEWED		2801
dialogue	2801		GM-ALL-dialogue-2801--1	24DFA49D1E9D3181A0B0B12CDA0B29E61B4B947F86D426B9890414FB305B3071	감동해서 흐느끼는 건 멈췄지만 눈가에는 아직 눈물이 조금 맺혀 있었다.	REVIEWED		2802
dialogue	2802		GM-ALL-dialogue-2802--1	E93C1D96C5EBF6DBFC7A2DCB72AA713767A1527D2228794D46C1D8C2EA76873E	……어땠어?	REVIEWED	LM	2803
dialogue	2803		GM-ALL-dialogue-2803--1	A7F878B8CED1A7957C560D573E30DDBBC1696E38C370513AACBBF4BFF12E7F43	……	REVIEWED	MM	2804
dialogue	2804		GM-ALL-dialogue-2804--1	1D1F7D758679D65097E39A54946A534DF2BEA8FFF7958CAD94E5ABD2EF13E4AD	응…… 정말 좋은 이야기였어……	REVIEWED	MM	2805
dialogue	2805		GM-ALL-dialogue-2805--1	FE8C55B2875CE90F2F4B6939A34CBB965622B24810CB2448929239443F7C1D74	예전에 읽던 소설과는 달리 계속 은은하게 우울한 분위기가 있었어…… 그런데 또, 굉장히 따뜻했어.	REVIEWED	MM	2806
dialogue	2806		GM-ALL-dialogue-2806--1	66F38735361F99878FC2B8D7D1DED689B0FFFC9A0F0B2A4A568F69C57F7AEF21	따뜻하다……인가. 나도 그렇게 느낀다. 슬프지만 따뜻한 것, 그게 이 작품의 매력이다.	REVIEWED		2807
dialogue	2807		GM-ALL-dialogue-2807--1	E3E946DCE9417B696A8AF180150F75ABB8A38E9AABE6099BEFAC47568638403D	샤오예가 제대로 느껴 줬다.	REVIEWED		2808
dialogue	2808		GM-ALL-dialogue-2808--1	4C695D18582C3A1455E32B6EE807F5957171F6297CA812E63D93B4C650B0E8E9	샤오예가 재밌게 느꼈다니 다행이에요. 혹시 안 맞는데도 억지로 계속하는 건 아닐까 걱정했거든요……	REVIEWED	MCL	2809
dialogue	2809		GM-ALL-dialogue-2809--1	522FD094C6C5F64BCF6147A057988D5ED3A554C51EDC620D93BFFEF6576A3BF8	아니, 절대 그런 거 아니에요……!	REVIEWED	MM	2810
dialogue	2810		GM-ALL-dialogue-2810--1	03ECD6A114FCE3A8B15C058C109A966E63605AADE35D2ED42E9F28CFEFF51AE1	……전에는 이런 걸 전혀 몰랐어요. 어젯밤에도 혹시 애니 볼 때처럼 또 못 따라가면 어떤 반응을 해야 하나 생각했는데……	REVIEWED	MM	2811
dialogue	2811		GM-ALL-dialogue-2811--1	50A757EF67E0A641F56D051D81DB240E68E05EBB5421C1305100BD6AFE3F4777	그런데 정말 감동적인 이야기였어요…… 음악도, 그림도…… 이런 걸 처음 경험해 봤어요.	REVIEWED	MM	2812
dialogue	2812		GM-ALL-dialogue-2812--1	A7AD1DE741ADFFF0EDF0E7D07CF2893C40D8AE3B5F0F4661763A1E5B4BD34672	샤오예는 우리 한 사람 한 사람의 눈을 진지하게 바라봤다.	REVIEWED		2813
dialogue	2813		GM-ALL-dialogue-2813--1	C6005D3A33FF72E40BCB42F468A15F72F8328BE5B5A779590B5E70B428131DB9	샤오예는 살짝 고개를 숙였다——	REVIEWED		2814
dialogue	2814		GM-ALL-dialogue-2814--1	5EACDE6CE33703F96DAB24FCB0EE28E0AD1E1F0EB864DA84A8C843D500D76E24	고마워요…… 저 때문에 이렇게 많이 준비해 줘서.	REVIEWED	MM	2815
dialogue	2815		GM-ALL-dialogue-2815--1	5CEA746740E00A632072C08EC398FDAA92153ACD2BB10F87064031053956B01B	그러고는 아직 눈물이 맺힌 얼굴에 미소를 띠었다.	REVIEWED		2816
dialogue	2816		GM-ALL-dialogue-2816--1	98255218AD04B017197CCF11B2D0723FE1944D4CC9BF84935383BEFF950EB4F7	오늘 밤, 모두와 같이 이 이야기를 끝까지 읽을 수 있어서 정말 즐거웠어요.	REVIEWED	MM	2817
dialogue	2817		GM-ALL-dialogue-2817--1	E3B0C44298FC1C149AFBF4C8996FB92427AE41E4649B934CA495991B7852B855		EMPTY_CONTROL		2818
dialogue	2818		GM-ALL-dialogue-2818--1	161D6DB37AF839900DECFDAD191DC1F8E25398F649DEFF64A42043CB889159B9	바이셴위와 한샤오청도 웃고 있네……	REVIEWED		2819
dialogue	2819		GM-ALL-dialogue-2819--1	51EA45F504F7B5CB59BA68E33B1DB6B31CD1457BBBECFD9D2459DD46C10838A4	나도 지금 분명 저절로 미소 짓고 있겠지.	REVIEWED		2820
dialogue	2820		GM-ALL-dialogue-2820--1	DA9E8BB5D46D137EDB1715D84D38D8A9AB6B62016572B015C2EA7DD3F4CCA2E6	샤오예, 이제 조금은 알겠죠? 왜 사람들이 애니나 만화를 좋아하고, 미연시를 좋아하는지.	REVIEWED	MCL	2821
dialogue	2821		GM-ALL-dialogue-2821--1	B940C5E14646553B1336A5D4406A4BEACEA0553041536CF5628072D3A3B5FFB6	이런 이야기들이 정말 많아요…… 하나를 끝낼 때마다 깊은 인상이 남죠.	REVIEWED	MCL	2822
dialogue	2822		GM-ALL-dialogue-2822--1	0A752F28ACA27A0852EB723CBBB5FA5FA8E8D7B31BFADE935C7FD0EE9E385782	물론 미연시니까…… 제일 중요한 건! 귀엽다는 거예요!	REVIEWED	MCL	2823
dialogue	2823		GM-ALL-dialogue-2823--1	DBF17000623B1CC32459710CF04FDEEC009D82930062D2B22530FBE79594D08A	미연시에는 반드시 미소녀가 있어야 한다.	REVIEWED	LM	2824
dialogue	2824		GM-ALL-dialogue-2824--1	E330AE33BECCF3AA4FF446C0A8D7A22D20E0A59F6170ED40092405B17344908C	나는 존재하지도 않는 안경을 밀어 올리는 척하며 오른손 검지를 들었다.	REVIEWED		2825
dialogue	2825		GM-ALL-dialogue-2825--1	13A02B7E57801E51201CE9E34CBE049934AE3711019BF0D184E314C1CEA4C28E	……풉.	REVIEWED	BXY	2826
dialogue	2826		GM-ALL-dialogue-2826--1	86506A160ACF16B9339AC7E63C69EA28B21C2CCF167BEB9663698B1A2375F660	아…… 네! 여주인공도 귀여웠어요. 예전에는…… 눈이 이렇게 큰 그림체가 조금 익숙하지 않았는데, 지금은…… 오빠가 왜 좋아하는지 조금 알 것 같아요.	REVIEWED	MM	2827
dialogue	2827		GM-ALL-dialogue-2827--1	CF6ED2501BA80AEFDFEF98FE28B4C51753C6448F401A2B660B4F964EF8BA722A	이렇게 귀여운데……	REVIEWED	HXC	2828
dialogue	2828		GM-ALL-dialogue-2828--1	1F6B6788E11E0288241A6083B5525A80C1388E66C33C2EBFED8200E700BFC214	그렇죠! 귀엽죠! 아, 우리 가게에 이 캐릭터 태피스트리도 있는데 볼래요?	REVIEWED	MCL	2829
dialogue	2829		GM-ALL-dialogue-2829--1	14090992684A6695D943D69C3C2C71DBEC5554A1B5BCF82D830785A52234BD89	네. 괜찮다면 보고 싶어요.	REVIEWED	MM	2830
dialogue	2830		GM-ALL-dialogue-2830--1	D8A1F4E6CFAF17ACE129865CD31E23B374068EAC399B97C666889554F7D95E2A	좋아요! 잠깐만 기다려요!	REVIEWED	MCL	2831
dialogue	2831		GM-ALL-dialogue-2831--1	E3B0C44298FC1C149AFBF4C8996FB92427AE41E4649B934CA495991B7852B855		EMPTY_CONTROL		2832
dialogue	2832		GM-ALL-dialogue-2832--1	A7F878B8CED1A7957C560D573E30DDBBC1696E38C370513AACBBF4BFF12E7F43	……	REVIEWED	LM	2833
dialogue	2833		GM-ALL-dialogue-2833--1	9CE406C1D4CC6D4EE10026871E29B9C5854CE0F28C70AA6CDA7FA99A95B224D6	쓰읍——	REVIEWED	LM	2834
dialogue	2834		GM-ALL-dialogue-2834--1	AFA504EF5A2881918D7B23B1C92EC5EB5F8AB17262D1205B622F21F6A1114637	그거…… 샤오예가 보면 안 될 만한 건 아니겠지.	REVIEWED		2835
dialogue	2835		GM-ALL-dialogue-2835--1	A38F834E3B9D9A5E431170AAAB7DE0BD35D91AB4B7EF896E0011E8EBAD917D31	모추링이 태피스트리를 가져왔다.	REVIEWED		2836
dialogue	2836		GM-ALL-dialogue-2836--1	1957325C5E054532250D7C2F81FF4EEAB00C87A8927131EFD784C1DF5009B59A	오오! 수영복 버전이잖아!	REVIEWED		2837
dialogue	2837		GM-ALL-dialogue-2837--1	895361FFBF88D5A8C40D47F8DD3D03DF2042CA9360D08738BCBB4FAA39495404	……	REVIEWED	LM	2838
dialogue	2838		GM-ALL-dialogue-2838--1	C7F2E69159DD900ADAA2304E7ABBEC6A7C0D6877D5E2AE86064681B0F65D93A5	어, 잠깐 잠깐 잠깐! 샤오예한테 그걸——	REVIEWED	LM	2839
dialogue	2839		GM-ALL-dialogue-2839--1	553F146A40BF63742204EC59CBDA388A705E5343028D863073FD1B5ECA65C274	아…… 어!?	REVIEWED	MM	2840
dialogue	2840		GM-ALL-dialogue-2840--1	2E70C276848E9B540803DE247ADCCFF3CBF637C9F94473C573480EBE9F9B4741	왜, 왜 이렇게 노출이 많은 옷을 입고 있는 거예요!?	REVIEWED	MM	2841
dialogue	2841		GM-ALL-dialogue-2841--1	0DF580BBFBC1420FB2A224CA29F0C97841A5F0139570CB44381B943E0992C3E4	어? 그런가요? 그냥 수영복인데?	REVIEWED	MCL	2842
dialogue	2842		GM-ALL-dialogue-2842--1	79BE21D889E87D9EA2CA0165C8D862D6276AC8B590D69E74B120CFDC945929E3	게임에서는 이런 옷 한 번도 안 입었잖아요……!	REVIEWED	MM	2843
dialogue	2843		GM-ALL-dialogue-2843--1	B21A1EB358CD481F5E39F1F1F9C4663D782F4A5A4AE1D64DB2FF65CAFC97A966	게임 굿즈니까 아무래도 사람들 구매욕을 좀 자극해야 하잖아……	REVIEWED		2844
dialogue	2844		GM-ALL-dialogue-2844--1	814B6973D82404268CF2F25E0ACC960B342654E044C6D8C5883EAAD73D037386	조금은 이해하게 됐어도 샤오예는 여전히 이런 건 익숙하지 않은 모양이다——그래도 그걸로 됐다. 그래야 샤오예답지.	REVIEWED		2845
dialogue	2845		GM-ALL-dialogue-2845--1	E3B0C44298FC1C149AFBF4C8996FB92427AE41E4649B934CA495991B7852B855		EMPTY_CONTROL		2847
dialogue	2847		GM-ALL-dialogue-2847--1	1BA5801B0D66F5823BE56AFB024B3904EDE98F9DBA24D6AD53867A5676F97015	우리는 바닥에 널린 쓰레기를 정리하기 시작했다. 이제 헤어질 시간이었다.	REVIEWED		2848
dialogue	2848		GM-ALL-dialogue-2848--1	30C84E4AAFC03DADD43A0540905D77F49C2B30AADF20F5EAB1FE459AAC9A3197	모추링은 힘껏 기지개를 켜며 만족스러운 표정을 지었다.	REVIEWED		2849
dialogue	2849		GM-ALL-dialogue-2849--1	FD93C0097116C32744042209A2A6373B47E7BDBE936F17514ECD13DBE4DBF0FE	으으——푸하! 오늘 밤…… 정말 즐거웠어요——또 하나 꿈이 이루어졌어!	REVIEWED	MCL	2850
dialogue	2850		GM-ALL-dialogue-2850--1	87CA782B0530A0CA593DC659B4AFE752224ADAFCF39A9EB2F7177D59E99EC565	꿈…… 오늘 밤 딱히 엄청 대단한 걸 하진 않았잖아요?	REVIEWED	LM	2851
dialogue	2851		GM-ALL-dialogue-2851--1	310C8BD30329A37FD21C16917FBBF3B431B84AF92D798F5478AD839BF6CD3AEF	헤헤~ 친한 친구들이랑 큰 TV로 미연시 하기——나 예전부터 이거 꼭 해 보고 싶었어요!	REVIEWED	MCL	2852
dialogue	2852		GM-ALL-dialogue-2852--1	CD24D4EDD92722467A3365CA1FA32093DE10F235439D2CCBDBA4F2D96E880FF5	……전연령이라 다행이네요……	REVIEWED	LM	2853
dialogue	2853		GM-ALL-dialogue-2853--1	8BC05B6C26EB26769931C0461E00F4F40C766A27B728846CD763424B87756355	전에 기숙사에서 미연시를 하다가 옆의 룸메이트들이 놀려 댔던 일이 떠올랐다. 그래도 악의 없는 장난이어서 싫지는 않았지만…… 물론 그런 경험은 가끔 한 번이면 충분하다.	REVIEWED		2854
dialogue	2854		GM-ALL-dialogue-2854--1	84B600858F2C170B3D23FEEE8F0D47224E815D8FEE9EE91CCB1E5109FB93EEF5	내일, 여주인공 그리고 싶어. 그림체도 조금 따라 그려 보고 싶어……	REVIEWED	HXC	2855
dialogue	2855		GM-ALL-dialogue-2855--1	E592C7C136A058236DCEDA1E19EB20600082684746850EAEC1520FFEA2E06552	그 게임 그림체, 십수 년 전 거잖아요?	REVIEWED	BXY	2856
dialogue	2856		GM-ALL-dialogue-2856--1	CE3FCDD23D57101EE6DD65E4F4596C1EC074FF9609B216EB67A419A07C3F19BB	귀엽기만 하면, 뭐든 배울 수 있어.	REVIEWED	HXC	2857
dialogue	2857		GM-ALL-dialogue-2857--1	BF599D50E82D5611FC8B24060490928E65101B765F1FAD46406EA9148D819DBB	……하아…… 괜찮은 걸까요……?	REVIEWED	BXY	2858
dialogue	2858		GM-ALL-dialogue-2858--1	9D0DB9E9298CEBE522DD0ACDF5572DA1C388137237BCB3A5DB47447355ABC5C2	미연시 팬아트면 나중에 벽에도 걸 거야?	REVIEWED	LM	2859
dialogue	2859		GM-ALL-dialogue-2859--1	1FE830177B13000238D5EDE2650DA04CF37EDF0AF4F22FA278DA60AE82C9015A	그래도 돼.	REVIEWED	HXC	2860
dialogue	2860		GM-ALL-dialogue-2860--1	CB656ABB65451EA52CE293F49AD3D068F8AC30B00AA77071E40BCF36971E644A	어! 정말요!? 한샤오청 선생님 새 그림을 또 볼 수 있는 거예요? 여기 와서 그릴 거고요?	REVIEWED	MCL	2861
dialogue	2861		GM-ALL-dialogue-2861--1	A7F878B8CED1A7957C560D573E30DDBBC1696E38C370513AACBBF4BFF12E7F43	……	REVIEWED	MM	2862
dialogue	2862		GM-ALL-dialogue-2862--1	2808DF87463B7A04065D8B4382F0BCDF9A4D1AFD49A57B09667144A2C6AFFF41	샤오예가 멍하니 모두를 바라보고 있는 게 눈에 들어왔다.	REVIEWED		2863
dialogue	2863		GM-ALL-dialogue-2863--1	66426C0FAC6CCF46D3ACE9250BC6B522BF415783B7B17941FC10B6DADA891EA9	샤오예, 왜 그래?	REVIEWED	LM	2864
dialogue	2864		GM-ALL-dialogue-2864--1	31C853DFE65E6C9F013A2872E6B31010FCE9FE0C24FE69458F7983A7ED66FC72	아…… 오빠……	REVIEWED	MM	2865
dialogue	2865		GM-ALL-dialogue-2865--1	843C1F577132B4FA137E9EB6B926C24F86C41779311EEBC7A391462C13DE0D4B	다들, 왜 여기에 오게 된 거야?	REVIEWED	MM	2866
dialogue	2866		GM-ALL-dialogue-2866--1	BD929DE022DDB1E0D6702026E2C785CE48B47268BB4567C3A62184DE866E2BAA	우리는 하던 행동을 멈췄다.	REVIEWED		2867
dialogue	2867		GM-ALL-dialogue-2867--1	901AE29379530626E9C30E3643A97D05FF91257ED99AF4E042DC69F71D42CDE6	아…… 그러니까, 왜 계속 여기에 오는 거냐는 뜻이야.	REVIEWED	MM	2868
dialogue	2868		GM-ALL-dialogue-2868--1	5EE0F7884970E89A27A9944DFC02BDB207DFB55CA152D82C2300A650A4163210	처음에는 다들 서로 모르는 사이였잖아? 여기도 그냥 굿즈샵이고, 보통 이렇게 자주 마주칠 일도 없을 텐데……	REVIEWED	MM	2869
dialogue	2869		GM-ALL-dialogue-2869--1	9BC579613828C50834B3D02578FCD25E68E891F7C4503B63D47C07BF1C697A21	그런데 일주일도 안 됐는데, 벌써 다들 꽤 가까워진 것 같아서……	REVIEWED	MM	2870
dialogue	2870		GM-ALL-dialogue-2870--1	B951EB910D9563F34A06FCFEC86A4D2E642C0E8F12FE869F87FB0CC9232CA10D	여기 있는 물건들이 좋아서 그런 건지, 아니면……?	REVIEWED	MM	2871
dialogue	2871		GM-ALL-dialogue-2871--1	0C004E97409D1C13B05DB485D67D53451C846232FE2A0FD9D0187613C05A3D00	우리는 서로를 바라봤다.	REVIEWED		2872
dialogue	2872		GM-ALL-dialogue-2872--1	68AC38569B5DEB0CDDD3A1A46CECC20C377A622CCAD2589542D3961E0A532B73	갑자기 그런 질문을 받으니 바로 이유가 떠오르지 않았다.	REVIEWED		2873
dialogue	2873		GM-ALL-dialogue-2873--1	FA1AE43B24825C83B59888CB1C7345B18693BE5A8FBC7612C651A1A84F5EFAEE	왜, 계속 여기에 오는 걸까……?	REVIEWED		2874
dialogue	2874		GM-ALL-dialogue-2874--1	242FA311445DE08CA5ACF6BB0E6F036FDF1C7C632ECB3EAF76FC0D38E19434B6	전에 수업이 끝나자마자 무의식적으로 그래플링 하우스에 가야겠다고 생각했던 순간이 떠올랐다. 그때도 나 자신이 조금 의아했지.	REVIEWED		2875
dialogue	2875		GM-ALL-dialogue-2875--1	A7F878B8CED1A7957C560D573E30DDBBC1696E38C370513AACBBF4BFF12E7F43	……	REVIEWED	BXY	2876
dialogue	2876		GM-ALL-dialogue-2876--1	D795F6CF3684FED24CAFD4704210EDE2D76F051D22DFC559343D43FE140C66B0	가장 먼저 대답한 건 바이셴위였다.	REVIEWED		2877
dialogue	2877		GM-ALL-dialogue-2877--1	EBEE6A42F3638DB6EB1C0901E227FA17B6FD4510B3224ED1EE44EDE4DFB8AD55	딱히 특별한 이유는 없어요…… 부모님이 집에서 게임하는 걸 싫어하셔서 여기로 왔어요.	REVIEWED	BXY	2878
dialogue	2878		GM-ALL-dialogue-2878--1	E6C0D43C62F11B4D156EC77FB187267FEB5FE72CEC3B42F1E92904D863CC30EE	원래는 가끔만 오려고 했는데…… 응. 선배랑 약속했으니까……	REVIEWED	BXY	2879
dialogue	2879		GM-ALL-dialogue-2879--1	4928FB7373C682F81A4BE252C6AF3CE947773EECE0725D93CFB117A9A6182EF5	다음에도 같이 게임하기로 한 그 약속 말인가?	REVIEWED		2880
dialogue	2880		GM-ALL-dialogue-2880--1	76397E1E2043DF4E60215F468D14BF66347897CDF7CAE5A5FA0073B932192896	바이셴위는 그 약속을 정말 중요하게 생각하는 듯했다.	REVIEWED		2881
dialogue	2881		GM-ALL-dialogue-2881--1	BB9E42016454B6585840B1BAE360478E49B750422D0FF9395B02C0485F9DA3B3	샤오예가 시선을 한샤오청에게 돌렸다.	REVIEWED		2882
dialogue	2882		GM-ALL-dialogue-2882--1	A6BBE2C1F0E8458BBA89ABA91B22B8B5E662CC9411DF20FE1F073A9367364288	어?	REVIEWED	HXC	2883
dialogue	2883		GM-ALL-dialogue-2883--1	09B2914CBD0CAD2F393C158C98984D0041977B10FA44565998444627D3A6A414	……음…… 영감 찾으려고.	REVIEWED	HXC	2884
dialogue	2884		GM-ALL-dialogue-2884--1	8B7B833A6C58A0EEBEA7A69C8F2ECEABB01AF9AA012F2BF6A646D51A1EB3E808	그리고, 여기 오면…… 내가 그림 그리는 걸 좋아해 주는 사람이 있어서…… 기뻐……	REVIEWED	HXC	2885
dialogue	2885		GM-ALL-dialogue-2885--1	A7F878B8CED1A7957C560D573E30DDBBC1696E38C370513AACBBF4BFF12E7F43	……	REVIEWED	LM	2886
dialogue	2886		GM-ALL-dialogue-2886--1	A696DF6A7462EE0F28C49CD25135CE972A647D5B8BFB5DC55CB115B3D5C87FA0	한샤오청은 학교에서도 여기서도 습관처럼 내 옆에 앉아 그림을 그린다.	REVIEWED		2887
dialogue	2887		GM-ALL-dialogue-2887--1	3ABC2B132C54493348E0177F8088812ED93F4F6C008F203D505D2FC6D27FB330	마음이 놓인다——그런 뜻일까?	REVIEWED		2888
dialogue	2888		GM-ALL-dialogue-2888--1	053B244482B13E7C28C594F09732BA1A600BF4296251DB5FFBEA0F1D2BDF48C1	그럼 나는?	REVIEWED		2889
dialogue	2889		GM-ALL-dialogue-2889--1	1DF0F04579131BD46DC40BA15600881C0291B2B89CA94848188895D98FD7D1C8	수업이 끝나고 나면 이제 텅 빈 자취방으로 혼자 돌아가고 싶지 않다.	REVIEWED		2890
dialogue	2890		GM-ALL-dialogue-2890--1	51B0EE95499CDFABDB2E9218699DB7B20BBD0C0BD93A820990460AB5F7EAE286	여기로 오고 싶은 이유는 뭘까……	REVIEWED		2891
dialogue	2891		GM-ALL-dialogue-2891--1	E75CD73C37654DBE85F04F957711B1A07C3CBEF33FE4FA57C54A49E90FB60C7A	그건——여기 있는 사람들을 만나고 싶어서겠지.	REVIEWED		2892
dialogue	2892		GM-ALL-dialogue-2892--1	DFA52652AE45C5DB5428D8C395ED8B859AC32BE05F7B03256C6D504B04F8FA95	이곳에서 모두와 얘기하고, 같이 뭔가를 하는 것만으로도 마음속 빈자리가 채워지는 느낌이 든다.	REVIEWED		2893
dialogue	2893		GM-ALL-dialogue-2893--1	733F8AB1BBCB328660F22E892C9226ADFC9D67F8132178965C3CE613E41732FB	하지만 이런 말을 입 밖으로 직접 내는 건 너무 부끄럽다.	REVIEWED		2894
dialogue	2894		GM-ALL-dialogue-2894--1	048EEF50C2422B485AF0020AD55744F07C430DEB5F3E66573D43F91E3433DFA9	나는——	REVIEWED	LM	2895
dialogue	2895		GM-ALL-dialogue-2895--1	9CCE2C900A8687310CE59FE7CBB4A7488EE26A2D5084F479C3C75697141DE057	아마, 여기가 좋아서인 것 같아.	REVIEWED	LM	2896
dialogue	2896		GM-ALL-dialogue-2896--1	EF55D68592B69B3581D81198479FEC7D7793E1C85B08BCCD4F63AEC746EE39CA	그래. 아마 난 이미 이곳을 좋아하게 된 것 같다.	REVIEWED		2897
dialogue	2897		GM-ALL-dialogue-2897--1	A7F878B8CED1A7957C560D573E30DDBBC1696E38C370513AACBBF4BFF12E7F43	……	REVIEWED	MM	2898
dialogue	2898		GM-ALL-dialogue-2898--1	957FF6B9865EA013CE8140C3638D703D0D9EE31955E86684FE0A3C67F4BE2A46	응. 알겠어.	REVIEWED	MM	2899
dialogue	2899		GM-ALL-dialogue-2899--1	802AD34D79D809CDE0FADA27FADAD25BFA5260B836417F9B71989258956D3FD1	샤오예가 납득한 듯 미소를 지었다.	REVIEWED		2900
dialogue	2900		GM-ALL-dialogue-2900--1	2EAD32838651ED07761A0F1433522B5F97636D6F420D2C9A6FF6472BE7466743	자기 나름대로 우리를 이해하려 애쓰는 거겠지? 자신은 한 번도 좋아해 본 적 없는 것들을 좋아하는 우리를.	REVIEWED		2901
dialogue	2901		GM-ALL-dialogue-2901--1	61C68143ABFF6D908B34CD8CBE3FA0A1D43B682B9C1F5F00FCD94231990A0F60	으으엥…… 제가 이 가게를 연 건 바로 오늘 같은 장면을 보려고 그랬던 거예요……	REVIEWED	MCL	2902
dialogue	2902		GM-ALL-dialogue-2902--1	99CC167306A60F2382BCB89516916946E3A0DACE68ECF2089C430F97C4BEA8BE	너무 과장하는 거 아니에요?	REVIEWED	LM	2903
dialogue	2903		GM-ALL-dialogue-2903--1	2D90E2192077D3553657E5BFBB132012640900247F06B11D27E7701B38E2714F	사람이 적고, 지금은 여러분 몇 명밖에 없어도…… 그래도 분명 여기가 필요한 사람이 있다고 생각해요.	REVIEWED	MCL	2904
dialogue	2904		GM-ALL-dialogue-2904--1	3E3FCA2D7B9C7D170A53F3E8E0F4DEF1EFD132112FF7C7CB83FFC4BBA2240A77	앞으로는 더 많은 사람이 여기 찾아와서, 그래플링 하우스를 좋아하게 될 거예요!	REVIEWED	MCL	2905
dialogue	2905		GM-ALL-dialogue-2905--1	8958EF54D259B2EDA194C05E775630A940616A52EAD5ABBA6A102B445E0E4425	……응. 분명 그럴 거예요.	REVIEWED	LM	2906
dialogue	2906		GM-ALL-dialogue-2906--1	E3B0C44298FC1C149AFBF4C8996FB92427AE41E4649B934CA495991B7852B855		EMPTY_CONTROL		2908
dialogue	2908		GM-ALL-dialogue-2908--1	3A5F30ADCF05C5A887414A357638C6B69E4434077FEDB04B72C3B5B0AA85C1C2	그 뒤로 우리는 모추링을 도와 그래플링 하우스를 청소했다.	REVIEWED		2909
dialogue	2909		GM-ALL-dialogue-2909--1	E563A510EC2446975CA80C20C02307F2B85A04076B343E6816F122A5D4B24D6A	그럼 저희 먼저 갈게요. 다들 잘 자요.	REVIEWED	LM	2910
dialogue	2910		GM-ALL-dialogue-2910--1	9C33E18CDC80B3DBE7EEEFA603F2E10F21B3897D69F2CE4C3A9EA85853E2F8A3	오늘 정말 고마웠어요.	REVIEWED	MM	2911
dialogue	2911		GM-ALL-dialogue-2911--1	153747902B409621CE54F068DCFE0CB9179700FD5F584AA886111495E9144D8D	잘 자요, 선배…… 샤오예.	REVIEWED	BXY	2912
dialogue	2912		GM-ALL-dialogue-2912--1	5BAC8D294E190461F7051F9146C7BCAB630A22DA83266800487808DC92EDC75C	리밍, 잘 자. 아, 샤오예도.	REVIEWED	HXC	2913
dialogue	2913		GM-ALL-dialogue-2913--1	A01214936508BBA43044CBF1342349F715BE2DE8E8FF3559722D2BEF40397BB1	잘 자요!	REVIEWED	MCL	2914
dialogue	2914		GM-ALL-dialogue-2914--1	AC0FB74A200824AA6A24DD8941322AF05BF0BD78D620E163555621B947A791BF	잘 자——	REVIEWED		2915
dialogue	2915		GM-ALL-dialogue-2915--1	B62376C9DDD95DE877C99F90BE0C029711D69ECB1DF23C5044561D789A0A2597	‘잘 자’라는 말은 지금까지 샤오예한테만 해 왔다.	REVIEWED		2916
dialogue	2916		GM-ALL-dialogue-2916--1	EE61C3BD53F249261DCC128CB3F0DEAC1AF347BEC70E9470835086D43A8E3C7D	어쩌면 오늘부터는 모든 게 조금씩 달라질 수 있을지도 모르겠다.	REVIEWED		2917
dialogue	2917		GM-ALL-dialogue-2917--1	E3B0C44298FC1C149AFBF4C8996FB92427AE41E4649B934CA495991B7852B855		EMPTY_CONTROL		2919
dialogue	2919		GM-ALL-dialogue-2919--1	ECB527A6D12A5DFD145BE33D0E7F1FF0CB4DE3BEF95C4267659CF6ED351E7BA6	다들 정말 진심인 사람들이네……	REVIEWED	MM	2920
dialogue	2920		GM-ALL-dialogue-2920--1	87EDDE57F118D82EF628F3BC65638BDE6F3E73D1F4BCAF4429300789F7C70006	……응.	REVIEWED	LM	2921
dialogue	2921		GM-ALL-dialogue-2921--1	26AA272A0590409318B934AA93A638667711C862F29366B22A94046838631B0E	샤오예와 길을 걸으면서도 아까 서로 ‘잘 자’라고 인사했던 기분 좋은 감각이 계속 떠올랐다.	REVIEWED		2922
dialogue	2922		GM-ALL-dialogue-2922--1	B6441BB43CA7C6AD555144F23ABA1B9B875B1E66560D32132EE0BE494E4E554A	그러면 이제 오빠가 매일 거기 가는 것도 안심할 수 있겠네.	REVIEWED	MM	2923
dialogue	2923		GM-ALL-dialogue-2923--1	8D583353ADEBC8229683227755486471E9017ECB0ADB6599C058F274AFF9FF8C	응…… 응? 전에는 걱정했어? 내가 그래플링 하우스 가는 거.	REVIEWED	LM	2924
dialogue	2924		GM-ALL-dialogue-2924--1	285BAA49EDC8FED8BFE5DB38969E74553CA836805C80A2F3D633F32105BC6D2A	그 가게는 이상한 물건도 이것저것 팔고, 오는 손님들도 다…… 개성이 강해 보였으니까……	REVIEWED	MM	2925
dialogue	2925		GM-ALL-dialogue-2925--1	B216CAAD00351B5BB8CCC38AF23CDBB84C92C7AED13567C9261434AAB3EC9709	그런데 오늘 밤 같이 있어 보니까 내가 너무 걱정했던 것 같아.	REVIEWED	MM	2926
dialogue	2926		GM-ALL-dialogue-2926--1	A5C063D31C1BDD1CA56306752EEB1BA4B0756003CD35BD9C07E6ADB775A5A41A	다들 정말 좋은 사람들이더라…… 그런 친구들을 사귀었으니까 오빠도 꼭, 꼭 소중하게 대해 줘야 해. 알겠지?	REVIEWED	MM	2927
dialogue	2927		GM-ALL-dialogue-2927--1	D1992FC089BF8C93C601568742B0F1D95D57336D8920CDC07DC57DC42F13F04A	……응. 나도 그렇게 생각해.	REVIEWED	LM	2928
dialogue	2928		GM-ALL-dialogue-2928--1	59FC5EBB76FAE1B4ABDB59A8A38A7D6DB8ED335AE8E036FE5AD712F111158CF2	그리고 진짜로, 지금 오빠 표정은 몇 달 전이랑 완전히 달라.	REVIEWED	MM	2929
dialogue	2929		GM-ALL-dialogue-2929--1	74BBD7CDA7078C571494F56D569A96A6F901D8E6CD8EC7B50509CE6F617C4A77	대체 뭐가 다르다는 거야. 나는 전혀 모르겠는데.	REVIEWED	LM	2930
dialogue	2930		GM-ALL-dialogue-2930--1	B3793000D09B87FB41F5D462D66CBB77745D6E6AE1AB39C99BAC479B0EAFC2A8	나도 말로 설명하긴 어렵지만…… 눈에 빛이 생겼다고 해야 하나…… 그런 느낌?	REVIEWED	MM	2931
dialogue	2931		GM-ALL-dialogue-2931--1	E2F5641E59C9990C4E1D8A60A3AFC38EC3C751EDFCFB60DBC5893D688E14B132	예전의 나는 계속 눈에 하이라이트 없는 흑화 상태였던 거야!?	REVIEWED	LM	2932
dialogue	2932		GM-ALL-dialogue-2932--1	F3BB75694B91D4CAAEBFDC03B95EF61C92A94100F9C055C5C7485E5A1B10F445	후후…… 그랬을지도?	REVIEWED	MM	2933
dialogue	2933		GM-ALL-dialogue-2933--1	D9C9317C32732383E5F7BA259FA15F5D7F221D6BC89F562692FCEAECE93B3AB6	샤오예가 그렇게 말할 정도면 정말 그랬던 걸까……?	REVIEWED		2934
dialogue	2934		GM-ALL-dialogue-2934--1	60DE71BDF23E2F8801474119CF66EFAA5D88F515079076FAB31763ECFBD55139	이유는, 나도 알고 있는 것 같다.	REVIEWED		2935
dialogue	2935		GM-ALL-dialogue-2935--1	FB75F49F509CC43B50DF729290354BB25837325F2C73B00C88E8BEFDDEB3EB01	마음속이 한 조각 비어 있는 듯한 느낌을 나는 잊지 못한다.	REVIEWED		2936
dialogue	2936		GM-ALL-dialogue-2936--1	AE856A3153249BFC013EB6F12351D06F29CB74AC4B8E78CD865B5CC02D067D14	그날 이후로 무슨 일이든 열정을 잃었다.	REVIEWED		2937
dialogue	2937		GM-ALL-dialogue-2937--1	BD0CB13B6BB8EE200BDA47CB3DA2DE37A4AC53842A64ADB542D84E7FE0033B28	나는 그랬다고 생각했고, 앞으로도 계속 그 상태일 줄 알았다.	REVIEWED		2938
dialogue	2938		GM-ALL-dialogue-2938--1	54A6E6B8611CD9263F3434515A30149A3D9E691354B6AA5D22833EB63B6A8475	그런데 최근에는…… 조금 달라진 것 같다……	REVIEWED		2939
dialogue	2939		GM-ALL-dialogue-2939--1	D03F056A98CA0F9AFFD633FDDB9AF9F3D78CFCA2DDA3B95CE095C5CF911A9741	정말 내가 이곳에, 그래플링 하우스에 오게 됐기 때문일까?	REVIEWED		2940
dialogue	2940		GM-ALL-dialogue-2940--1	A7F878B8CED1A7957C560D573E30DDBBC1696E38C370513AACBBF4BFF12E7F43	……	REVIEWED	LM	2941
dialogue	2941		GM-ALL-dialogue-2941--1	EA11C94B91222316A4425A18ADB737DEDCB50E66B0A4684875C5676D7DB34805	샤오예, 내일…… 기억하고 있지?	REVIEWED	LM	2942
dialogue	2942		GM-ALL-dialogue-2942--1	01550D023A1E1ABB98AB3645912B75C4BAEB23BA0079C357623BC76466ECCD0C	……응. 걱정하지 마. 나도 오빠랑 같이 갈게.	REVIEWED	MM	2943
dialogue	2943		GM-ALL-dialogue-2943--1	87EDDE57F118D82EF628F3BC65638BDE6F3E73D1F4BCAF4429300789F7C70006	……응.	REVIEWED	LM	2944
dialogue	2944		GM-ALL-dialogue-2944--1	58B1347B14D6A1567964295985DB20C357CFBF9264D951A5FC8202AEDA3E19B2	내일, 11월 20일. 마음 깊이 새겨진 날짜.	REVIEWED		2945
dialogue	2945		GM-ALL-dialogue-2945--1	B4214D759D587608034719FEE5F3BCB73A3E0B944C2CC0BE5DDC52B964E492BC	부모님의 기일이다.	REVIEWED		2946
dialogue	2946		GM-ALL-dialogue-2946--1	E3B0C44298FC1C149AFBF4C8996FB92427AE41E4649B934CA495991B7852B855		EMPTY_CONTROL		2947
dialogue	2947		GM-ALL-dialogue-2947--1	A7F878B8CED1A7957C560D573E30DDBBC1696E38C370513AACBBF4BFF12E7F43	……	REVIEWED		2948
dialogue	2948		GM-ALL-dialogue-2948--1	BF222FE59AEF6C022F3A5E021424AE800B16CF4358F75BFBA1BD99155AA80CFA	——리밍아…… 이제부터는 다른 곳에서 살아야 할지도 몰라. 괜찮겠니?	REVIEWED		2949
dialogue	2949		GM-ALL-dialogue-2949--1	AB7ECF1F2316FAB3923F63EA238A8EDE359241AEA3899B9E93C2E0EF7FCD246D	마음속에서 무언가 하나가 빠져나간 듯했다.	REVIEWED		2950
dialogue	2950		GM-ALL-dialogue-2950--1	2C484CA02FBFCB30A2B9432A8AD77A9690017B290F0E4C8A8B21D9210603F827	……나——	REVIEWED	LM	2951
dialogue	2951		GM-ALL-dialogue-2951--1	9D4851FF3A6A8FB46541BCAB35AB4D396EB71E3636EEAE97088AF271E3C97796	나, 이제 집이 없어——	REVIEWED	LM	2952
dialogue	2952		GM-ALL-dialogue-2952--1	18DC80A515EB00BC4CD32CF6D6D3BD575B7F6F71D9B6DC60CD36D864B5C61A9F	그 뒤에 나는 어디로 갔더라?	REVIEWED		2953
dialogue	2953		GM-ALL-dialogue-2953--1	C4B60D60B6672BA2C3D72C405C3AB8EE3B4340D8DF28A58E136492F1E166F20C	아, 고모부 집이었다.	REVIEWED		2954
dialogue	2954		GM-ALL-dialogue-2954--1	CFB8D9379CEFE9AE8497DFF89D991DA16EA7B1E6E4374470866EB25F92EE4026	이제는 혈연관계조차 없는 친척이었다.	REVIEWED		2955
dialogue	2955		GM-ALL-dialogue-2955--1	675ADBE3E570C9833AD21CAEA0650D5D99FDD347F7A245F122EEC6442FDFC0BB	고모는 아이를 데리고 이혼해 떠났고, 나를 맡게 된 고모부를 처음 봤을 때 나는 그의 지쳐 보이는 모습에 겁을 먹었다.	REVIEWED		2956
dialogue	2956		GM-ALL-dialogue-2956--1	AC866B818E05D27012E63FAB3B087952EF8242FF339806F476F821A92567091F	그런데 나를 보자 고모부는 이렇게 말했다——	REVIEWED		2957
dialogue	2957		GM-ALL-dialogue-2957--1	2946353C9DFE236F884D8356AF89C9B1167C3B52FD362D9A7F5FC1EF7C927C61	——내가 반드시 널 잘 키워 줄 테니까 걱정하지 마——	REVIEWED		2958
dialogue	2958		GM-ALL-dialogue-2958--1	8C49E26ECAD194C5938B552A356135688D6FC1A345993D838C443865684CD805	앞으로는 이 낯선 사람과 둘이 살아야 하는 걸까?	REVIEWED		2959
dialogue	2959		GM-ALL-dialogue-2959--1	4C20FA5C72F18CA1407FCDDD6B030652D9DCAB514B5D54BC51A9A8EE33F8D808	어린 나는 어떻게 반응해야 할지 몰랐다.	REVIEWED		2960
dialogue	2960		GM-ALL-dialogue-2960--1	85630B0F2AC62AB0C94199CDBEA6B2A7BFA591B8F808B8E0C262E8A5E708D5F2	아니…… 아니야. 나는 엄마 아빠랑 같이 있을 거야……! 내 집은 여기가 아니야——	REVIEWED		2961
dialogue	2961		GM-ALL-dialogue-2961--1	89396E4CC6E7B74FE88F65BEE161255A9CF22DAB187957E8B15C9E7BC8FAC61E	하지만 엄마 아빠는 이미……	REVIEWED		2962
dialogue	2962		GM-ALL-dialogue-2962--1	FDFEECF65D32AF473C6B9CA591C83C52F40EE7CA65623DC9B4F807B5A6AF13A7	그래서 나는 집이 없어졌다.	REVIEWED		2963
dialogue	2963		GM-ALL-dialogue-2963--1	E3B0C44298FC1C149AFBF4C8996FB92427AE41E4649B934CA495991B7852B855		EMPTY_CONTROL		2964
dialogue	2964		GM-ALL-dialogue-2964--1	1841CD9AB2F3B5FE7051524996E7076CA4EBA739B0E3E8832FB26B0FB314E280	오빠, 이제 출발할까?	REVIEWED	MM	2965
dialogue	2965		GM-ALL-dialogue-2965--1	3713D37A83C0B243EE81F9F374832B7E015BA007E1A44FDF7FE84E6D4FD0E6C3	응. 잠깐만 기다려.	REVIEWED	LM	2966
dialogue	2966		GM-ALL-dialogue-2966--1	1BAD813605760B16850569F06E6818E02230BBB7D1669D31FF7B89B374B1F948	나가기 전에 책상 위에 놓여 있던 부모님의 사진을 조심스럽게 가방에 넣었다.	REVIEWED		2967
dialogue	2967		GM-ALL-dialogue-2967--1	CAEE388D769144D3EF8B9620FED8024524334805703B24FDC68C0FCA80E0E1A7	이제 돌아가서 만나야 할 때다.	REVIEWED		2968
dialogue	2968		GM-ALL-dialogue-2968--1	1D9F15C57D3E8C535B1FF7005469B15C9A773D15283649F240FB7E660920C314	기억 속에만 남은 그 집으로 돌아가 부모님을 만나야 한다.	REVIEWED		2969
dialogue	2969		GM-ALL-dialogue-2969--1	E3B0C44298FC1C149AFBF4C8996FB92427AE41E4649B934CA495991B7852B855		EMPTY_CONTROL		2971
dialogue	2971		GM-ALL-dialogue-2971--1	895361FFBF88D5A8C40D47F8DD3D03DF2042CA9360D08738BCBB4FAA39495404	……	REVIEWED		2972
dialogue	2972		GM-ALL-dialogue-2972--1	2F7E02BD2E11A453DA940D3A941F1A4CD9E9BC2948693A4BE948EE6906215327	샤오예와 함께 택시에 올랐다.	REVIEWED		2973
dialogue	2973		GM-ALL-dialogue-2973--1	A82E0EE97E5C59DAE40ECF9FD5523DA0B72DA213FDEC22D0727637C6C69E56C9	지금 사는 곳에서 그곳까지는 차로 약 30분 거리다.	REVIEWED		2974
dialogue	2974		GM-ALL-dialogue-2974--1	7A33C4EB2CEDC739825D76AA1C9B8A03FA6DBB46E934BBA18BA301F2EA02B94B	고모부 집에서 살게 된 뒤 나는 다시는 그곳에 돌아가지 않았다——매년 기일만 빼면 어린 시절을 보낸 곳 근처에도 절대 가지 않는다.	REVIEWED		2975
dialogue	2975		GM-ALL-dialogue-2975--1	DB006BFA6038A4415C6B49CEA06B620A8115C2B6BEEAA792F4483BE093C2B32A	기억 속 광경을 다시 보기만 해도 마음 한구석이 욱신거렸기 때문이다.	REVIEWED		2976
dialogue	2976		GM-ALL-dialogue-2976--1	41434F24F1F84A59E57DC60A357E5DFAAE513787BA009FE926F927059CDF2DD2	……후우……	REVIEWED	LM	2977
dialogue	2977		GM-ALL-dialogue-2977--1	918F496491D49408DFAE399692F9CF07C1E376105D30A6203CDCA3F1CA99B4E1	깊게 숨을 들이쉬었다.	REVIEWED		2978
dialogue	2978		GM-ALL-dialogue-2978--1	19A8D23E3B81443ECED6C8E2BCF68C0993B475D29009C5E1E310D1EBE658015A	예전에 살던 곳이 가까워지고 있다.	REVIEWED		2979
dialogue	2979		GM-ALL-dialogue-2979--1	0A549B4C903F9EC611FADC05F5CC245089225884F81996E10553A1300462A4D8	그냥 창밖 풍경만 보고 아무 생각도 하지 않으면 괜찮을 거야.	REVIEWED		2980
dialogue	2980		GM-ALL-dialogue-2980--1	A7F878B8CED1A7957C560D573E30DDBBC1696E38C370513AACBBF4BFF12E7F43	……	REVIEWED	MM	2981
dialogue	2981		GM-ALL-dialogue-2981--1	69CEA63D20E9C5ABEE8CCC00E24110D582901F096754F62B8D94DE151716A1A8	샤오예가 이따금 걱정스럽게 나를 바라봤고, 그럴 때마다 나는 ‘괜찮아’라는 뜻으로 웃어 보일 수밖에 없었다.	REVIEWED		2982
dialogue	2982		GM-ALL-dialogue-2982--1	0145FBDA031CAB0A28D1F8A6682675A04E96C029BEB06BF14AE4EF7CE24D6C15	아니…… 사실 웃는다기보단 쓴웃음에 가까웠겠지.	REVIEWED		2983
dialogue	2983		GM-ALL-dialogue-2983--1	37DEFAD3BAEA7276A580D11692CA23BE25DFE1DCF5311D071B2D8E6D41F0FAE6	눈을 감고 좌석 깊숙이 몸을 묻었다.	REVIEWED		2984
dialogue	2984		GM-ALL-dialogue-2984--1	DC441E98A59A274884AECC93E6E5723C93D8C850A88E2ED08C798B76F9CA8DE2	……역시 십수 년이라는 시간도 마음의 상처를 완전히 지우지는 못했나 보다.	REVIEWED		2985
dialogue	2985		GM-ALL-dialogue-2985--1	A111C4EF6FB9F130A4399C4CE3255DC257983AED2570832383BAAC636299D0F1	그러니까 더 생각하지 말자.	REVIEWED		2986
dialogue	2986		GM-ALL-dialogue-2986--1	E3B0C44298FC1C149AFBF4C8996FB92427AE41E4649B934CA495991B7852B855		EMPTY_CONTROL		2987
dialogue	2987		GM-ALL-dialogue-2987--1	F68E89B430264A93CD0773450B2361E3591458396382E1C2348335257E812A8D	기사님, 앞 교차로에서 꺾지 말고 그냥 직진해 주세요.	REVIEWED	MM	2988
dialogue	2988		GM-ALL-dialogue-2988--1	99793F1DAE4A8282623BE875ED23BF1A17D15303F025B42E62E9DE0A0A544B48	그러면 엄청 돌아가야 하는데? 괜찮아요?	REVIEWED	L	2989
dialogue	2989		GM-ALL-dialogue-2989--1	5D09777FCCF509C0F9A79C53128F7D3C5D15112DEE4B0B5C55A2E9119B949B5F	네. 저쪽은…… 안 지나가도 돼요.	REVIEWED	MM	2990
dialogue	2990		GM-ALL-dialogue-2990--1	A7F878B8CED1A7957C560D573E30DDBBC1696E38C370513AACBBF4BFF12E7F43	……	REVIEWED	LM	2991
dialogue	2991		GM-ALL-dialogue-2991--1	7D911570C80445FA906E4314968B0C61ED69CCEB8FD6FDF690481F5197CA5627	옆에 있던 샤오예가 내 손을 잡았다.	REVIEWED		2992
dialogue	2992		GM-ALL-dialogue-2992--1	A7F878B8CED1A7957C560D573E30DDBBC1696E38C370513AACBBF4BFF12E7F43	……	REVIEWED	MM	2993
dialogue	2993		GM-ALL-dialogue-2993--1	25FD8E486580B6C0C5AD741A631AD00018BD6BDE9E56532259FD35C022E5EE8F	고마워——입 밖으로 말하진 않았지만 내 눈빛에서 알아챈 듯, 샤오예는 손을 조금 더 세게 쥐었다.	REVIEWED		2994
dialogue	2994		GM-ALL-dialogue-2994--1	A5E2510E0950D66B6EE854DBF739626A8CDECD3228AE3363E200BA0FE43B1232	그 길은 바로 그날 부모님이 현장에서 돌아가신 곳이다.	REVIEWED		2995
dialogue	2995		GM-ALL-dialogue-2995--1	E3B0C44298FC1C149AFBF4C8996FB92427AE41E4649B934CA495991B7852B855		EMPTY_CONTROL		2997
dialogue	2997		GM-ALL-dialogue-2997--1	C5ECFEA7E33743379791F940AF604CA7B637C05F8B0A42F42190E57B59A151C4	아파트 단지 근처에서 택시에서 내렸다.	REVIEWED		2998
dialogue	2998		GM-ALL-dialogue-2998--1	CFB63A39E387D8B937EADF6A2DCC6235067A91E4747100FE1960A4C1E1303C30	11월인데도 몸에 닿는 햇빛에는 아직 따뜻함이 남아 있었다. 몇 걸음 걷지도 않았는데 이마에 가느다란 땀이 맺혔다.	REVIEWED		2999
dialogue	2999		GM-ALL-dialogue-2999--1	0942B90F88DE5FF5228A43B6EAF6D62B9F23EA3FD2BF1FBA6A6EC6A772D6C460	정문으로 들어가 왼쪽으로 꺾고, 곧장 간 다음 오른쪽.	REVIEWED		3000
dialogue	3000		GM-ALL-dialogue-3000--1	374C592A1A0E862BDEE6A69A9D866282507D321EED77251CEFFF0179D0F184BD	아직도 기억한다.	REVIEWED		3001
dialogue	3001		GM-ALL-dialogue-3001--1	FF241A72D04140B882A55F75EB184938F11F3CADA01A53BAB78BB569988CC12E	학교가 끝나면 가족의 전동 스쿠터 뒤에 타고 집으로 돌아오던 풍경. 어떤 날은 엄마였고, 어떤 날은 아빠였다.	REVIEWED		3002
dialogue	3002		GM-ALL-dialogue-3002--1	0ABA72BC788A065A62036925E7358D925C211AFFFD1F48D5DEF7FB83136F06E7	집에 오면 서둘러 숙제를 끝내고 아래로 내려가 친구들 이름을 크게 불렀다.	REVIEWED		3003
dialogue	3003		GM-ALL-dialogue-3003--1	4E1CCD0C8B1E86464F11CF0C077BE4028723DB62B09935DB1BBFCD7B84F83FC9	잘 시간이 다 될 때까지 놀다가 부모님이 부르면 집에 들어갔다.	REVIEWED		3004
dialogue	3004		GM-ALL-dialogue-3004--1	64E2CF0748124EE0FE77357D7A34DE183226C81D5D45CBE56EEF0E75B7D0DF82	그 장면들이 다시 눈앞에 떠올랐지만, 흐릿해서 제대로 보이지 않았다.	REVIEWED		3005
dialogue	3005		GM-ALL-dialogue-3005--1	A7F878B8CED1A7957C560D573E30DDBBC1696E38C370513AACBBF4BFF12E7F43	……	REVIEWED	MM	3006
dialogue	3006		GM-ALL-dialogue-3006--1	5FF2378B9304027352FD41135E1DF973CF1A4A05AFED3445AA57D305C00999F0	오빠, 괜찮아?	REVIEWED	MM	3007
dialogue	3007		GM-ALL-dialogue-3007--1	C1277FA22CC42B74F18460BABE88AFE5093F4F907C4F66ED0238F9C435056F98	걱정 마. 드라마처럼 고향집 봤다고 PTSD 도져서 쓰러져 안 깨어나고 그러진 않을 테니까.	REVIEWED	LM	3008
dialogue	3008		GM-ALL-dialogue-3008--1	E11ADCE12816729878830F3BFD404163AA9B28CA26B2C64DD961FB30F1081DF8	……표정, 엄청 무거운데……?	REVIEWED	MM	3009
dialogue	3009		GM-ALL-dialogue-3009--1	B603719B71A2739E39DD547D2616D4C3AF387D6F217A7DE7161FC454046CC4D2	어, 그래?	REVIEWED		3010
dialogue	3010		GM-ALL-dialogue-3010--1	85918CD2F45934B4DFE712E08CC91454617F925EAFD262AFF0B5521DBEFE4EC4	뺨을 만져 보고 나서야 얼굴 근육이 계속 굳어 있었다는 걸 깨달았다.	REVIEWED		3011
dialogue	3011		GM-ALL-dialogue-3011--1	B4392467F3BD1C06A165284646A047ED3EC2D42EEB93B2AEBF5F52BF9F8C03D7	에헤.	REVIEWED	LM	3012
dialogue	3012		GM-ALL-dialogue-3012--1	2B3DA7D68BDD4F96562EAE56FFF3D50EA6CB7327794FC8CED8DDA4BCD1E22420	억지로 웃음을 만들어 봤다.	REVIEWED		3013
dialogue	3013		GM-ALL-dialogue-3013--1	A7F878B8CED1A7957C560D573E30DDBBC1696E38C370513AACBBF4BFF12E7F43	……	REVIEWED	MM	3014
dialogue	3014		GM-ALL-dialogue-3014--1	E3B0C44298FC1C149AFBF4C8996FB92427AE41E4649B934CA495991B7852B855		EMPTY_CONTROL		3015
dialogue	3015		GM-ALL-dialogue-3015--1	4A51EF7666A7A4E36760D5ADDC53C0DBD5F6759845E5DDC64492F2BD63D3D236	우리는 3층으로 올라가 주머니에서 열쇠를 꺼내 현관문을 열었다.	REVIEWED		3016
dialogue	3016		GM-ALL-dialogue-3016--1	97EA46B378AC092B07FA49EAACB8A7E92CD4855E869FEF772F6842151BBCC596	……오랜만이에요. 다녀왔습니다.	REVIEWED	LM	3017
dialogue	3017		GM-ALL-dialogue-3017--1	3CBE9532155349022F8FE75994D84BB97A4DA3C24624CE56FF8B82525E1E2FC5	……실례하겠습니다.	REVIEWED	MM	3018
dialogue	3018		GM-ALL-dialogue-3018--1	CD23D24F4D76DD12DA7BA1BBE152DBD4F6D315388033FFEDB3F4C44C25614E51	샤오예는 아무도 없는 집 안을 향해 작게 인사했다.	REVIEWED		3019
dialogue	3019		GM-ALL-dialogue-3019--1	3FA729ECB57B5385964A7E480EE7056B06392DCEC19A28E941AAD1CFF95D5E64	여덟 살 때 고모부 집으로 간 뒤에도 원래 살던 집은 처분하지 않고 지금까지 남겨 두었다.	REVIEWED		3020
dialogue	3020		GM-ALL-dialogue-3020--1	336698B467C4375798B7921732695D0B8EB36B1D20FB6A2232862173CD62C459	그리고 중학생 때부터는 매년 11월 20일이면 스스로 찾아와 향을 피웠다.	REVIEWED		3021
dialogue	3021		GM-ALL-dialogue-3021--1	46A6FD191DB24F4E748D24918928A491B2881F45D006C24B347324E1279EF6BB	부모님의 유해는 고향에 안치하지 않고, 화장한 뒤 이곳에 모셔 두었다.	REVIEWED		3022
dialogue	3022		GM-ALL-dialogue-3022--1	82CD34252FFCE94A575E46B7516623F328B2B424605B123518B639564B3DB2B3	당시에는 고향 쪽에도 가까운 친척이 거의 없었으니까.	REVIEWED		3023
dialogue	3023		GM-ALL-dialogue-3023--1	6E435E0E9F42A8CCFAC25FF8256BB68472C8504DB8AE43E6D9F860171EB9ABF6	일단 대청소부터 하자……! 오늘도 부탁할게, 샤오예.	REVIEWED	LM	3024
dialogue	3024		GM-ALL-dialogue-3024--1	ECC92BAD47A6742902A7779AAD6C45EAA0A6CCDD73AFC9DF1BEBE632567ACBCE	응. 그럼 나는 거실부터 할게.	REVIEWED	MM	3025
dialogue	3025		GM-ALL-dialogue-3025--1	36F89D8472CFDE3A3487599257971D6854FF1A4639D18A4F0437BE37F9A88256	부엌으로 가서 걸레를 꺼내 수도꼭지 아래에 댔다.	REVIEWED		3026
dialogue	3026		GM-ALL-dialogue-3026--1	B6684E85242875B0614EE004EEC7F62859C7250E03E3EDC61B327F45808CF8D8	——엄마! 봐 봐, 나 계란볶음 만들 줄 알아!	REVIEWED		3027
dialogue	3027		GM-ALL-dialogue-3027--1	EE37402B48F2D1E2ADC4920B42C865F8D80309A1011D86E079869FBF5947C7AA	——밍이 대단하네. 아빠 오면 같이 먹자——	REVIEWED		3028
dialogue	3028		GM-ALL-dialogue-3028--1	5EB37A303A29F63611D9C3C34BCC4E191AC6A6901080475FF169934A68232895	먼저 싱크대 근처의 조리대부터 닦았다. 살짝만 훑어도 걸레에 먼지가 잔뜩 묻었다.	REVIEWED		3029
dialogue	3029		GM-ALL-dialogue-3029--1	DB2E74CA6561860D8DE45360B819B0FDBA20C4EF670A9C30D4E4F904AE5A7D42	몇 번이고 빨아 가며 계속 닦았다.	REVIEWED		3030
dialogue	3030		GM-ALL-dialogue-3030--1	4FBFB4A5B1D79813EEF2E9B867A67BF37790162DBE4DBE3A20A198BC701AA95A	걸레를 몇 장 더 가져올 걸 그랬다.	REVIEWED		3031
dialogue	3031		GM-ALL-dialogue-3031--1	EE27EF7CEE7536DABB409BF8D5F81EB075CE0AFD0B166A801488A17C6C5EB035	——맛있어?——	REVIEWED		3032
dialogue	3032		GM-ALL-dialogue-3032--1	237599DBF9AA1AA89C88A7374DC2FEDAB3D636D02B778BB7862ABDF9D1EAA2F7	——응! 최고야!——	REVIEWED		3033
dialogue	3033		GM-ALL-dialogue-3033--1	A01395863EBFFA7930310C541B2D95D70E07C80194ACA958DEAC711938FA6CE1	——그럼 나 나중에 요리사 해도 돼?——	REVIEWED		3034
dialogue	3034		GM-ALL-dialogue-3034--1	0CB50716A3B297D1F0B43EA23C18826F880C04E3A407D375644D3F920B6D9CDA	——하하하. 밍이가 하고 싶으면 하면 되지——	REVIEWED		3035
dialogue	3035		GM-ALL-dialogue-3035--1	239CAAC160FA5CBC3FD497B48FDA2139C696BC7B36E144E75DC723F64A65A2AD	그러고 보니 전에 샤오예가 사 달라고 했던 전자레인지, 또 안 쓰고 있네.	REVIEWED		3036
dialogue	3036		GM-ALL-dialogue-3036--1	ECA5F1C23CCD34310601EDDF0E8EE3B94BD2D6B799BD08210CB837D088F7FD5B	샤오예, 부엌 끝났어. 도와줄까?	REVIEWED	LM	3037
dialogue	3037		GM-ALL-dialogue-3037--1	1E9006848CC43099334B1DA4D8AAB51FE36C4090D4F59D1DFE3A531C60727FE3	응. 밀대는 화장실에 놔뒀어.	REVIEWED	MM	3038
dialogue	3038		GM-ALL-dialogue-3038--1	DD20E4E08EF2350DDBC8C5229AD579BC46CBFDE827FC9948A3AC0928E3FF95A9	좋아.	REVIEWED	LM	3039
dialogue	3039		GM-ALL-dialogue-3039--1	485341281C2E92C2354FD5E23548651B23A85DFEEE94C3C7F2D00750CD83CF49	——리밍! 너 또 물장난했지…… 거실이 전부 젖었잖아!——	REVIEWED		3040
dialogue	3040		GM-ALL-dialogue-3040--1	63145AC6C7FF036BACF1626A2BBF489B7D1423DF5E2533D2EED658B2530E3818	——……——	REVIEWED		3041
dialogue	3041		GM-ALL-dialogue-3041--1	0DE344DADB7A685F90B4F587AAFF71EBBD84BA3329E9D693F6AFD3CC106A5076	——무슨 일을 하기 전에 다른 사람은 어떻게 생각할지 생각해 보자. 알겠지?——	REVIEWED		3042
dialogue	3042		GM-ALL-dialogue-3042--1	3B4A55286A1B27D44C58AD019F07F5EA7BDCD93E1E94123C20A43FAE37A539BE	——봐, 아빠랑 엄마 책도 다 젖었고 중요한 물건도 많이 젖었잖아——	REVIEWED		3043
dialogue	3043		GM-ALL-dialogue-3043--1	7F842AEB7C938BAAF3A7D810ED0A2C910629C00F2967A971ABBF5FE39473007F	——친구가 네 교과서를 전부 물에 던져 버리면 넌 어떤 기분일까?——	REVIEWED		3044
dialogue	3044		GM-ALL-dialogue-3044--1	5C6FD86AEADE880607F0E0784C52E8F9F9922D51A03EDE11D4CF3F9F78BB8834	——미안해……——	REVIEWED		3045
dialogue	3045		GM-ALL-dialogue-3045--1	1FA533392E34176A232615DF691395C2974988096FE152D57D615DF5CBE6E766	후우…… 가구가 많이 안 남아 있어서 다행이다. 아니었으면 구석 청소하기 너무 힘들었겠어.	REVIEWED	LM	3046
dialogue	3046		GM-ALL-dialogue-3046--1	42048362183BEECE8C2FC44F90B000908282EF432E1C1B6BFF82BAE3FD8C381B	다음은 베란다.	REVIEWED		3047
dialogue	3047		GM-ALL-dialogue-3047--1	72A7A034D1CB721CB70397712394D7BC1B32C9BA8BC8EA8C141C9EF750B2117E	오랫동안 밖에 노출돼 있어서 모래와 흙이 바닥에 잔뜩 흩어져 있었다.	REVIEWED		3048
dialogue	3048		GM-ALL-dialogue-3048--1	FBD3BBD943F23D178B4B83F020EA88FC1C30A1003451D85EC48C9EC10950028F	이건 큰일이겠네.	REVIEWED		3049
dialogue	3049		GM-ALL-dialogue-3049--1	13287F21B74038BF3217852FD88E7BAA1C8E06F8B8A2659BC0AB92E7BCBF7FBF	——엄마가 전에 말한 그거…… 입장…… 뭐였지——	REVIEWED		3050
dialogue	3050		GM-ALL-dialogue-3050--1	2FB40096CE006AF65BFC736B61E2FAE071ABE47942A2D0324DDCC5CD73C84E41	——입장 바꿔 생각하기?——	REVIEWED		3051
dialogue	3051		GM-ALL-dialogue-3051--1	F9D1AC5DF50557987486263F683D40999D2A961DF652F7B2C3129CCC068C4F54	——응, 그거! 왜 다른 사람 생각을 해 줘야 해? 나는 다른 사람이 아닌데——	REVIEWED		3052
dialogue	3052		GM-ALL-dialogue-3052--1	D560B1BE6A4AA95DA1AB254D8CEAD589D03D96C6C8A5892239844A214E3DA238	——……왜냐하면 언젠가 너를 생각해 주는 사람을 만났을 때, 너도 그 사람을 생각해 줘야 함께 잘 살아갈 수 있으니까——	REVIEWED		3053
dialogue	3053		GM-ALL-dialogue-3053--1	1FE29722FEB936943497CFF1CD796E35719AB10E9ADC888CF63829305FBF3875	——생각해 준다는 게 뭐야……?——	REVIEWED		3054
dialogue	3054		GM-ALL-dialogue-3054--1	BC3A35A52A46842377DD0120CE70B60DFDDD6A5E414D994D3B05431A3699E5CA	——음~ 엄마랑 아빠처럼 계속 서로를 신경 쓰고 챙기는 거야——	REVIEWED		3055
dialogue	3055		GM-ALL-dialogue-3055--1	27BC8CE50AF5B3AB9F37233D7391B4539364F1D2216112FFCAAEB8F2F505B274	——어, 어어. 애 앞에서 그런 말은 좀…… 크흠——	REVIEWED		3056
dialogue	3056		GM-ALL-dialogue-3056--1	8537410963158977578A2B3F1537B72224A3A446E57C1A8C343F7B69B759A2C9	——후후——	REVIEWED		3057
dialogue	3057		GM-ALL-dialogue-3057--1	5EC41B06D806694B1791A9694F14B4E8C9FB4F3785542C69A7005E83FBE27394	30분 정도 걸려 겨우 깨끗하게 정리했다.	REVIEWED		3058
dialogue	3058		GM-ALL-dialogue-3058--1	590D2C76ECB628D3273F9AF1FE935DF5501181EB1306B2FEAD1E7F3CFB3C4000	힘들어?	REVIEWED	LM	3059
dialogue	3059		GM-ALL-dialogue-3059--1	6CB4B590A032C37F07D937DE89527251DEEFE6585519FB3794D70EE1E79FC825	괜찮아. 금방 다 청소하겠네.	REVIEWED	MM	3060
dialogue	3060		GM-ALL-dialogue-3060--1	E24AC0451521E75BDAE1EB6392A076A269F58143F839AF70FD39D00862608782	이제 침실만 남았어…… 같이 가자.	REVIEWED	LM	3061
dialogue	3061		GM-ALL-dialogue-3061--1	E3B0C44298FC1C149AFBF4C8996FB92427AE41E4649B934CA495991B7852B855		EMPTY_CONTROL		3062
dialogue	3062		GM-ALL-dialogue-3062--1	E32BA82D4477F925FA95AC0D67E612ECBE939A3D74BD5D7FFE40D8E41FC44D60	나와 샤오예는 부모님 침실로 들어갔다.	REVIEWED		3063
dialogue	3063		GM-ALL-dialogue-3063--1	0EC5F300C986037E8A521E822668D0EBACC0C6D0C0CFC2D5ED1D9DAACB6F05EC	그곳에는 두 분의 유골함과——	REVIEWED		3064
dialogue	3064		GM-ALL-dialogue-3064--1	F4083BFABDBA6D7E734B2723422F12A5D28CEB56230F1F52AD22ABC7DD7F17D1	그때 깜짝 선물로 몰래 사 두셨던 장난감 해적선이 놓여 있었다.	REVIEWED		3065
dialogue	3065		GM-ALL-dialogue-3065--1	53AB4E15D42ABEDB9FD0A5EDC976C9070901F2C4C4388F91348B02AFDF6CF52F	——밍아, 엄마가 뭐라고 했는지 기억하지?——	REVIEWED		3066
dialogue	3066		GM-ALL-dialogue-3066--1	F1C4BF0C3639F9848BE9E40F00DE5249B44467A9074CB56C546172903B8190FB	——으으……——	REVIEWED		3067
dialogue	3067		GM-ALL-dialogue-3067--1	4A49451E352B8177A028660D7FB1705B3076E634C881DEDC2028484DF4CC2BD3	——지금은 월말이라 엄마 아빠가 아직 월급을 못 받았어. 월급 받으면 그때 사면 안 될까?——	REVIEWED		3068
dialogue	3068		GM-ALL-dialogue-3068--1	D68FCFE661D0CFD4EBB9E1DD0951A7022392451890F0AF8DE15118DD8D88F1A4	——그럼 이렇게 하자…… 기말고사에서 밍이가 좋은 점수를 받으면 엄마랑 아빠가 선물로 사 줄게.——	REVIEWED		3069
dialogue	3069		GM-ALL-dialogue-3069--1	23D11D501460CF9D953ED80470D8B9263139F9181F5586C086A8697CA04EB964	——진짜? 약속한 거야!——	REVIEWED		3070
dialogue	3070		GM-ALL-dialogue-3070--1	1C5B00D4FFAACA39AB5DA7353CEB8C0B1F2310BBE77CE679DBA9C786D43D56F1	——응, 약속했어——	REVIEWED		3071
dialogue	3071		GM-ALL-dialogue-3071--1	1792201F4E83331FA53A4787850C389F3FF0F5EFABD13BC382215F6B3049091E	그런데 약속을 어겼잖아.	REVIEWED		3072
dialogue	3072		GM-ALL-dialogue-3072--1	0447FD9EDE1DCC4DFD1CC582240FB22FDA8551B19EB21A2C698267F41373989B	기말고사는 한 달도 더 남았는데, 월급을 받자마자 몰래 사 버리다니. 그런 게 어디 있어.	REVIEWED		3073
dialogue	3073		GM-ALL-dialogue-3073--1	938458942ED85DB8C96FA29782CDBA41837CB44E6019E3D29886C8BDC0AEB5AA	그때까지 기다렸다가 준다고 약속했잖아.	REVIEWED		3074
dialogue	3074		GM-ALL-dialogue-3074--1	FE3F11FBCD0A14441833A78520B626581A7B580147E1A45C6D09E5547F8B0B32	왜 그렇게 서둘러 떠나 버린 거야.	REVIEWED		3075
dialogue	3075		GM-ALL-dialogue-3075--1	9DC2128995D6AA1D27E81B9CEF96A1316576BCC7FB7A073B744C4C97DB922F19	다른 사람 입장에서 생각하라고 가르쳐 놓고서는——	REVIEWED		3076
dialogue	3076		GM-ALL-dialogue-3076--1	34AB7ECD20CB0B96CA29B5D1617046ED7537B10773C43DF8EF7627DCE01A86C7	……오빠.	REVIEWED	MM	3077
dialogue	3077		GM-ALL-dialogue-3077--1	CA3C12C55DC7A52E9F15A2C53009B59AF2453C470D634EE84FA13CE27CD456A8	……향 피우자.	REVIEWED	LM	3078
dialogue	3078		GM-ALL-dialogue-3078--1	87EDDE57F118D82EF628F3BC65638BDE6F3E73D1F4BCAF4429300789F7C70006	……응.	REVIEWED	MM	3079
dialogue	3079		GM-ALL-dialogue-3079--1	E3B0C44298FC1C149AFBF4C8996FB92427AE41E4649B934CA495991B7852B855		EMPTY_CONTROL		3080
dialogue	3080		GM-ALL-dialogue-3080--1	6C6FCFF5E3F746409D61FCC295CCEB3865A03016DA10F7797EC3A6FBB400C2DB	창문을 열자 햇빛이 비스듬히 들어와 텅 빈 바닥을 비췄다.	REVIEWED		3081
dialogue	3081		GM-ALL-dialogue-3081--1	6F9DE3D6A70F154D7F214302E972B156B888E978646D52635AA1BE0004B1F2FE	유골함 뒤에 액자를 꺼내 놓고 향을 올린 뒤, 나와 샤오예는 두 손을 모았다.	REVIEWED		3082
dialogue	3082		GM-ALL-dialogue-3082--1	730C3CF848841615DCD6E8C1E567C544FDABC60CF4194226B7F2E5DF922A88DA	두 분께 무슨 말을 할까…… 너무 자세할 필요는 없겠지. 최근에 있었던 일이나 조금 이야기하자.	REVIEWED		3083
dialogue	3083		GM-ALL-dialogue-3083--1	A7F878B8CED1A7957C560D573E30DDBBC1696E38C370513AACBBF4BFF12E7F43	……	REVIEWED	LM	3084
dialogue	3084		GM-ALL-dialogue-3084--1	4B1ECE99F00E5EFE14F862BB4AEE6B211420DFAAACD4108E0634C3130EFDB1E9	작년에 샤오예가 저한테 맨날 집에만 틀어박혀서 안 나간다고 했잖아요. 두 분이 계셨다면 그 얘기 듣고 많이 걱정하셨겠죠?	REVIEWED	LM	3085
dialogue	3085		GM-ALL-dialogue-3085--1	238712ADD9BED5A90222DF18A87FFA1AAC1DC171F83F303BA70585F08EB5B343	그런데 요즘은 새 친구를 많이 사귀었어요. 그리고 다들 정말 좋은 사람인 것 같아요…… 그러니까 걱정 안 하셔도 돼요.	REVIEWED	LM	3086
dialogue	3086		GM-ALL-dialogue-3086--1	2431AF0C152450273CBABE083C261ACD2DA732CC9DCC92AC1D73FE45D33FB2A7	전에는 계속 너무 밋밋하고 지루한 나날만 보냈어요. 뭔가 해야 할 일을 찾고 싶었는데 계속 못 찾았고요.	REVIEWED	LM	3087
dialogue	3087		GM-ALL-dialogue-3087--1	4F27D19A09989748B27614BCAD01AD7A77B29339F01A0453EE6A48A6D7394260	두 분이 계셨다면 그냥 어릴 때 말했던 것처럼 요리사나 해 보라고 하셨을까요?	REVIEWED	LM	3088
dialogue	3088		GM-ALL-dialogue-3088--1	54119FC055685AA19C6A0BDFA4DB0035C970C50FDC5B60378296CA9F285EBA05	아직 계셔서 같이 상의할 수 있었다면…… 분명 이것저것 해 보라고 응원해 주셨겠죠……	REVIEWED	LM	3089
dialogue	3089		GM-ALL-dialogue-3089--1	A7F878B8CED1A7957C560D573E30DDBBC1696E38C370513AACBBF4BFF12E7F43	……	REVIEWED	MM	3090
dialogue	3090		GM-ALL-dialogue-3090--1	8BDA76F1CCD23B0AD5DE65D6B4AE20C8D0D44053CDF81EA163526CA9AD2FAEB4	원래는 그렇게 생각했다.	REVIEWED		3091
dialogue	3091		GM-ALL-dialogue-3091--1	998CE4C217A7116B9FF8A9C0322954CE456C81F60CE832E09FF020BDFFD4BCCF	그런데 지금은…… 그 친구들이랑 있으면 정말 즐거워요.	REVIEWED	LM	3092
dialogue	3092		GM-ALL-dialogue-3092--1	68CF1DB91CC527639446A90D2DD4B03236947444A9CD07B63C260AD9EC735F48	그때 저한테 해 주신 말도 계속 잊지 않고 있고요.	REVIEWED	LM	3093
dialogue	3093		GM-ALL-dialogue-3093--1	D560B1BE6A4AA95DA1AB254D8CEAD589D03D96C6C8A5892239844A214E3DA238	——……왜냐하면 언젠가 너를 생각해 주는 사람을 만났을 때, 너도 그 사람을 생각해 줘야 함께 잘 살아갈 수 있으니까——	REVIEWED		3094
dialogue	3094		GM-ALL-dialogue-3094--1	FF14149864A405966A9CC0BF50DFB2910677A34C6D09E140359084E2D0875D39	아직도 제가 하고 싶은 일, 의미 있는 일은 못 찾았어요.	REVIEWED	LM	3095
dialogue	3095		GM-ALL-dialogue-3095--1	9B6E8FF3BEF4CEC5AB344D0701682AC47A8AF7ECE0266AD09BCEA361FAE674F9	그래도 거기에 있으면, 금방 찾을 수 있을 것 같아요.	REVIEWED	LM	3096
dialogue	3096		GM-ALL-dialogue-3096--1	8C22E467F2A64A4BE3404FAA155C7F8F089B5CFACC10A22A648E184EFE3A6EC5	그래. 부모님께 하고 싶었던 말은 바로 이것이었다.	REVIEWED		3097
dialogue	3097		GM-ALL-dialogue-3097--1	E9173472E6F4824B9B1DDFBF8E58F54ED943048B6D064E220D5BB8E70E9259A2	나는 유골함을 향해 힘껏 고개를 끄덕였다.	REVIEWED		3098
dialogue	3098		GM-ALL-dialogue-3098--1	A7F878B8CED1A7957C560D573E30DDBBC1696E38C370513AACBBF4BFF12E7F43	……	REVIEWED	MM	3099
dialogue	3099		GM-ALL-dialogue-3099--1	7BC1133BB5135B960AA0E67BE038AF8C771590733C9A20F756B06A04DB05E84F	아저씨, 아주머니. 앞으로도 제가 오빠 잘 챙길게요.	REVIEWED	MM	3100
dialogue	3100		GM-ALL-dialogue-3100--1	EE5DEC31DF9C203D031A37CD63D134311D64469C2112016A78FF214E80A94563	지금은 예전보다 훨씬 생기 있어졌어요. 그러니까 너무 걱정하지 마세요.	REVIEWED	MM	3101
dialogue	3101		GM-ALL-dialogue-3101--1	6905CAF0C3742F7FB550342B6BA5D919685EEE371C7D8F0B4271055AB21C9DEC	어쩌면 오빠, 새로운 집을 찾은 걸지도 몰라요. 후후.	REVIEWED	MM	3102
dialogue	3102		GM-ALL-dialogue-3102--1	C69A33C78FBE3502F92F76979E20B68248678DD1088D09ED9E24591CC504009F	샤오예는 눈을 감고 액자를 향해 두 손을 모았다.	REVIEWED		3103
dialogue	3103		GM-ALL-dialogue-3103--1	A7F878B8CED1A7957C560D573E30DDBBC1696E38C370513AACBBF4BFF12E7F43	……	REVIEWED	LM	3104
dialogue	3104		GM-ALL-dialogue-3104--1	0CF23FF79410EBED454048F990D05CCF173F07AE9368548CFA4E59F127AC3481	그럼 아빠, 엄마. 내년에 또 올게요.	REVIEWED	LM	3105
dialogue	3105		GM-ALL-dialogue-3105--1	653C1957FCAB0C4B0F17FE45DA341E0A037EDACFA8BCBDFF864846A7BB52C692	샤오예와 물건을 정리하고, 집을 나서기 전에 다시 한번 조용히 고개를 숙였다.	REVIEWED		3106
dialogue	3106		GM-ALL-dialogue-3106--1	E3B0C44298FC1C149AFBF4C8996FB92427AE41E4649B934CA495991B7852B855		EMPTY_CONTROL		3107
dialogue	3107		GM-ALL-dialogue-3107--1	3ED7399BAD2D3F7B26B603EFD37EE4C1CC5F679F716A7C99AA204FC9FA8B7659	샤오예를 처음 만난 게 언제였더라?	REVIEWED		3108
dialogue	3108		GM-ALL-dialogue-3108--1	130A2CA636B37B7D86C1F932DA492AE96C482AFE66D25556316E436F76357E74	아홉 살…… 아니, 아직 아홉 살 되기 전이었나. 여덟 살 때였던 것 같다.	REVIEWED		3109
dialogue	3109		GM-ALL-dialogue-3109--1	81D54BB871DE9470B000D490E8920C0C3404CFA26D8414AFF8265527B0957894	전학한 뒤 처음 맞은 여름방학이었던 걸로 기억한다.	REVIEWED		3110
dialogue	3110		GM-ALL-dialogue-3110--1	FE21167A0385DB6BBCA90F7F06555A68EF4A1BB043CF563056F4793A4B8D07D0	그날은 고모부와 거실에서 TV를 보고 있었다.	REVIEWED		3111
dialogue	3111		GM-ALL-dialogue-3111--1	DBBEE916D8E72DBDDD9EEF55ADD65F9662B53E92F69D24EBABCC61249F0E079B	평소에는 고모부와 거의 대화를 나누지 않았는데, 그날만큼은 유난히 들뜬 모습으로 나한테 뭔가 계속 말을 걸고 싶어 했다.	REVIEWED		3112
dialogue	3112		GM-ALL-dialogue-3112--1	28AF71EF08EC410F50377768D6893F49A1D0A1E433FD00E69553695E2EA1A891	새로운 가족이 생겼고, 곧 도착할 거라고 했다.	REVIEWED		3113
dialogue	3113		GM-ALL-dialogue-3113--1	3B37FC73CA97071E3C980F312B02508099DEFF07B7ACD21221104C09D77060B4	그리고 나한테 여동생이 하나 생긴다고——	REVIEWED		3114
dialogue	3114		GM-ALL-dialogue-3114--1	E53B8B06E340A606F8A960EF1B5CC5AAAA470C8D45B32AA39C2D7AF403D14DB1	피 한 방울 섞인 사이도 아닌데 왜 여동생이지.	REVIEWED		3115
dialogue	3115		GM-ALL-dialogue-3115--1	78BECC3B41036790299F7EEA832ACB4C05F4CFF07FF395E243D1839F96640879	현관에서 노크 소리가 들렸다.	REVIEWED		3116
dialogue	3116		GM-ALL-dialogue-3116--1	883A5A539C50E55D41E787EB019233EA3683D2875E44E366D80988B59E8FE7FA	왜인지 그 소리를 듣자 심장이 갑자기 빨리 뛰기 시작했다.	REVIEWED		3117
dialogue	3117		GM-ALL-dialogue-3117--1	D12C59E66D2F9FBA3D63E65A49BFB22F45BC8FE30F312F2582BB2810D142B9B6	여동생……? 내 여동생?	REVIEWED		3118
dialogue	3118		GM-ALL-dialogue-3118--1	38E4259ED84E6CA0F2B68A014660B3F3087D691EAAB1C88D6C8BFA8F397B2EB3	어떤 애일까……?	REVIEWED		3119
dialogue	3119		GM-ALL-dialogue-3119--1	AADC792AD7336F7DA5160A66001DA8CBD4501E042DF371A59CE00C37BEFA4627	부모님이 떠난 뒤 정말 오랜만에 마음이 들떴다.	REVIEWED		3120
dialogue	3120		GM-ALL-dialogue-3120--1	639CB3DCD135CC0E87524CE58B31A2550FFD657C86048E704DC4AFA984F12798	네가 문 열어 줘. 인사 잘 하고. 고모부가 그렇게 말했다.	REVIEWED		3121
dialogue	3121		GM-ALL-dialogue-3121--1	BBA5436CD776CE28C0BC5649C35F3F91376A607C133C971663FD2B03F610D0CA	나는 빠른 걸음으로 현관 앞으로 갔다.	REVIEWED		3122
dialogue	3122		GM-ALL-dialogue-3122--1	617FDECB986A532978C1A98DA31C4000BFBC24F4758611F189371B2684838262	잠깐 망설인 뒤 문손잡이를 내렸다.	REVIEWED		3123
dialogue	3123		GM-ALL-dialogue-3123--1	E3B0C44298FC1C149AFBF4C8996FB92427AE41E4649B934CA495991B7852B855		EMPTY_CONTROL		3124
dialogue	3124		GM-ALL-dialogue-3124--1	D7F1E96BB735EC416BD40B13D8DEEFB706FE0B5191074D3E3EE4CEB2E9E062CA	————	REVIEWED		3125
dialogue	3125		GM-ALL-dialogue-3125--1	ADEDCCBB8B46112310BC94533AA79BB5987C8392CD63BD6CFCFB5970FEF44718	문밖에는 새까만 긴 머리와, 한여름 햇빛 속에서 눈부실 만큼 하얀 피부를 가진——	REVIEWED		3126
dialogue	3126		GM-ALL-dialogue-3126--1	2466C15521503D011B9E3762B43672B0BAC8963C85B41A63C3F911779994F851	……안녕……	REVIEWED	MM	3127
dialogue	3127		GM-ALL-dialogue-3127--1	F99572443805EA306F6E50DCC99407615A6DC6E51140899144EFBB12074EEB7A	오, 오빠……?	REVIEWED	MM	3128
dialogue	3128		GM-ALL-dialogue-3128--1	A7F878B8CED1A7957C560D573E30DDBBC1696E38C370513AACBBF4BFF12E7F43	……	REVIEWED	LM	3129
dialogue	3129		GM-ALL-dialogue-3129--1	6A1BE29553D61758F80138A5E29D39C952D7DFE730053DF22B8AFCD1A0429CCF	아, 안녕……	REVIEWED	LM	3130
dialogue	3130		GM-ALL-dialogue-3130--1	A7F878B8CED1A7957C560D573E30DDBBC1696E38C370513AACBBF4BFF12E7F43	……	REVIEWED	LM	3131
dialogue	3131		GM-ALL-dialogue-3131--1	A0B4C30CC61A95EEDF47E28E70146FF76F5D3C1DB4F65B677A1AE7477A6505E0	나는…… 리밍이라고 해. 너는 이름이 뭐야?	REVIEWED	LM	3132
dialogue	3132		GM-ALL-dialogue-3132--1	FBE9B8A6562528C71DAC2F35E4BB3503757FD80FD15A323C0F3842922F08E2DA	아……	REVIEWED	MM	3133
dialogue	3133		GM-ALL-dialogue-3133--1	18CEF483DDAF339C18DB2137C3C9095ABA0F902F90856B2C2292EC9CA06B9A63	나는——	REVIEWED	MM	3134
dialogue	3134		GM-ALL-dialogue-3134--1	E3B0C44298FC1C149AFBF4C8996FB92427AE41E4649B934CA495991B7852B855		EMPTY_CONTROL		3135
dialogue	3135		GM-ALL-dialogue-3135--1	A7F878B8CED1A7957C560D573E30DDBBC1696E38C370513AACBBF4BFF12E7F43	……	REVIEWED		3136
dialogue	3136		GM-ALL-dialogue-3136--1	748998F07DE810A8AFAC76973121E3CC5FB761276EF998961D2954C6FFDAA1F6	……샤오예……	REVIEWED	LM	3137
dialogue	3137		GM-ALL-dialogue-3137--1	626BA48F2E38A2CC019590D7925BF444771A426356237AB425BEB0F36F8D2852	아.	REVIEWED		3138
dialogue	3138		GM-ALL-dialogue-3138--1	B2297DFBD68AB6F51E62F7C97266E2CCADDE6F95249E905CBB4124BFA50A26E0	……또 그때 일을 꿈꿨구나.	REVIEWED		3139
dialogue	3139		GM-ALL-dialogue-3139--1	BC8259C733C0055F6D5EE7140F4C87151F83D34BB494742ECEADE3867D7FC8CF	……오빠……?	REVIEWED	MM	3140
dialogue	3140		GM-ALL-dialogue-3140--1	E821DE10AE1100F438543E9917B5C695131FFF14707495B3739F9134205B4724	미안. 깨웠어?	REVIEWED	LM	3141
dialogue	3141		GM-ALL-dialogue-3141--1	E3B0C44298FC1C149AFBF4C8996FB92427AE41E4649B934CA495991B7852B855		EMPTY_CONTROL		3142
dialogue	3142		GM-ALL-dialogue-3142--1	AE1DE7C52450FAE178EA51E536A592B2537BA50F0C2C4F60A8A7B4C4A6D77F28	……아까부터 계속 잠꼬대하면서 뭐라고 중얼거렸어……	REVIEWED	MM	3143
dialogue	3143		GM-ALL-dialogue-3143--1	A26BE992A602EECF39139A3F0F21DF0D4DBE7F512FB01C1FFE0F3518DE70ADBF	……미안.	REVIEWED	LM	3144
dialogue	3144		GM-ALL-dialogue-3144--1	1E0B69A9344044FC4C5CCA1481BA7E707592E4A083E683633D1F9FF328FDEBFA	……응…… 괜찮아…… 어릴 때 일?	REVIEWED	MM	3145
dialogue	3145		GM-ALL-dialogue-3145--1	AE8998581D8760D32317703D4D93A8B21E398B59574FEF23A9B17D3BE33B04F2	내가 말했어?	REVIEWED	LM	3146
dialogue	3146		GM-ALL-dialogue-3146--1	BB2E6E81DDBBF1211BBD9B8EECF73564DB005671025B8D785FD62A0D6F23F0A6	……그냥 찍어 봤어.	REVIEWED	MM	3147
dialogue	3147		GM-ALL-dialogue-3147--1	46A2EA78F2A70DB28FD93BE121DC8326E85D7BCB4251FF90EA09B9A1C5E17C90	오늘, 거기에 다녀왔으니까…… 그래서 꿈을 꿨나 봐.	REVIEWED	LM	3148
dialogue	3148		GM-ALL-dialogue-3148--1	A7F878B8CED1A7957C560D573E30DDBBC1696E38C370513AACBBF4BFF12E7F43	……	REVIEWED	LM	3149
dialogue	3149		GM-ALL-dialogue-3149--1	4A0E561206F655B7A17AE79AE14AE4D9F3AD8BE9E840EEEA1B3ED538A0DC3295	우리 어릴 때는 처음에 별로 사이좋게 지내지 못했지.	REVIEWED	LM	3150
dialogue	3150		GM-ALL-dialogue-3150--1	D1AB657B8D938F18A5FEFBF0DE9BB9EF1CFDD110DF5D7C40EDE049E1B8A782A2	오빠 아직도 기억하네.	REVIEWED	MM	3151
dialogue	3151		GM-ALL-dialogue-3151--1	9A3CA1E69CD18C40E52162923229C6766877486230245C06F31D257ACEADF20F	응…… 가끔은 처음에 너한테 그렇게 차갑게 굴었던 게 아직도 후회돼……	REVIEWED	LM	3152
dialogue	3152		GM-ALL-dialogue-3152--1	0AE2D43B25663F9AA9F1BE1715D1A3970D7703B86C8B1D6F651DEDF576A89D8A	바보 오빠. 화해하고 나서는 진작 신경도 안 썼는데……	REVIEWED	MM	3153
dialogue	3153		GM-ALL-dialogue-3153--1	19434BB02FD2D3C9A3CFC862F1334BF6DB7142952234938596133CBFC60C7B2F	정말, 생각이 너무 많다니까. 바보 오빠……	REVIEWED	MM	3154
dialogue	3154		GM-ALL-dialogue-3154--1	DCABB58A5CCBC68D6CBADA5892B127E2735995A2B45FF20EF473D296825C83E2	생각이 너무 많다……인가……	REVIEWED	LM	3155
dialogue	3155		GM-ALL-dialogue-3155--1	A7F878B8CED1A7957C560D573E30DDBBC1696E38C370513AACBBF4BFF12E7F43	……	REVIEWED	LM	3156
dialogue	3156		GM-ALL-dialogue-3156--1	EE7F44A3E250BC950632F01AF1895E8EE43E1A89DC4C079C1CE4B7940364B98A	샤오예……	REVIEWED	LM	3157
dialogue	3157		GM-ALL-dialogue-3157--1	8AF85CE981D9EC89AD4D75B1BD062EBE03E9F22DC5EDB7CD9B8099F05574C6C4	응?	REVIEWED	MM	3158
dialogue	3158		GM-ALL-dialogue-3158--1	70BE03257E185941C9FEE067B110EBCB67CA5CEA196F8DB4F10F7E76466FC9C6	계속…… 내 곁에 있어 줄 수 있어?	REVIEWED	LM	3159
dialogue	3159		GM-ALL-dialogue-3159--1	87EDDE57F118D82EF628F3BC65638BDE6F3E73D1F4BCAF4429300789F7C70006	……응.	REVIEWED	MM	3160
dialogue	3160		GM-ALL-dialogue-3160--1	CAA672424D5FE97F7C62FE349971C657EB59973DA4222E5F2F0859159A660EB3	그때…… 이미 약속했잖아……	REVIEWED	MM	3161
dialogue	3161		GM-ALL-dialogue-3161--1	1F0BD8D2D0A76B1F479119EFA65292A6F80E5355223B2E416DAEBB7C77FB466C	오빠도…… 갑자기 사라지면 안 돼……	REVIEWED	MM	3162
dialogue	3162		GM-ALL-dialogue-3162--1	4F76D4FF8FAFF52AC4C5C6ACCF6F438D49E062598937D3EAB005FF901F88F65D	……걱정 마. 나도 계속 네 곁에 있을게.	REVIEWED	LM	3163
dialogue	3163		GM-ALL-dialogue-3163--1	A7F878B8CED1A7957C560D573E30DDBBC1696E38C370513AACBBF4BFF12E7F43	……	REVIEWED	MM	3164
dialogue	3164		GM-ALL-dialogue-3164--1	A7F878B8CED1A7957C560D573E30DDBBC1696E38C370513AACBBF4BFF12E7F43	……	REVIEWED		3165
dialogue	3165		GM-ALL-dialogue-3165--1	B4935894C8CE16BDE67BBFFC672428B1533C4F1E1E8B1CE21A2933183DB6BFA5	…	REVIEWED		3166
dialogue	3166		GM-ALL-dialogue-3166--1	3EFA09FFCF89064B564BB0D7CACFD5647C311334C2BE8A2967C6D278251A1E2D	손, 내밀어 줄래……?	REVIEWED	MM	3167
dialogue	3167		GM-ALL-dialogue-3167--1	0D678A407253E271EC0AB43D8EF2228C778D164AFF3365025A0C3C79B58DCCA9	또 잠이 안 와?	REVIEWED	LM	3168
dialogue	3168		GM-ALL-dialogue-3168--1	45C1B4DD0DFE535D40F1211B0CC12B7D1EB26E44B99824D9194657D428DC6E25	……그냥, 갑자기 이러고 싶어졌어.	REVIEWED	MM	3169
dialogue	3169		GM-ALL-dialogue-3169--1	A7F878B8CED1A7957C560D573E30DDBBC1696E38C370513AACBBF4BFF12E7F43	……	REVIEWED	LM	3170
dialogue	3170		GM-ALL-dialogue-3170--1	C8B0404A2E1BA1DD30D0F94EC2113A9CC8AED0833DE0362E28B22C8FAA36A8AA	나는 이불 속에서 손을 내밀어 지난번처럼 아래로 늘어뜨렸다.	REVIEWED		3171
dialogue	3171		GM-ALL-dialogue-3171--1	6AAC1E09A5AB1D5678015F793A01AC927E2672E11925915E5D01A75D6DD4BD89	샤오예의 손바닥에 닿았다.	REVIEWED		3172
dialogue	3172		GM-ALL-dialogue-3172--1	47B888F96A68EA3E94957B38957F3229BBAE55B06DA0103DE8680FE32C54DB1B	그리고 그 작은 두 손이 내 손을 감쌌다.	REVIEWED		3173
dialogue	3173		GM-ALL-dialogue-3173--1	61BFF1157073C92A5E22BC55255B6E02D44C70C7416DDD3F80FA2742903E1152	……잘 자.	REVIEWED	MM	3174
dialogue	3174		GM-ALL-dialogue-3174--1	A8C398159A4A00F1D1EA89CCE2E4F6F0E7BE1D438B97F88DB20993F14C6E4FBC	응, 잘 자.	REVIEWED	LM	3175
dialogue	3175		GM-ALL-dialogue-3175--1	3DDE8124CDDF3C19449E3E33BB613768ED23256ED4C48892E582802175ED2743	기억난다…… 어릴 때도 똑같이 한 적이 있었다.	REVIEWED		3176
dialogue	3176		GM-ALL-dialogue-3176--1	74AFC589A4B1B6F52BCDD2C9E4205EAC6E1BE9D8443EA356A2F55036F6C19446	샤오예의 손은 내 손보다 훨씬 작고 손바닥도 조금 차가웠는데.	REVIEWED		3177
dialogue	3177		GM-ALL-dialogue-3177--1	34C4838F31049315DB1D88B8F324B9CC62DF0A4E8B456B3504F111BC47F06B9E	그런데도 무척 마음이 놓였다.	REVIEWED		3178
dialogue	3178		GM-ALL-dialogue-3178--1	63792B53A3A32EBA9D3D5C552B2B028CC78C52E60423EAF00B39EECB55C88130	——나, 이제 집이 없어——	REVIEWED		3179
dialogue	3179		GM-ALL-dialogue-3179--1	0153E7A3DD8D72B09B9032D314D539CDCCA2E93DFC46974F2364592B0828D21E	피가 이어진 가족은 이제 없다.	REVIEWED		3180
dialogue	3180		GM-ALL-dialogue-3180--1	479AA320F35BDCAA8A43454B31D29A14752D8C3E695E4AF13D57A8922187CFEA	그래도 그때 약속했던 것처럼 샤오예가 곁에 있기만 하면 괜찮다.	REVIEWED		3181
dialogue	3181		GM-ALL-dialogue-3181--1	D5C5027AC4448300356D0A040C869DCFFAEBA4039D1160975E4E4C245BE4FD27	샤오예가 있는 곳이 바로 내가 돌아갈 곳이다.	REVIEWED		3182
dialogue	3182		GM-ALL-dialogue-3182--1	D7F1E96BB735EC416BD40B13D8DEEFB706FE0B5191074D3E3EE4CEB2E9E062CA	————	REVIEWED		3183
dialogue	3183		GM-ALL-dialogue-3183--1	045F4058DBB4C3FDED4F52D41048B7EC2B62E197E1BEB120AEB5A19B9D67538B	——저는 사실…… 이런 느낌을 꽤 좋아해요.	REVIEWED		3184
dialogue	3184		GM-ALL-dialogue-3184--1	E0723336363FCF2735A7F994085B1189D36FC82A5418EDC14F70C5B92770E355	어? 세상이 멸망하는 느낌을 좋아한다고?	REVIEWED	LM	3185
dialogue	3185		GM-ALL-dialogue-3185--1	AB969ADB4F2A0A61F0B8D53FEF9BC8EBF59F0C7D78137848F649CD631FAB0A1F	아…… 아니에요. 그러니까…… 세상에 둘만 남아서, 나랑 내가 사랑하는 사람만…… 아무한테도 방해받지 않고 조용히 살아가는 그런 느낌이요……	REVIEWED		3186
dialogue	3186		GM-ALL-dialogue-3186--1	35916D50962E8326FD63B89C164A50AE87210014F3EF0CC3EB000E7926885CEF	응. 전 좋아해요……	REVIEWED		3187
dialogue	3187		GM-ALL-dialogue-3187--1	D7F1E96BB735EC416BD40B13D8DEEFB706FE0B5191074D3E3EE4CEB2E9E062CA	————	REVIEWED		3188
dialogue	3188		GM-ALL-dialogue-3188--1	618D880B328E7088FDD60A0E57754BD018D5074BC50EAEA8E58ECAC4E9482E40	——약속했어. 내가 샤오예 곁에 있을게! 그러니까 울지 마……——	REVIEWED		3189
dialogue	3189		GM-ALL-dialogue-3189--1	138EF188E6BC33355194CB51AD937F9FC3A4E50FD80C0C286A03E98D222A614D	——오빠도 울고 있잖아…… 흐으……——	REVIEWED		3190
dialogue	3190		GM-ALL-dialogue-3190--1	A7F878B8CED1A7957C560D573E30DDBBC1696E38C370513AACBBF4BFF12E7F43	……	REVIEWED		3191
dialogue	3191		GM-ALL-dialogue-3191--1	E46950289177E5CC8CE365D5B557C5137C8E2C5523D376A39C44FE65FCFB55A4	에~ 그러면 엄청 외롭지 않아요?	REVIEWED		3192
dialogue	3192		GM-ALL-dialogue-3192--1	774F3EE74B2687C090C84425F72824D3CD17A7ED35614D5A94BA63BF554AD646	……그럴까요……?	REVIEWED		3193
dialogue	3193		GM-ALL-dialogue-3193--1	A5C063D31C1BDD1CA56306752EEB1BA4B0756003CD35BD9C07E6ADB775A5A41A	다들 정말 좋은 사람들이더라…… 그런 친구들을 사귀었으니까 오빠도 꼭, 꼭 소중하게 대해 줘야 해. 알겠지?	REVIEWED		3194
dialogue	3194		GM-ALL-dialogue-3194--1	A7F878B8CED1A7957C560D573E30DDBBC1696E38C370513AACBBF4BFF12E7F43	……	REVIEWED		3195
dialogue	3195		GM-ALL-dialogue-3195--1	9E2BD104F03438E274DB55BA50239AA7A55CB851284D82A948A14A1A8475FF94	의식은 점점 흐려지고, 통제할 수 없는 여러 생각들이 끊임없이 떠올랐다. 딱히 하나의 주제는 없는데도 왠지 어떤 규칙이 있는 것 같았다.	REVIEWED		3196
dialogue	3196		GM-ALL-dialogue-3196--1	4E867000820F1C360D6FF324A0C29FBFBA88947723BDA34E56B0406580ADB30C	이게 바로 잠들기 직전의 신호겠지.	REVIEWED		3197
dialogue	3197		GM-ALL-dialogue-3197--1	61BFF1157073C92A5E22BC55255B6E02D44C70C7416DDD3F80FA2742903E1152	……잘 자.	REVIEWED		3198
dialogue	3198		GM-ALL-dialogue-3198--1	E3B0C44298FC1C149AFBF4C8996FB92427AE41E4649B934CA495991B7852B855		EMPTY_CONTROL		3200
dialogue	3200		GM-ALL-dialogue-3200--1	A7F878B8CED1A7957C560D573E30DDBBC1696E38C370513AACBBF4BFF12E7F43	……	REVIEWED	LM	3201
dialogue	3201		GM-ALL-dialogue-3201--1	4FD5D130E3F6A473FB8F68CF8AE58323BD8128B3A6B690A55669A104FBBFB76C	으…… 어…… 너무 눈부셔……	REVIEWED	LM	3202
dialogue	3202		GM-ALL-dialogue-3202--1	A7F878B8CED1A7957C560D573E30DDBBC1696E38C370513AACBBF4BFF12E7F43	……	REVIEWED	MM	3203
dialogue	3203		GM-ALL-dialogue-3203--1	14ED720142AFB437A79FB9797BB4DBDB1DDA09D4BC4D43F234A34F39F8D1BC7A	5분만 더 잘래……	REVIEWED	LM	3204
dialogue	3204		GM-ALL-dialogue-3204--1	AF1941D93A58BC61908CF291EA19728AB081E82ABA59B7AF072D2A5F28E31896	나 아직 아무 말도 안 했는데……	REVIEWED	MM	3205
dialogue	3205		GM-ALL-dialogue-3205--1	626BA48F2E38A2CC019590D7925BF444771A426356237AB425BEB0F36F8D2852	아.	REVIEWED	LM	3206
dialogue	3206		GM-ALL-dialogue-3206--1	28C1E80718647B730578C75CB0817CB1A2697CB977E4AF056A5993A265FF4E9B	정신이 들었다.	REVIEWED		3207
dialogue	3207		GM-ALL-dialogue-3207--1	A8FA2196D76BFA2B965DADE3A09F392D537E2028F2DA9ABC72014EAB9322A50E	오빠, 이따 친구들이랑 놀기로 해서 이제 나갈 준비해야 해.	REVIEWED	MM	3208
dialogue	3208		GM-ALL-dialogue-3208--1	A35CFC1C737FC2C3EE366D713FFCC9870E0DC43B47EA658B86123D52FD532F23	……그래. 재밌게 놀다 와……	REVIEWED	LM	3209
dialogue	3209		GM-ALL-dialogue-3209--1	C28AB81A6BA7ADB64B3ABBBEC77F8672FA37069276C954F7F6DC6D9422954BDE	말을 마치고 다시 침대에 누웠다.	REVIEWED		3210
dialogue	3210		GM-ALL-dialogue-3210--1	E63CA5BD94CAD680602ED027BC9AE40C0826BF083416DD242A4859B38EFBCCB9	낮에 너무 많이 자면 치매 온대.	REVIEWED	MM	3211
dialogue	3211		GM-ALL-dialogue-3211--1	FB0FA0D3CB1BADFF1B45CCF45784C83DFD8DAC9F43A7117112B491D14679720A	……누, 누구……세요…… 콜록콜록……	REVIEWED	LM	3212
dialogue	3212		GM-ALL-dialogue-3212--1	454EC963B735311366F674AE85346733D38A4899E66BB42D04D51B7A9145C760	에이——바보 오빠. 나도 몰라.	REVIEWED	MM	3213
dialogue	3213		GM-ALL-dialogue-3213--1	CF24B95D08D28A51B52A15138108DA5AE60AB981457D063C9502FE18050FA79C	샤오예의 발소리가 점점 멀어졌다.	REVIEWED		3214
dialogue	3214		GM-ALL-dialogue-3214--1	18708F6BB1F6D25EB23D597E1A178FE58483B734379AA09A5A1FEB99D3924F18	그리고 점심에 나 없다고 또 모아밥 시켜 먹으면 안 돼.	REVIEWED	MM	3215
dialogue	3215		GM-ALL-dialogue-3215--1	376908DDC22CC6D8FD56D5AC21CB83CC87955BFFDC9B6E8D55837E41BAA27E3F	……응……	REVIEWED	LM	3216
dialogue	3216		GM-ALL-dialogue-3216--1	4A217F26D9E87EA286C7CA5EFD4484EFF7D885EA9D3BA215FCDFB30758B0A142	오빠 중학생 때 요리 자주 했잖아. 지금도 하려고 하면 분명 할 수 있어.	REVIEWED	MM	3217
dialogue	3217		GM-ALL-dialogue-3217--1	FF2C6CFF336926856D617B3F7D6F749AF916B2FEE742CA2798087183A50866CE	응~	REVIEWED	LM	3218
dialogue	3218		GM-ALL-dialogue-3218--1	878B70E2EA11CEE4AAEAD940C2562F04BF3B3DE25A15428F74A3DAF088571A15	……그럼 저녁에 봐.	REVIEWED	MM	3219
dialogue	3219		GM-ALL-dialogue-3219--1	A7F878B8CED1A7957C560D573E30DDBBC1696E38C370513AACBBF4BFF12E7F43	……	REVIEWED		3220
dialogue	3220		GM-ALL-dialogue-3220--1	A7F878B8CED1A7957C560D573E30DDBBC1696E38C370513AACBBF4BFF12E7F43	……	REVIEWED	LM	3221
dialogue	3221		GM-ALL-dialogue-3221--1	99C995299CC697AD34BE1DCCBE21E7BA1E63DC6B42E37F9890BF118A8C8D3933	왜 이렇게 엄마 같지……	REVIEWED		3222
dialogue	3222		GM-ALL-dialogue-3222--1	0B85772475248D94214DA9749AFBC816C393AA05D8746FD041C9360B927C1201	잠 다 깼다.	REVIEWED		3223
dialogue	3223		GM-ALL-dialogue-3223--1	C4E0477C2C0082FF21B2EB4BCD3778307D2E6DDB69E6C983A0E7B7884EB10CA2	주말이니까 이따 그래플링 하우스에 가서 반나절쯤 죽치고 있을까.	REVIEWED		3224
dialogue	3224		GM-ALL-dialogue-3224--1	366A3FAA7C379EE2FE2346131875E4FC5F100B78B80A78321DF10F5234D6CD7B	좋아, 일어나자——!	REVIEWED		3225
dialogue	3225		GM-ALL-dialogue-3225--1	E3B0C44298FC1C149AFBF4C8996FB92427AE41E4649B934CA495991B7852B855		EMPTY_CONTROL		3227
dialogue	3227		GM-ALL-dialogue-3227--1	E3B0C44298FC1C149AFBF4C8996FB92427AE41E4649B934CA495991B7852B855		EMPTY_CONTROL		3228
dialogue	3228		GM-ALL-dialogue-3228--1	E3B0C44298FC1C149AFBF4C8996FB92427AE41E4649B934CA495991B7852B855		EMPTY_CONTROL		3229
dialogue	3229		GM-ALL-dialogue-3229--1	E3B0C44298FC1C149AFBF4C8996FB92427AE41E4649B934CA495991B7852B855		EMPTY_CONTROL		3230
dialogue	3230		GM-ALL-dialogue-3230--1	E3B0C44298FC1C149AFBF4C8996FB92427AE41E4649B934CA495991B7852B855		EMPTY_CONTROL		3231
dialogue	3231		GM-ALL-dialogue-3231--1	895361FFBF88D5A8C40D47F8DD3D03DF2042CA9360D08738BCBB4FAA39495404	……	REVIEWED		3232
dialogue	3232		GM-ALL-dialogue-3232--1	BC3637A31061652DDFC35C762BF920BE25164EB2959F5296CA9A26429B85355E	연락처를 알고 나니까 확실히 편하다. 멀리까지 갔다가 문 닫혀 있는 걸 볼 걱정도 없고.	REVIEWED		3233
dialogue	3233		GM-ALL-dialogue-3233--1	AA1DE5DFD82F728626F5B171FDF9325E1D0ED3E20FC945840B231C13B38E21EE	공유 자전거를 타면 상점가까지 20분 정도면 도착한다.	REVIEWED		3234
dialogue	3234		GM-ALL-dialogue-3234--1	034625E3A19C9CA15C1B47BD85C500BB64CDC39BC917F667753030E3E4DA7FB2	오늘 햇빛은 어제처럼 강하지 않았다. 적당히 따뜻한 공기와 선선한 바람 덕분에 자전거 타기도 훨씬 편했다.	REVIEWED		3235
dialogue	3235		GM-ALL-dialogue-3235--1	A7F878B8CED1A7957C560D573E30DDBBC1696E38C370513AACBBF4BFF12E7F43	……	REVIEWED		3236
dialogue	3236		GM-ALL-dialogue-3236--1	E32BAD0943A3BE895A5CD1A95B637CCF81F6B8796B4E54E5A59613AF35DB4889	햇빛이 약해진 정도가 아니라 아예 사라졌잖아!	REVIEWED		3237
dialogue	3237		GM-ALL-dialogue-3237--1	A2E990D6CF6BD9FAEAF756191438C1059D517DD93963B714750D6B4FA50F3459	왜 갑자기 또 폭우가 쏟아지는 건데!?	REVIEWED		3238
dialogue	3238		GM-ALL-dialogue-3238--1	78E963E960229E300791306CD666BB3E01102FB70242A5BEDC2386951E0CD9DA	그래도 그래플링 하우스 근처까지 다 온 뒤에 내려서 다행이다!	REVIEWED		3239
dialogue	3239		GM-ALL-dialogue-3239--1	22AFC5302150AE58BCF8D84F13D931CE3C7AD255CCCA900C4412AE6691EE20A2	공유 자전거를 세울 곳을 찾아 주차한 뒤 그래플링 하우스를 향해 전력질주했다.	REVIEWED		3240
dialogue	3240		GM-ALL-dialogue-3240--1	379304C46669341D1BB5378FA2D04997E159F4D549A8EDC63886A7A07B27673B	옆으로 스쳐 지나가는 가게는 식당 아니면 미용실이었다.	REVIEWED		3241
dialogue	3241		GM-ALL-dialogue-3241--1	13771D8D732968A2F78485AF5195A269AE9F8A862EE0B23D198BC0A90FFE8618	허둥지둥 달리던 중 멀지 않은 그래플링 하우스 입구에서 모추링이 뭔가를 힘껏 옮기는 모습이 보였다.	REVIEWED		3242
dialogue	3242		GM-ALL-dialogue-3242--1	6D240F5CB64A1C176EA8F8C7BCFC15FA9BF423772F21C44635172D68C20BD9EC	내가 가까워지는 걸 보자 모추링이 나를 향해 소리쳤다.	REVIEWED		3243
dialogue	3243		GM-ALL-dialogue-3243--1	F4D585CD66AE7BB6BA4AE2EBC3DB497A1A5DE324452155BB0B8031704DB73C37	리밍! 으악, 리밍! 이것 좀…… 이 입간판 옮기는 거 도와줘요! 비 맞아서 망가지겠어요——	REVIEWED	MCL	3244
dialogue	3244		GM-ALL-dialogue-3244--1	93DBA9303CAB31638134EFAE609F3F4F777314E9FE9AB51B1A79B4A0DDAA73BA	아, 네!	REVIEWED	LM	3245
dialogue	3245		GM-ALL-dialogue-3245--1	2ADB3750D615F342E346AC306C9FCB6A3351B462242DFB4032CB691276D170DB	그런데 이 장면 왜 이렇게 익숙하죠!?	REVIEWED	LM	3246
dialogue	3246		GM-ALL-dialogue-3246--1	47B5C20ABAE9548F6A768CE50F0C74CA578F87A9831911D1354FC0B65A452628	아하하……	REVIEWED	MCL	3247
dialogue	3247		GM-ALL-dialogue-3247--1	9FEBDEB7C0FA951CC0F1B22AFAAE0A2D91810864B8D9BB3CB0AD3D5B9FD81E63	우리는 서둘러 간판 캐릭터 입간판을 가게 안으로 옮겼다.	REVIEWED		3248
dialogue	3248		GM-ALL-dialogue-3248--1	B0A608468CBACCD06B9B981347ADEF38BEFFFE1C073652FC8BE2B543CF265205	……솔직히 말해서 이제 완전히 익숙해졌다! 진짜라고!? 입간판을 안느라 얼굴을 어쩔 수 없이 바짝 붙여도 아무렇지도 않아!	REVIEWED		3249
dialogue	3249		GM-ALL-dialogue-3249--1	FCDC8ADB920D11120A44E70E8614596F01337E382383D33EEA87C66B38734D00	하아——리밍이 와서 다행이다……	REVIEWED	MCL	3250
dialogue	3250		GM-ALL-dialogue-3250--1	6D944237B2C0ECEAA6CFD6CE12283CB9821890A70BB41A84F4EEF1DAA3BE7A44	진짜 다음에는 밖에 차양이라도 하나 달아요. 이 입간판 매주 한 번씩 비 맞는 것 같잖아요.	REVIEWED	LM	3251
dialogue	3251		GM-ALL-dialogue-3251--1	AA7E88E8FF7F8BA571D83633362EDB01A2662A45F8A55148DE0EE1EC154ACC72	간판 캐릭터가 몰래 울고 있을지도 몰라……	REVIEWED		3252
dialogue	3252		GM-ALL-dialogue-3252--1	00DBBC64DE23851293B746D56907B2512E162C57012EAC12BBF86F396655D32C	가게 안은 조용했다. 나와 모추링 말고는 아무도 없는 모양이다.	REVIEWED		3253
dialogue	3253		GM-ALL-dialogue-3253--1	DAE49362224B57AC075DEFE63AF71E1C28B09D6FA7B16B762B0095513425D0A1	바이셴위랑 샤오청은요?	REVIEWED	LM	3254
dialogue	3254		GM-ALL-dialogue-3254--1	E6AE58216A9EB77E49867F09F2D119BC4F46875762732A8C5398C72D937D9541	비가 이렇게 오는데 오늘은 아마 못 올 거예요……	REVIEWED	MCL	3255
dialogue	3255		GM-ALL-dialogue-3255--1	D11D747474E030C331CB8EC51E9E6FDCA95A395DAEC0666598F73393E83EEBC2	가게 안에서도 바닥을 세차게 두드리는 빗소리가 시끄럽게 들렸다.	REVIEWED		3256
dialogue	3256		GM-ALL-dialogue-3256--1	F71991A26B10A99DFB9478A2D2E11BEC12DBDDA90B83F0B99A88FAF36D03B17F	빗소리만 계속 듣고 있으면 기분도 점점 가라앉는구나……	REVIEWED		3257
dialogue	3257		GM-ALL-dialogue-3257--1	3740E4F8626F37CB5EA84C59C2CFFB3AB2F71A3C1963D67C5A7C641771FBFA89	리밍은 먼저 아무거나 하면서 놀고 있어요. 저 처리할 게 조금 남아서, 잠깐만 기다려 줘요.	REVIEWED	MCL	3258
dialogue	3258		GM-ALL-dialogue-3258--1	3795DC34A4F139923A60D106D675D3FB022DDF7D65C5E32FAAE453AE2E0209A9	괜찮아요. 먼저 일 보세요.	REVIEWED	LM	3259
dialogue	3259		GM-ALL-dialogue-3259--1	6303BB61F324A19D3B7FEDF4944B55FCAE89D580C7B45802F93B456C59E6F2C8	모추링은 다시 카운터 뒤에 앉아 빠르게 키보드를 두드리기 시작했다.	REVIEWED		3260
dialogue	3260		GM-ALL-dialogue-3260--1	6C9A20FC42A3EB32F29BAA5531290386EEF1D6B799D0F8F747DDC6B2AC517388	앞에는 울트라와이드 모니터 두 대가 있었고, 화면에는 처음 보는 프로그램 창들이 크고 작게 가득 떠 있었다.	REVIEWED		3261
dialogue	3261		GM-ALL-dialogue-3261--1	997B83363D95956AB0CFB271EB6FAB2D997B8EA00ED15CD5A20DE854F79D4E11	전에 말했던 집안 쪽 일이에요?	REVIEWED	LM	3262
dialogue	3262		GM-ALL-dialogue-3262--1	F05909BA32314304A9922130BE1E9833AC6A481E698888793151753AD5FAB160	네. 진짜 양도 많고 재미도 없어요——	REVIEWED	MCL	3263
dialogue	3263		GM-ALL-dialogue-3263--1	94A496B560DACC33A5D49A6C8937D88E83F8D0F7694B57D62A18D90608FC783B	모추링은 볼을 부풀렸고 키보드 두드리는 소리도 덩달아 커졌다.	REVIEWED		3264
dialogue	3264		GM-ALL-dialogue-3264--1	18B0F5C1423BF08E73D4222639F27830B095F45DEC812405DC21E6DE4B147F3D	정말 귀찮은 일이라고 생각하는 모양이다.	REVIEWED		3265
dialogue	3265		GM-ALL-dialogue-3265--1	5CC80028AB1B87C2FABBC83B649E74DBB2760B255C163C72761D0346C563E92B	괜히 말을 걸어 방해하기도 그러니 조용히 기다리자.	REVIEWED		3266
dialogue	3266		GM-ALL-dialogue-3266--1	E3B0C44298FC1C149AFBF4C8996FB92427AE41E4649B934CA495991B7852B855		EMPTY_CONTROL		3267
dialogue	3267		GM-ALL-dialogue-3267--1	E3B0C44298FC1C149AFBF4C8996FB92427AE41E4649B934CA495991B7852B855		EMPTY_CONTROL		3268
dialogue	3268		GM-ALL-dialogue-3268--1	E3B0C44298FC1C149AFBF4C8996FB92427AE41E4649B934CA495991B7852B855		EMPTY_CONTROL		3269
dialogue	3269		GM-ALL-dialogue-3269--1	E3B0C44298FC1C149AFBF4C8996FB92427AE41E4649B934CA495991B7852B855		EMPTY_CONTROL		3270
dialogue	3270		GM-ALL-dialogue-3270--1	E3B0C44298FC1C149AFBF4C8996FB92427AE41E4649B934CA495991B7852B855		EMPTY_CONTROL		3271
dialogue	3271		GM-ALL-dialogue-3271--1	895361FFBF88D5A8C40D47F8DD3D03DF2042CA9360D08738BCBB4FAA39495404	……	REVIEWED		3272
dialogue	3272		GM-ALL-dialogue-3272--1	1687E6A2BF037D0F4706770C0A867FB6916978908B826970E87F7FF6F8B111E4	비는 계속 내렸고 유리창 너머 세상에는 회색 필터라도 씌운 것 같았다.	REVIEWED		3273
dialogue	3273		GM-ALL-dialogue-3273--1	EC4C438A98309FCE560C7360BE4F45E565B19F3EEE5F864CDA4D874F3EF9D761	그래서인지 그래플링 하우스 안이 유난히 따뜻하게 느껴졌다.	REVIEWED		3274
dialogue	3274		GM-ALL-dialogue-3274--1	936FD4046B90516DC9D1B4162C4D0D36443D437F6E67EA61D6BB3992234CFFCD	하지만 너무 조용하다.	REVIEWED		3275
dialogue	3275		GM-ALL-dialogue-3275--1	3A6E7260626822E365881A34FA7743139602978733726972BD8F0197B058A41B	밖에서 스며드는 빗소리를 빼면 여기서 들리는 건 모추링의 타자 소리뿐이었다.	REVIEWED		3276
dialogue	3276		GM-ALL-dialogue-3276--1	76E36EDBEABB238CF4A5EBE8285C7152661050CAB14283A6CE15BCE5194F5395	바이셴위랑 한샤오청도 있었으면 지금쯤 더 북적거렸겠지. 아쉽네.	REVIEWED		3277
dialogue	3277		GM-ALL-dialogue-3277--1	260990F5737F5AE3A8AD930DFA5D3857D71E4B3E9D453BC557205E31B7CDAD41	……그러고 보니 처음 여기 온 뒤로 벌써 열흘이나 됐구나.	REVIEWED		3278
dialogue	3278		GM-ALL-dialogue-3278--1	A60BAB01E5126A6B7798744067E2F477B8426C1028D26DA1607C050ECF81A72F	열흘…… 그런데 여전히 오는 사람은 우리 몇 명뿐이다.	REVIEWED		3279
dialogue	3279		GM-ALL-dialogue-3279--1	66DE00CB68A221E5C58337328E9AA2DAA13E239417B90CFDF9ED9BD8FA81838E	지나가던 손님 하나 들어오는 일도 없다. 정말 무슨 결계라도 있어서 이곳만 현실 세계에서 떨어져 있는 건 아닐까 싶을 정도다.	REVIEWED		3280
dialogue	3280		GM-ALL-dialogue-3280--1	4C6276692CF9D2519D480E4F5AFF59551757DD8138E10F755063F1297A42E8A0	……자기 가게에 손님이 안 오는 게 모추링한테는 힘들지 않을까.	REVIEWED		3281
dialogue	3281		GM-ALL-dialogue-3281--1	914C32EBACCCB41B086F14628EE374802D335C86A6E3BCFD320304C640F93B5F	하지만 늘 웃고 있는 얼굴만 봐서는 전혀 알 수 없다.	REVIEWED		3282
dialogue	3282		GM-ALL-dialogue-3282--1	A7F878B8CED1A7957C560D573E30DDBBC1696E38C370513AACBBF4BFF12E7F43	……	REVIEWED	LM	3283
dialogue	3283		GM-ALL-dialogue-3283--1	E77DCA0565E57A3F81C97B8903D8B2D0DA817B8E59A730F75B86FAF4AFF1BD32	진열대에서 견본 책 몇 권을 찾아 한번 읽어 봤다.	REVIEWED		3284
dialogue	3284		GM-ALL-dialogue-3284--1	77FECEA6B32A17C1E8AC29B0F0B7C33E640AA2DECF58179777BE308844BEFBA5	……너무 조용해.	REVIEWED		3285
dialogue	3285		GM-ALL-dialogue-3285--1	BC158F029B9D07D68BA3E6FC0BD249EB9A6CA7B83029B6DA9507EC72E9774653	누군가랑 얘기하고 싶다.	REVIEWED		3286
dialogue	3286		GM-ALL-dialogue-3286--1	1A3AAB195946B183284EC1F8A08C436163D34E14D8B9169CC88EE140DE8C1E7E	한샤오청이 있었으면 같이 이 원화가들 얘기라도 할 수 있었을 텐데……	REVIEWED		3287
dialogue	3287		GM-ALL-dialogue-3287--1	D618BEC26306E1B618BCC61EF8D4E9FD19282D82038F62BBC9CB408252D63059	그리고 비 오는 날 같이 게임하자고 하면 바이셴위도 받아 주겠지.	REVIEWED		3288
dialogue	3288		GM-ALL-dialogue-3288--1	8AE47F2FD3C7C8A40AA1CBE96943C50A16390878E64537051A3FB0231A8FA86D	……후우.	REVIEWED	LM	3289
dialogue	3289		GM-ALL-dialogue-3289--1	9E7FB1ED32840EF089E5D85EAB8E3EDB92F43C267CB09465A0CA6F314B61B6BB	열흘 전 처음 여기 왔을 때만 해도 혼자 조용히 돌아다닐 수 있었던 것 같은데.	REVIEWED		3290
dialogue	3290		GM-ALL-dialogue-3290--1	497FCAF91B7EA81060151DB6D597E5EDE8929EF5A42BED20D458D35A145CE405	지금은 왠지 그게 잘 안 된다.	REVIEWED		3291
dialogue	3291		GM-ALL-dialogue-3291--1	F520ED1546ECB9AFC8891B916500273C1D558C294D1BE04A06B27932245F43B5	대체 왜일까……	REVIEWED		3292
dialogue	3292		GM-ALL-dialogue-3292--1	7A2EB125F8DE1E92AF60AE621D51C4D8A711A8A9082D77406B439AD096F6B406	끝났다——!	REVIEWED	MCL	3293
dialogue	3293		GM-ALL-dialogue-3293--1	68C3AF83A3D74B393B299E14B9143D3838A5759DA8E32162F583A66BF184F66D	카운터 쪽에서 모추링의 신난 목소리가 들려왔다.	REVIEWED		3294
dialogue	3294		GM-ALL-dialogue-3294--1	CB1023E5E5BC8A7D31325244A40478B7108B39A49F6AE09388553F476FC57003	수고했어요. 드디어 끝났어요?	REVIEWED	LM	3295
dialogue	3295		GM-ALL-dialogue-3295--1	BBAD2C2D0B47E257DAC62369410EF18D28D6DEA5B0F68AB1082182A39993F8B8	으에——다시는 마감 전사 안 할 거야. 너무 힘들어——	REVIEWED	MCL	3296
dialogue	3296		GM-ALL-dialogue-3296--1	ED5C017F4FC9046D57C91705EF9555ACC6E2405771683A1C5C135662A361354F	몰라요! 리밍, 미연시 할래요?	REVIEWED	MCL	3297
dialogue	3297		GM-ALL-dialogue-3297--1	F1C4720A4EBE447B44A381A8806A609848D916B9759E3B09BDAB78D0850541AE	일 끝나자마자 바로 미연시예요!? 먼저 좀 안 쉬어요?	REVIEWED	LM	3298
dialogue	3298		GM-ALL-dialogue-3298--1	0CDA2A1D96948A5E180B9CAE9AEBE6BE9E58962B41D138807560B577EC324C01	무슨 소리예요. 미연시 하는 게 쉬는 거잖아요?	REVIEWED	MCL	3299
dialogue	3299		GM-ALL-dialogue-3299--1	A7F878B8CED1A7957C560D573E30DDBBC1696E38C370513AACBBF4BFF12E7F43	……	REVIEWED	LM	3300
dialogue	3300		GM-ALL-dialogue-3300--1	A5FDBEB197F118980C9CAEC6235E1D46CBD986B2D1CD1883C7538C8AEA40D511	같이 해요, 같이 해요~ 요즘 그림체 엄청 귀여운 거 하나 찾았는데 같이 봐요.	REVIEWED	MCL	3301
dialogue	3301		GM-ALL-dialogue-3301--1	EED4EDE2B4003E9E9A17DF2DB086AEDE76A9A464816AF346723068E7E96E60FE	전연령이면 같이 볼게요.	REVIEWED	LM	3302
dialogue	3302		GM-ALL-dialogue-3302--1	A7F878B8CED1A7957C560D573E30DDBBC1696E38C370513AACBBF4BFF12E7F43	……	REVIEWED	MCL	3303
dialogue	3303		GM-ALL-dialogue-3303--1	36457FF7211098F8DC017FA2FD69972BF93AB1B387074FD0140136AD8AFA8FEA	에헤.	REVIEWED	MCL	3304
dialogue	3304		GM-ALL-dialogue-3304--1	8E7C6C6714E0290F0B9031C7D0230F10B16A555CCA62784E1856D1D4C3809DE3	아니죠!? 그럼 됐어요. 남들 앞에서 미연시 하다가 야한 이벤트가 얼굴에 직격하는 상황 같은 건 상상만 해도 소름 돋는다고요!	REVIEWED	LM	3305
dialogue	3305		GM-ALL-dialogue-3305--1	1176682768CFD6F53DD222A6B7440D737D2923A9660E412C16A3523DBB8BC5FD	공, 공통 루트만 하면 괜찮아요! 응!	REVIEWED	MCL	3306
dialogue	3306		GM-ALL-dialogue-3306--1	D35A77CBCA25F6D8AB47E1A2BF84217508C005FAC541E1519151A35095793EF1	대체 친구랑 같이 미연시 하는 걸 얼마나 좋아하는 거야…… 보통은 다들 혼자 하는 거 아닌가?	REVIEWED		3307
dialogue	3307		GM-ALL-dialogue-3307--1	801171F4A5A20F33A1616A0450F22F811CEA6DAB8E82FBAFCAE41BE814B53C6F	무, 물론 나도 싫은 건 아니지만……	REVIEWED		3308
dialogue	3308		GM-ALL-dialogue-3308--1	71AB10A93ED409E1CB75C87E3AD2461429F1CAD29D9C9B96F49AD4D55CD0319F	나와 모추링은 게임 코너로 갔다. 모추링은 신이 나서 컴퓨터를 가져와 내 옆에 앉더니, 내가 열면 폭발한다던 그 D드라이브 폴더를 열었다.	REVIEWED		3309
dialogue	3309		GM-ALL-dialogue-3309--1	A03F2FD631370334952C5DB487CE810E6AF747DE720ED7A05543A4C1204D3998	~~~	REVIEWED	MCL	3310
dialogue	3310		GM-ALL-dialogue-3310--1	A7F878B8CED1A7957C560D573E30DDBBC1696E38C370513AACBBF4BFF12E7F43	……	REVIEWED	LM	3311
dialogue	3311		GM-ALL-dialogue-3311--1	9DB1F8B5249D98CEED47A481A82B09219D596E272C9C9B3DEFFDA49D1AAA9CF2	그래도…… 저렇게 신나 하는 모습을 보고 있으니 나까지 기분이 좋아진다.	REVIEWED		3312
dialogue	3312		GM-ALL-dialogue-3312--1	383292078CFCE69613B77F16157BD758AF25ACE6C16761368CF2AA9F882DBFDF	좋아, 게임 켤게요. 리밍이 조작할래요?	REVIEWED	MCL	3313
dialogue	3313		GM-ALL-dialogue-3313--1	740748ACA19755FAB29C9586620EFE2AF8E1C06929553C545282215DE61DAA19	결국 내가 미연시 하는 거잖아요!?	REVIEWED	LM	3314
dialogue	3314		GM-ALL-dialogue-3314--1	89D95C8C75F02610A453598EBF063D5FE7E1786F1314434E68B86815794B8CBE	쓴웃음을 지으며 마우스를 받아 빠르게 플레이 주의사항 화면을 넘겼다.	REVIEWED		3315
dialogue	3315		GM-ALL-dialogue-3315--1	5B0A6CEC6F6D3C18945EFDC5451014C3994BF1495F72DD154766FC4AE7909220	그리고 눈에 들어온 제목은——	REVIEWED		3316
dialogue	3316		GM-ALL-dialogue-3316--1	480EABD775D44837EC5CC3A7C751BBD75D12E7A8A26DCB17245D17361CEF26D5	【시간을 멈출 수 있는 내가 투명화 초능력을 익혔더니 신부 찾기가 너무 쉬워졌는데 운명의 천사가 너무 폐급이라 어떡하지】	REVIEWED		3317
dialogue	3317		GM-ALL-dialogue-3317--1	8892A481C748E9929BC60A8BBCD802CCBC9DC1824A6CED7AE595EED31753F55A	이거 누키게잖아요!!!	REVIEWED	LM	3318
dialogue	3318		GM-ALL-dialogue-3318--1	6795A96EA40ADFE891DA8334E491C0B70F20BE409533D4343934BD777537DDE2	제목은 왜 또 라노벨처럼 길게 지은 건데요!?	REVIEWED		3319
dialogue	3319		GM-ALL-dialogue-3319--1	B7C4E18435AC5087A3A62C6D5C411DFE28295D9684186521CF73D3B4C8166AEF	아, 아니에요. 사실 진짜 전연령이에요!?	REVIEWED	MCL	3320
dialogue	3320		GM-ALL-dialogue-3320--1	293EE5B2B96D367D4A1AC3863E46C48B2EDF2BBAF4D83CC71B25E3EDDDAF6C23	왜 눈을 피하는데요?!	REVIEWED	LM	3321
dialogue	3321		GM-ALL-dialogue-3321--1	93720FEB537F6F07023DEB986FA5FE504BEE447185AD0B1BA2B53A6597E0AABF	에휴…… 이따 화면에 뭐가 나오든 난 모른다.	REVIEWED		3322
dialogue	3322		GM-ALL-dialogue-3322--1	27578170B70B8F5B56C750BA870F6C7F35B9C9E39C4529FD70EF98192999E216	게임 시작을 눌렀다.	REVIEWED		3323
dialogue	3323		GM-ALL-dialogue-3323--1	FE9E63ABFF586A84489ABA49387CF9077DFEFE7B7C051B24C487CF4DB556F325	모추링은 곧바로 자세를 바로잡고 잔뜩 기대한 눈으로 화면을 바라봤다.	REVIEWED		3324
dialogue	3324		GM-ALL-dialogue-3324--1	311922CD3EF87664AC159B9BD7E00D9C94D47DC4183B1378974A74495A45DD70	이 열정…… 나는 절대 못 따라가겠다.	REVIEWED		3325
dialogue	3325		GM-ALL-dialogue-3325--1	A7F878B8CED1A7957C560D573E30DDBBC1696E38C370513AACBBF4BFF12E7F43	……	REVIEWED	LM	3326
dialogue	3326		GM-ALL-dialogue-3326--1	9E7FB24892084CD2372ADA31D45A4AE975DD0AB515F7180E7E7AC80A5011A827	우와, 그림체는 진짜 귀엽네.	REVIEWED	LM	3327
dialogue	3327		GM-ALL-dialogue-3327--1	798E3841FD73C70D45EDA6D4BA1F077C75E6279C123E1FE456E4E2AF14CBDCC2	그렇죠, 그렇죠! 이 원화가가 그린 다른 게임도 제가 엄청 좋아해요!	REVIEWED	MCL	3328
dialogue	3328		GM-ALL-dialogue-3328--1	D5735E530BE2741B2554C8F6285C87D668BA4FD003E103BACF04AE22F1828E0D	샤오청도 본 적 있으려나……	REVIEWED	LM	3329
dialogue	3329		GM-ALL-dialogue-3329--1	564B803F4F1B4B03738874FC0B648AA52E0E90BD0E72D988ECCA24F51CA5CCF3	그렇게 30분을 플레이했다.	REVIEWED		3330
dialogue	3330		GM-ALL-dialogue-3330--1	D83388D036B8520B1C290396BBEE50950AC7A80C75E44942A46DC3FF258073DA	뭐라고 해야 하지……	REVIEWED		3331
dialogue	3331		GM-ALL-dialogue-3331--1	972F331DF599D3BC4D8F1D39C2443C063722C84F02F69C81CABAB930E1120E11	음…… 굉장히……	REVIEWED		3332
dialogue	3332		GM-ALL-dialogue-3332--1	094959321D391D7421D0A7A6CA30D7E427FA0F0F8E2624BA700E4519FD515AFA	스토리가 너무 재미없어……!!	REVIEWED	LM	3333
dialogue	3333		GM-ALL-dialogue-3333--1	1B03FD33C888339272C6288AB69A9574F3217BAB1F8CB77B1EA4C0C05A0C8E61	초능력은 이유도 대가도 없이 갑자기 익히고, 그 초능력으로 할머니 길 건너는 걸 도와주는 내용만 10분이나 늘어놨잖아!!	REVIEWED		3334
dialogue	3334		GM-ALL-dialogue-3334--1	2560A190A036DD20F580D0304E77325AB6475AC7E0EAEA5747E2330F0458C202	차라리 밤에 폭우가 쏟아져서 열까지 났는데 초능력에 각성한 엄마가 업고 날아서 병원 가는 걸 쓰는 게 낫겠어요!?	REVIEWED		3335
dialogue	3335		GM-ALL-dialogue-3335--1	7F8D03678981E9B9377E5A80FB370CED04ABAD172E9B01337FC694C0F7257CF3	아…… 하하. 방금 찾아봤는데 반구미랑 평가공간에서도 이 작품 평점이 5점도 안 돼요……	REVIEWED	MCL	3336
dialogue	3336		GM-ALL-dialogue-3336--1	F362DA10C9233F60A4164858175F65993341062FABB58B19D3D0E3BDF0019E49	캐릭터랑 일러스트로 파는 타입이구나…… 아쉽네.	REVIEWED	LM	3337
dialogue	3337		GM-ALL-dialogue-3337--1	53FCFB4D42E355B995A6B5940398D457306F85430069CF996858474B7A1ADBEB	나도 사실 모에 위주 작품 꽤 좋아하는데, 각본 수준이 너무 별로면 계속하기 힘들더라고요……	REVIEWED	LM	3338
dialogue	3338		GM-ALL-dialogue-3338--1	FEE18DE81E91C18AEE23091E508D334CEA7BCF59B20A374A11005B21EE26AD2F	후후. 이럴 때야말로 그 필살기를 쓸 때죠……!	REVIEWED	MCL	3339
dialogue	3339		GM-ALL-dialogue-3339--1	CEA3A727D934A3EEF4721BDF363787D65D853192ECE855221878C38E8937FFA7	뭐라고요? 설마 그 필살기인가요……!	REVIEWED	LM	3340
dialogue	3340		GM-ALL-dialogue-3340--1	15876A5947F31CA4AD701F884690A24C709368C952AC1B0B09085DE775B3BA62	응! 바로…… 그거!	REVIEWED	MCL	3341
dialogue	3341		GM-ALL-dialogue-3341--1	410EB1381C02B882A130031E11E0E44FE535DA4C481BBE8DC83E455250BB0F55	뭔데요.	REVIEWED	LM	3342
dialogue	3342		GM-ALL-dialogue-3342--1	B1ECDB6632E15B151657A767DD500C932132D00A721AC68387E14820D0CD8271	모추링은 과장된 동작으로 자기 트윈테일을 쓸어 넘겼다.	REVIEWED		3343
dialogue	3343		GM-ALL-dialogue-3343--1	44D87F41E52970874E7953520265C91A6854A369CB5086EDDE9DB1209F27C563	작가를 무조건 믿기!	REVIEWED	MCL	3344
dialogue	3344		GM-ALL-dialogue-3344--1	A7F878B8CED1A7957C560D573E30DDBBC1696E38C370513AACBBF4BFF12E7F43	……	REVIEWED	LM	3345
dialogue	3345		GM-ALL-dialogue-3345--1	060AE773AF4E593B2D0507B366435F0354C9590C780F2407F13B8EC4680604F9	그러니까 작품에 완전히 몰입하는 비결이에요.	REVIEWED	MCL	3346
dialogue	3346		GM-ALL-dialogue-3346--1	C6BEA56E55720148056E27164D4E319EA553A15D4209C85F63228654DF5419EC	자기 현실 세계의 상식으로 생각하지 말고 작가를 완전히 믿어서 모든 설정을 있는 그대로 받아들이는 거예요. 그 세계가 정말 실재하는 것처럼——	REVIEWED	MCL	3347
dialogue	3347		GM-ALL-dialogue-3347--1	30E88085D23940A2449DC83C64335A18A1F51673BE49511A5160B5A212A05A93	그러면 온몸과 마음을 다해서 이야기에 빠져들 수 있어요!	REVIEWED	MCL	3348
dialogue	3348		GM-ALL-dialogue-3348--1	4C901D30C43C9BBE2A6AD38257FD1343EDCDD68F5D32EFA0A1FB9B636A63DFD5	……망작도요?	REVIEWED	LM	3349
dialogue	3349		GM-ALL-dialogue-3349--1	18373B7FE09E020A9CE6EE0FCA9813610BADEC9A052473FC5B05B4AE1F68FE38	……되, 되지 않을까요?	REVIEWED	MCL	3350
dialogue	3350		GM-ALL-dialogue-3350--1	A7F878B8CED1A7957C560D573E30DDBBC1696E38C370513AACBBF4BFF12E7F43	……	REVIEWED	LM	3351
dialogue	3351		GM-ALL-dialogue-3351--1	82859C134C678F883BA4E4C50F4F416597041F0A2674105E7893A1E80CFCB9E7	미연시 고수의 플레이 비법이라니까 나도 한번 해 볼까……	REVIEWED		3352
dialogue	3352		GM-ALL-dialogue-3352--1	12A21E440BB901D59DB78C465C0685549534AC3DCB2945065E7510DA86722443	그래…… 지금부터는 이 작가가 쓴 모든 글자를 완전히 받아들이는 거야.	REVIEWED		3353
dialogue	3353		GM-ALL-dialogue-3353--1	2A32A5631DC82A312F8BA2B4BD49133A7E1476CB0FB0A8718B58724497D80F3C	논리도…… 작가의 논리를 따라가고, 그 세계에서 일어나는 모든 사건은 전부 합리적이다.	REVIEWED		3354
dialogue	3354		GM-ALL-dialogue-3354--1	D920F9C27C2298CECF807E201542810BABAD4DFF749AD98A4B5B100D92C9506E	왜냐하면 나도 그 세계 안에서 살아가고 있으니까——	REVIEWED		3355
dialogue	3355		GM-ALL-dialogue-3355--1	0E5AE92C249BE52B7A1CFD4D5ABD5704A3D8DA4918406A6111D1ACC75436838A	어, 어라?	REVIEWED		3356
dialogue	3356		GM-ALL-dialogue-3356--1	944C438583E81E2EE2AD11ED21D3DFA190E83C60E7ECEA8F585685B74C54151C	아까까지는 공식처럼 남주에게 달라붙는 캐릭터로밖에 안 보이던 애들이…… 갑자기 엄청 귀여워 보인다.	REVIEWED		3357
dialogue	3357		GM-ALL-dialogue-3357--1	3DDFC2DB089B6617CC64780E2AB889288500B9D257F4835A691D379C4ACBAEBF	어? 내가 미연시 캐릭터를 보고 심장이 뛴다고?	REVIEWED		3358
dialogue	3358		GM-ALL-dialogue-3358--1	335028C9562FA779F8E857874ACEAB863597F45FB502E91BBCE3616F482A7388	이렇게 몇 년씩 미연시를 해 온 고인물인 내가 캐릭터한테 다시 두근거릴 수 있다고……!	REVIEWED		3359
dialogue	3359		GM-ALL-dialogue-3359--1	A34CE745E7F6B5C2B3E6A694C538D1AC6D8F7A1B21137086B5612756CDEA4184	자세히 보니까 눈도 엄청 예쁘고…… 목소리도 너무 좋고……	REVIEWED		3360
dialogue	3360		GM-ALL-dialogue-3360--1	2B5CECB1F95E317676F91EA0DAEB1DE9DF57486E83266A6A852685EAD114EBBF	이렇게 귀여운 미소녀들이 잔뜩 날 좋아해 준다니…… 어, 생각해 보니 논리적으로도 맞잖아……	REVIEWED		3361
dialogue	3361		GM-ALL-dialogue-3361--1	FBAB94C71E866FCA0330E62841DDEB3B476C9E402E2E72CFD162C214A1AED95F	완전히 나…… 아니, 아니지. 내가 바로 그 세계관 속 남주인공이니까 당연한 거잖아!	REVIEWED		3362
dialogue	3362		GM-ALL-dialogue-3362--1	28BB9997825AFB284F79D0D11B9932C6A0C8434B3379C71498B25F854D4E1772	신기하다…… 갑자기 느낌이 확 오는데……	REVIEWED	LM	3363
dialogue	3363		GM-ALL-dialogue-3363--1	B9956CDC658ACAC98900CEAD2D3881EA343022E38B08C4402CD490D0E0FD0C2B	에헤! 제가 만든 이 필살기 대단하죠!	REVIEWED	MCL	3364
dialogue	3364		GM-ALL-dialogue-3364--1	B84E51DFBB759DD4204C1F4B472B195A0BD7EA2DF8FB8088ED33F53C31CE04F8	현실의 생각으로 이야기와 거리를 두는 게 아니라, 내가 먼저 이야기에 다가가는 건가……	REVIEWED		3365
dialogue	3365		GM-ALL-dialogue-3365--1	26A2F8A4808B58ABD77A782D7B8A8F7EDC2EB95AAB01312C7B007BEE80D72BCF	그렇게 다시 30분쯤 플레이했다.	REVIEWED		3366
dialogue	3366		GM-ALL-dialogue-3366--1	A7F878B8CED1A7957C560D573E30DDBBC1696E38C370513AACBBF4BFF12E7F43	……	REVIEWED	LM	3367
dialogue	3367		GM-ALL-dialogue-3367--1	A90E9B2C2E492B26F67AB2F40055A9CB2F4FC915615738971ECF150164C6B527	……몰입에서 깨고 나니까 방금 전의 나한테 두 대 갈기고 싶어졌어요.	REVIEWED	LM	3368
dialogue	3368		GM-ALL-dialogue-3368--1	6CC41F17107E415273705FDCE278E766EBE0479E81045A71BE281603A383E6F2	내가 저렇게 엉망인 이야기에 몰입하고 있었다니. 다시 보니까 초등학생 일기 수준이잖아……!	REVIEWED		3369
dialogue	3369		GM-ALL-dialogue-3369--1	12D8B52722AD175EB340317CB081D78699A359449BDFFC95FB2DC2C4F1139F0E	이 필살기는…… 진짜 형편없는 각본에 쓰면 이런 부작용이 있어요……	REVIEWED	MCL	3370
dialogue	3370		GM-ALL-dialogue-3370--1	D3C4E3A80647785E562B83179626AB945A6E65A18CCE3E1256A548BECA61E178	으…… 으으…… 내가 이 게임을 했다는 기억을 어떻게 지우지……	REVIEWED	LM	3371
dialogue	3371		GM-ALL-dialogue-3371--1	B420D557DED1DFF8182DE1D8E829135571E5EF871853AFDF4C5B6BBF16003926	어…… 캐릭터가 고백했네. 선택지가 떴어요.	REVIEWED	LM	3372
dialogue	3372		GM-ALL-dialogue-3372--1	027F4F3E6F2CD1FDE54839A432660A4FA49F3273DC5959678A63B7DAD531ED89	일단 이 캐릭터 루트로 가 볼까요?	REVIEWED	MCL	3373
dialogue	3373		GM-ALL-dialogue-3373--1	C115013EEE5239BC7BFC1E7C2CD469A1F10BC3964DF96E1A36BBB135A0C78F13	그러죠……	REVIEWED	LM	3374
dialogue	3374		GM-ALL-dialogue-3374--1	E3B0C44298FC1C149AFBF4C8996FB92427AE41E4649B934CA495991B7852B855		EMPTY_CONTROL		-1
option	3374	0	GM-ALL-option-3374-0	E8A721AFDD23DB134DC04E23CB8DB89B7C8AEACD7A67C1F3596C7645497C7875	나도 너를 좋아해	REVIEWED		-1
dialogue	3375		GM-ALL-dialogue-3375--1	A7F878B8CED1A7957C560D573E30DDBBC1696E38C370513AACBBF4BFF12E7F43	……	REVIEWED	LM	3376
dialogue	3376		GM-ALL-dialogue-3376--1	A7F878B8CED1A7957C560D573E30DDBBC1696E38C370513AACBBF4BFF12E7F43	……	REVIEWED	MCL	3377
dialogue	3377		GM-ALL-dialogue-3377--1	9C2E8AA3A13146FB11529A588EB626CDF57222B667D4C63BBE066B6C368AA44F	아……! 으아아아아!!	REVIEWED	MCL	3378
dialogue	3378		GM-ALL-dialogue-3378--1	08D4888CE4CF297A70A6DAC6D8F28FA1624A17B665D456DB97F4E03DB112ECC5	다음에 굉장히 위험해 보이는 화면이 나오기 직전, 나와 모추링은 동시에 컴퓨터로 달려들어 전광석화처럼 전원을 껐다.	REVIEWED		3379
dialogue	3379		GM-ALL-dialogue-3379--1	E3B0C44298FC1C149AFBF4C8996FB92427AE41E4649B934CA495991B7852B855		EMPTY_CONTROL		3380
dialogue	3380		GM-ALL-dialogue-3380--1	A7F878B8CED1A7957C560D573E30DDBBC1696E38C370513AACBBF4BFF12E7F43	……	REVIEWED		3381
dialogue	3381		GM-ALL-dialogue-3381--1	B4935894C8CE16BDE67BBFFC672428B1533C4F1E1E8B1CE21A2933183DB6BFA5	…	REVIEWED		3382
dialogue	3382		GM-ALL-dialogue-3382--1	A7F878B8CED1A7957C560D573E30DDBBC1696E38C370513AACBBF4BFF12E7F43	……	REVIEWED	MCL	3383
dialogue	3383		GM-ALL-dialogue-3383--1	A7F878B8CED1A7957C560D573E30DDBBC1696E38C370513AACBBF4BFF12E7F43	……	REVIEWED	LM	3384
dialogue	3384		GM-ALL-dialogue-3384--1	FEDFA26ABECB3BCA45371AB56EFE06A7D308996566FC4688E4AF652357F06BBA	우리 둘은 얼굴을 붉힌 채 미친 듯이 차를 들이켰다.	REVIEWED		3385
dialogue	3385		GM-ALL-dialogue-3385--1	F2EC58F1A71F968F4AF614EBD9475151A35EE48B13A654D4B499F242B596E19A	하…… 하하……	REVIEWED	MCL	3386
dialogue	3386		GM-ALL-dialogue-3386--1	4B890D71810A0693A0609F2B9048D612F788BDA9333DFB014736F037290FBA62	하하하하……	REVIEWED	LM	3387
dialogue	3387		GM-ALL-dialogue-3387--1	960C63CD2C4D24D7A265731DA6730D63557B7E58B9FAE7D1AD8955374F7501DB	그러고는 폭우가 내리는 텅 빈 그래플링 하우스에서 참지 못하고 함께 크게 웃어 버렸다.	REVIEWED		3388
dialogue	3388		GM-ALL-dialogue-3388--1	3183DF5F6EEA1D3D7805C5BEAE46377BCF4F7508C3AE46D8D42461715BC9C2CE	이때 손님이라도 들어와 우리 모습을 봤다면 그대로 겁먹고 돌아 나갔을지도 모른다.	REVIEWED		3389
dialogue	3389		GM-ALL-dialogue-3389--1	4187A8AA9E7A5D1C627BDB433ECEC62C9F5A1D5A00A6CA44726A9A2014D712FE	아——역시 리밍이랑 얘기하고 미연시 하는 건 재밌어요——	REVIEWED	MCL	3390
dialogue	3390		GM-ALL-dialogue-3390--1	20A22416190ACEEDB89CA8DE06F863F627538385A3DBA5F2A59893C7E358D94B	너무 재밌어서 오늘 밤 잠 못 잘 뻔했어요.	REVIEWED	LM	3391
dialogue	3391		GM-ALL-dialogue-3391--1	165E1A1B76F620B2A228FF1BA6298884998D56EEA0A01DA333FEFCCA06EAD832	하하…… 하하하……	REVIEWED	MCL	3392
dialogue	3392		GM-ALL-dialogue-3392--1	B977A4C125AA44C16EC8C38A9126FCF45EDB94DD608A841BFB0BC6973F95C5D3	역시 모추링의 웃음은 사람한테 쉽게 옮는다. 나도 모르게 또 따라 웃었다.	REVIEWED		3393
dialogue	3393		GM-ALL-dialogue-3393--1	E3B0C44298FC1C149AFBF4C8996FB92427AE41E4649B934CA495991B7852B855		EMPTY_CONTROL		3394
dialogue	3394		GM-ALL-dialogue-3394--1	09AC1FE24993B1DA32971CC0CD8A263EA01D7D5B7FB7F7597A457124C2A75E14	창밖의 빗줄기가 조금씩 약해지기 시작했다.	REVIEWED		3395
dialogue	3395		GM-ALL-dialogue-3395--1	ECAD7207724D48D4BC0C68B713970519BB927921F3EEB6650FD568987999C3E0	우리도 점점 진정했다.	REVIEWED		3396
dialogue	3396		GM-ALL-dialogue-3396--1	32FF7D4E6CCFBB38BA5FEA076682035D5534B3940CCAEA917006788BC21CED6C	리밍은 어쩌면…… 뭔가 마력이 있는 사람인지도 몰라요.	REVIEWED	MCL	3397
dialogue	3397		GM-ALL-dialogue-3397--1	4C54F1EBDC47266414F951F40BC1310F6F50D130A648EB5D7AF0C562A3C24C7C	네?	REVIEWED	LM	3398
dialogue	3398		GM-ALL-dialogue-3398--1	3D93EBE4DD86FBAF911BDE2ED9A90C34F598FB71546AF8A7F5D8F3584AA6BD42	뜬금없이 모추링이 알 수 없는 말을 꺼냈다.	REVIEWED		3399
dialogue	3399		GM-ALL-dialogue-3399--1	2878181F764842D0AF8B6360AD90EE642327138F1C09002F333C2B1ABAEC825A	특히 요 며칠, 점점 더 그런 생각이 들어요.	REVIEWED	MCL	3400
dialogue	3400		GM-ALL-dialogue-3400--1	D445B388EE2B67E5EBE33A8A605F52E35206985D68EA8B058014571CE22A1B78	……갑자기 무슨 소리예요.	REVIEWED	LM	3401
dialogue	3401		GM-ALL-dialogue-3401--1	004C0E340A711A678AF089224B485948F3915BAF8899C7BFA3AE851631653BD1	리밍, 처음 여기 왔던 날 기억해요?	REVIEWED	MCL	3402
dialogue	3402		GM-ALL-dialogue-3402--1	441A8284201C1261FF26D856B0DCC845DB2A349EA6B9C3F3164D86656DE68D81	기억하죠. 그날도 이렇게 폭우가 쏟아졌잖아요.	REVIEWED	LM	3403
dialogue	3403		GM-ALL-dialogue-3403--1	D3A022BB966BB31F383B316057AAFB8D8B3D197FA1D5555082A7F2D3635EFD0D	그때 가게 안은 정~말 정말 조용했어요. 오늘보다도 훨씬요.	REVIEWED	MCL	3404
dialogue	3404		GM-ALL-dialogue-3404--1	0959E987697E4CFA43D273F66DCEF47FD22C8B734A97939C4B30C6B255A039AE	그때 바이셴위가 있었잖아요?	REVIEWED	LM	3405
dialogue	3405		GM-ALL-dialogue-3405--1	B6FB8B77DB6FB25D3D4DFF57E408B91F9CED96AFA2891A5EC27C03C6DDAA4637	응…… 그렇긴 했죠……	REVIEWED	MCL	3406
dialogue	3406		GM-ALL-dialogue-3406--1	821FB2D3C9EE2A86946D6D95273B5820AB530533D4C8F5342C122DAAE4F2111C	……그보다 전에는 한샤오청 선생님도 여기 오곤 했는데, 그래도 똑같이 아주아주 조용했어요……	REVIEWED	MCL	3407
dialogue	3407		GM-ALL-dialogue-3407--1	6A4D65AF72601D5B5B693EB9E451E7EA91D17CC6B47DBF7F11206C5FCD0A4234	처음 손님이 찾아왔을 때는 제가 더 기쁠 줄 알았어요. 그런데 생각했던 것과는 조금 달랐어요.	REVIEWED	MCL	3408
dialogue	3408		GM-ALL-dialogue-3408--1	41C1E4523CE148A18AB94474AB25752B3168EF918725CC8F6EFE7B9FDED3D959	여기는 여전히 썰렁했고, 얼마 안 가 두 사람도 그저 스쳐 가는 손님이 되어 다시는 오지 않을 것 같았어요……	REVIEWED	MCL	3409
dialogue	3409		GM-ALL-dialogue-3409--1	655C352B3BFD5F4B71258CE34D5A59ACA2D723A628055339C50B3507412A358F	모추링은 내 쪽을 똑바로 바라봤다. 눈빛이 아주 진지했다.	REVIEWED		3410
dialogue	3410		GM-ALL-dialogue-3410--1	53355F8FEF9B06E97B3FCBEB23E738EEF79233CC2EDE6C3151382E1D70AE13D6	그런데…… 리밍이 온 뒤로 전부 달라졌어요.	REVIEWED	MCL	3411
dialogue	3411		GM-ALL-dialogue-3411--1	C4B8DF5CBCC1D603FF763E869F85CD426C7457431004E2EA3D2FD27C469150AA	모두가…… 계속 여기 놀러 올 이유가 생겼고…… 점점 서로 이야기도 많이 하게 됐어요. 이곳이 북적거리기 시작했어요.	REVIEWED	MCL	3412
dialogue	3412		GM-ALL-dialogue-3412--1	2687EFE16201ED7DF942FB24F923A33A854087DF07B5F3ECA6D2CD1C7195D6F9	전부 리밍이 와 줬기 때문에 지금처럼 된 거라고 생각해요.	REVIEWED	MCL	3413
dialogue	3413		GM-ALL-dialogue-3413--1	A7F878B8CED1A7957C560D573E30DDBBC1696E38C370513AACBBF4BFF12E7F43	……	REVIEWED	LM	3414
dialogue	3414		GM-ALL-dialogue-3414--1	505085B2554FC668732631F9D6162E05CE1229927768758DC0C631C3B9558C2F	너, 너무 과장이에요.	REVIEWED	LM	3415
dialogue	3415		GM-ALL-dialogue-3415--1	16145B13DA6FAE96B75B501DE181427366E79BE82162C5E0F41815CCC020165A	무슨 내가 촉매라도 된 것처럼 말하잖아.	REVIEWED		3416
dialogue	3416		GM-ALL-dialogue-3416--1	685EAB9BD64E90AE17BB32B245ECAD71F30729AE0629CF337EB7187A94D4B406	진짜예요…… 리밍, 어제는 안 왔잖아요.	REVIEWED	MCL	3417
dialogue	3417		GM-ALL-dialogue-3417--1	5F0AC1B67868F5C842569C878B92132D61797733F20D4F4D649E6EC9C6B73581	……처리할 일이 좀 있었어요.	REVIEWED	LM	3418
dialogue	3418		GM-ALL-dialogue-3418--1	910745901C9F926831C8FE1BC03935D4DFF4BB3974116E8436FA5CE24CC7F9EC	부모님 제사를 지내러 고향집에 갔다느니, 부모님이 두 분 다 돌아가셨다느니 하는 얘기는 별로 하고 싶지 않다.	REVIEWED		3419
dialogue	3419		GM-ALL-dialogue-3419--1	CBFB8E11B069A354C06639CBA4B9DF63CB547B9FD38EEBD26CC523018B32742D	그랬구나…… 어제는 리밍이 없어서 다들 좀 풀이 죽었어요……	REVIEWED	MCL	3420
dialogue	3420		GM-ALL-dialogue-3420--1	E3B0C44298FC1C149AFBF4C8996FB92427AE41E4649B934CA495991B7852B855		EMPTY_CONTROL		3421
dialogue	3421		GM-ALL-dialogue-3421--1	F3F3079E2BA8B15C942C7F54D01977D94AB8320118A62ACE3A88D8C4EAF76BF8	——	REVIEWED		3422
dialogue	3422		GM-ALL-dialogue-3422--1	A3EF8D253FC639BEA4B9740678BDBC9B9F959F96D35BBAE504D70162393639F8	……안녕하세요.	REVIEWED	BXY	3423
dialogue	3423		GM-ALL-dialogue-3423--1	A7F878B8CED1A7957C560D573E30DDBBC1696E38C370513AACBBF4BFF12E7F43	……	REVIEWED	BXY	3424
dialogue	3424		GM-ALL-dialogue-3424--1	FFC5D0362D45F9D34FFF3A5158895946E80C9109E7C950162B1339B1EA6EA885	리밍 선배, 안 왔어요?	REVIEWED	BXY	3425
dialogue	3425		GM-ALL-dialogue-3425--1	A7F878B8CED1A7957C560D573E30DDBBC1696E38C370513AACBBF4BFF12E7F43	……	REVIEWED		3426
dialogue	3426		GM-ALL-dialogue-3426--1	EFD867ACD16FC9A5D079A6CE32D1C05275649F0D5B2EF194061565B9D6E77B02	안녕……	REVIEWED	HXC	3427
dialogue	3427		GM-ALL-dialogue-3427--1	A7F878B8CED1A7957C560D573E30DDBBC1696E38C370513AACBBF4BFF12E7F43	……	REVIEWED	HXC	3428
dialogue	3428		GM-ALL-dialogue-3428--1	E696AF83ED4614A501CD8F5D2167DAAA50301AEA1D28694E4D48F528D5C71EA1	어…… 없어……	REVIEWED	HXC	3429
dialogue	3429		GM-ALL-dialogue-3429--1	A7F878B8CED1A7957C560D573E30DDBBC1696E38C370513AACBBF4BFF12E7F43	……	REVIEWED		3430
dialogue	3430		GM-ALL-dialogue-3430--1	A7F878B8CED1A7957C560D573E30DDBBC1696E38C370513AACBBF4BFF12E7F43	……	REVIEWED	BXY	3431
dialogue	3431		GM-ALL-dialogue-3431--1	A7F878B8CED1A7957C560D573E30DDBBC1696E38C370513AACBBF4BFF12E7F43	……	REVIEWED	HXC	3432
dialogue	3432		GM-ALL-dialogue-3432--1	A7F878B8CED1A7957C560D573E30DDBBC1696E38C370513AACBBF4BFF12E7F43	……	REVIEWED	MCL	3433
dialogue	3433		GM-ALL-dialogue-3433--1	6524697CD8305FC794463C24DF72827155CF65BF7457A588783B9BFF5C724E09	항상 공짜로 여기서 놀게 해 줘서 고마워요.	REVIEWED	BXY	3434
dialogue	3434		GM-ALL-dialogue-3434--1	5C2E0E6734D419F891E4B6F765666EF10C70657A54368A97E9529C1328433CAD	오늘은 먼저 갈게요. 신세 졌어요.	REVIEWED	BXY	3435
dialogue	3435		GM-ALL-dialogue-3435--1	273F288032447C8B9233BE43CA9C1BC28B8E653664C09E63C58C6E641626DE2C	……내일 오후에는…… 응, 아무것도 아니에요.	REVIEWED	BXY	3436
dialogue	3436		GM-ALL-dialogue-3436--1	A7F878B8CED1A7957C560D573E30DDBBC1696E38C370513AACBBF4BFF12E7F43	……	REVIEWED		3437
dialogue	3437		GM-ALL-dialogue-3437--1	4B1A3127CD363494FFDFC7893C079EDE0711BB797017C47D8DFF5D3D6CF0EA4E	밀크티, 맛있었어……	REVIEWED	HXC	3438
dialogue	3438		GM-ALL-dialogue-3438--1	13D48C72D0B4A5EF4FDE1CC0502166816BC996305968C7FE5860C6C2946BF838	고마워…… 내일 봐……	REVIEWED	HXC	3439
dialogue	3439		GM-ALL-dialogue-3439--1	A7F878B8CED1A7957C560D573E30DDBBC1696E38C370513AACBBF4BFF12E7F43	……	REVIEWED		3440
dialogue	3440		GM-ALL-dialogue-3440--1	A7F878B8CED1A7957C560D573E30DDBBC1696E38C370513AACBBF4BFF12E7F43	……	REVIEWED	MCL	3441
dialogue	3441		GM-ALL-dialogue-3441--1	35100649B98094B2ED086A3C13388F27580D6D4015B1429A8B81C33C3F4F0C95	또…… 예전처럼 아무도 안 왔네……	REVIEWED	MCL	3442
dialogue	3442		GM-ALL-dialogue-3442--1	A7F878B8CED1A7957C560D573E30DDBBC1696E38C370513AACBBF4BFF12E7F43	……	REVIEWED	MCL	3443
dialogue	3443		GM-ALL-dialogue-3443--1	D7F1E96BB735EC416BD40B13D8DEEFB706FE0B5191074D3E3EE4CEB2E9E062CA	————	REVIEWED		3444
dialogue	3444		GM-ALL-dialogue-3444--1	FEAF5A7C5E7AC3E0EC1444AF9BA2BC7197A463F677085917D4569C5FFCA10D20	내가 없을 때 이런 일이 있었구나.	REVIEWED		3445
dialogue	3445		GM-ALL-dialogue-3445--1	9545E191081E08E7E7BA248C12B57D182121C60125B0CA6B73B4722246D7B3D4	제가 열심히 말을 걸어 보긴 했는데, 제가 할 줄 아는 얘기는 미연시뿐이라 게임이나 그림 얘기는 못 하겠더라고요……	REVIEWED	MCL	3446
dialogue	3446		GM-ALL-dialogue-3446--1	7E1ABDE316F180AB894A08C780CFABB3E7AF3828A50F8EC5B2546557B92CF439	어쩌면 지금까지도 친구가 된 게 아니라 여전히 점장과 손님 사이일 뿐일지도 모른다고——모추링이 작은 목소리로 덧붙였다.	REVIEWED		3447
dialogue	3447		GM-ALL-dialogue-3447--1	3B4347E4D6426F4531B13403E455D11C2D5A91158ECAF56297F9D79D49E05D04	그런데 리밍은 누구 말을 들어도 진지하게 들어 주고, 무슨 화제가 나와도 다 받아 주잖아요.	REVIEWED	MCL	3448
dialogue	3448		GM-ALL-dialogue-3448--1	0E71FFE64DABA57C5D65B73A59B2D6275020948C813FE06494950530A59BD5E1	저는 리밍이 사실 정말 다정한 사람이라고 생각해요.	REVIEWED	MCL	3449
dialogue	3449		GM-ALL-dialogue-3449--1	E982CD44CFE934083D2E1F0F879FDA5D19C74DFEC7C4AD61D23FDF5133A8347A	그, 그런 십수 년 전 미연시 남주 설정 같은 평가 하지 마요……!	REVIEWED	LM	3450
dialogue	3450		GM-ALL-dialogue-3450--1	7058E8A2949BCC6BBE8AAC920A45EE22F6FA7468FF20C27896173070C6329522	게임이랑 현실은 다르잖아요……	REVIEWED	MCL	3451
dialogue	3451		GM-ALL-dialogue-3451--1	C8F388E60F6D14C5BB84E98C35125B0D0E70E961EDCF067879FA9AE764E1EB7A	오늘 왜 이래…… 이런 말을 들으니 괜히 얼굴이 뜨거워진다.	REVIEWED		3452
dialogue	3452		GM-ALL-dialogue-3452--1	B7CB54A93D71DDB8F10186568EAE897CDDD958F6B4B28CE3C5A0157387FED912	난 그냥 나를 위해서 그렇게 하는 것뿐인데…… 진짜로!	REVIEWED		3453
dialogue	3453		GM-ALL-dialogue-3453--1	CC87690FE55C98BFB0508425EDDFDAD0469E48A1B5C7B8225950387FD3B18ABD	나를 좋게 봐 주는 사람의 말을 듣고 이해하려고 하면, 내 마음의 빈 곳이 조금 덜 공허해진다.	REVIEWED		3454
dialogue	3454		GM-ALL-dialogue-3454--1	CFD19652AE6D8CAB08AF4632A70BA729CEAA671B31638D8EDF665B0BF5B982F6	아, 설마 부끄러워졌어요!	REVIEWED	MCL	3455
dialogue	3455		GM-ALL-dialogue-3455--1	D8FD069ED86D2B7471320B860D0E4232BD1DE843ED5C23E5824FE1B30C380E88	그, 그만. 이제 그런 얘기는 됐어요.	REVIEWED	LM	3456
dialogue	3456		GM-ALL-dialogue-3456--1	D2432C3A1FBC49ED657FC8455226F88F9A2A32AA03EA49ED20231465C05132C9	왜 얼굴 돌려요? 에헤~ 한번 보여 줘요!	REVIEWED	MCL	3457
dialogue	3457		GM-ALL-dialogue-3457--1	E4F8ECDD98FE774B13A271028A5CE13ED0424384C6B4B6E616F3E7884C3DF384	싫어요!	REVIEWED	LM	3458
dialogue	3458		GM-ALL-dialogue-3458--1	907CFC36A7830EBCFEF84C046DA294F61D8EF2A084D9DC6242FEE3AB15DCD820	얌전히~ 보여 줘요!	REVIEWED	MCL	3459
dialogue	3459		GM-ALL-dialogue-3459--1	FCCF2CD7A377F0D3638CE32F6E567789D2746DA14ECB81132ADDB93F03FB773E	계속 그러면 D드라이브 폴더 열어 버릴 거예요.	REVIEWED	LM	3460
dialogue	3460		GM-ALL-dialogue-3460--1	E208E119A4D8E19B0E8DFC3D13CE349447F3FAA963063697A0C90E6CEBEF6BB0	아——죄송해요, 제가 잘못했어요!!	REVIEWED	MCL	3461
dialogue	3461		GM-ALL-dialogue-3461--1	A7F878B8CED1A7957C560D573E30DDBBC1696E38C370513AACBBF4BFF12E7F43	……	REVIEWED	LM	3462
dialogue	3462		GM-ALL-dialogue-3462--1	A7F878B8CED1A7957C560D573E30DDBBC1696E38C370513AACBBF4BFF12E7F43	……	REVIEWED	MCL	3463
dialogue	3463		GM-ALL-dialogue-3463--1	822FC2D111F52C1EFC82412B70EA28F117C5CB67751C49443ADCC838F7303C73	그냥 제 욕심이라고 해 둬요…… 사실 저는 리밍이 계속 와 줬으면 좋겠어요……	REVIEWED	MCL	3464
dialogue	3464		GM-ALL-dialogue-3464--1	31044056D40E096337017A4CCEC407D263F47F07267F1D9511D7FA61C8AEF95A	그런데 이런 생각은 다른 사람한테 제 욕심을 채우라고 강요하는 거랑 다를 게 없잖아요.	REVIEWED	MCL	3465
dialogue	3465		GM-ALL-dialogue-3465--1	18E6A2242480746B9D1ADEE99937E127DD1A37A869A2EC62F66C0328A68C304A	모추링은 쓴웃음을 지었다.	REVIEWED		3466
dialogue	3466		GM-ALL-dialogue-3466--1	A05AB2BCF61A4146947B9DC9215482260BEAD945F0F0E82E3F845BF9D16A8A74	……아니, 난 딱히 나쁜 일이라고 생각하지 않는다.	REVIEWED		3467
dialogue	3467		GM-ALL-dialogue-3467--1	0D88A4AD55EA4727D7C1C2F8D280C863FFAD02352ADFB0EB1CF2F72343A142BB	오히려 반대로, 내가 모추링에게 제대로 고마워해야 하는 건지도 모른다.	REVIEWED		3468
dialogue	3468		GM-ALL-dialogue-3468--1	26CCD8F04A7E93A7F428BCFD72CBCCA088429C0D8523C2CF01CCAC2CDED4486A	크흠. 어차피 저도 딱히 하고 싶은 일이 있는 건 아니니까…… 여기 오는 건 전혀 문제없어요.	REVIEWED	LM	3469
dialogue	3469		GM-ALL-dialogue-3469--1	0275B35362E552BBC549EF42681599EE77D862435124516453AAC779857CC56E	저, 정말요!	REVIEWED	MCL	3470
dialogue	3470		GM-ALL-dialogue-3470--1	8DB9524E8CABBCDA4A8DF9E14025F4C965232D712C635653CA685BEF3EB593E5	그런데 하나는 정정하고 싶어요.	REVIEWED	LM	3471
dialogue	3471		GM-ALL-dialogue-3471--1	A6BBE2C1F0E8458BBA89ABA91B22B8B5E662CC9411DF20FE1F073A9367364288	네?	REVIEWED	MCL	3472
dialogue	3472		GM-ALL-dialogue-3472--1	24A65F170E01E1D5F74D2A7B092CCF4441F017A5B66150EF61E0D205B0A7B129	모추링 씨는 바이셴위랑 샤오청이랑 많이 어울려 본 적이 없어서 두 사람을 조금 오해하고 있는 것 같아요.	REVIEWED	LM	3473
dialogue	3473		GM-ALL-dialogue-3473--1	5477F5AA47B72038AD98E1522CECAF6B730BD9AA052C4DD43BC383AA25C01173	걔들은…… 사실 겉보기보다 속이 훨씬 뜨거워요. 적어도 석 달 동안 제 옆자리에 앉아 있던 샤오청은 제가 확실히 말할 수 있어요.	REVIEWED	LM	3474
dialogue	3474		GM-ALL-dialogue-3474--1	52443BFFFD9ADBD79C00508AF87F27619858CA7EECB7F2D9C294003238A47550	그러니까 어쩌면 둘한테도 모추링 씨는 벌써 특별한 친구 중 한 명일지 몰라요. 아직 아니라 해도 금방 그렇게 될 거고요——	REVIEWED	LM	3475
dialogue	3475		GM-ALL-dialogue-3475--1	D5AF302E523D488652CC33038DE2448FFAADFC6A91FA7303F56D90598203A214	……그냥 제 추측이지만요.	REVIEWED	LM	3476
dialogue	3476		GM-ALL-dialogue-3476--1	A7F878B8CED1A7957C560D573E30DDBBC1696E38C370513AACBBF4BFF12E7F43	……	REVIEWED	MCL	3477
dialogue	3477		GM-ALL-dialogue-3477--1	2EC8D8B9A1173F11F5040B8E9ADB0687DBE300D1AB0045863258BE714886A130	응. 분명 리밍 말이 맞을 거예요.	REVIEWED	MCL	3478
dialogue	3478		GM-ALL-dialogue-3478--1	E3B0C44298FC1C149AFBF4C8996FB92427AE41E4649B934CA495991B7852B855		EMPTY_CONTROL		3480
dialogue	3480		GM-ALL-dialogue-3480--1	5D44079EC6D62D092965A92C6D558C5FB9FBBC4CFE85DF9C8533BC2F266ACE52	어느새 창밖의 비는 그쳐 있었다. 하늘을 가득 메웠던 먹구름도 사라지고 오후 햇빛이 다시 비쳤다.	REVIEWED		3481
dialogue	3481		GM-ALL-dialogue-3481--1	74B0B7DCCB1DC9CB4D1D7BDF992619265B9F0BA907295375B90465E52A5E4C2A	얘기하다 보니 시간이 꽤 갔네요. 오늘은 이쯤에서 끝낼까요?	REVIEWED	LM	3482
dialogue	3482		GM-ALL-dialogue-3482--1	3FAC296A9A8C1BDBFA0B4D351AAEC396BB683D738B876F1C4C2E2F079C4109E7	좋아요. 고마워요, 리밍!	REVIEWED	MCL	3483
dialogue	3483		GM-ALL-dialogue-3483--1	3E16391A9D48E3A57B2AF197AB3587AEE888EC3B210ED2239B23AC703F301EBC	저 딱히 뭐 한 것도 없는데요——	REVIEWED	LM	3484
dialogue	3484		GM-ALL-dialogue-3484--1	FA98D3EAFF8F26AA42894018EFFD3C90264C41DB3490080A8C59B4824CD02C67	말을 끝내기도 전에 어수선한 발소리와 작은 말소리가 문밖에서 가까워졌다.	REVIEWED		3485
dialogue	3485		GM-ALL-dialogue-3485--1	A905AEAE6672BAFAC13F8CA30F60142ABDB679DDC4732DB2EA2E8D714708E96B	곧이어 유리문이 열렸다.	REVIEWED		3486
dialogue	3486		GM-ALL-dialogue-3486--1	C289D340557B3525E2F3596FB61D9466EE67CE6917975A7A0D91285DAE14F958	딱 맞춰 왔다!	REVIEWED	MM	3487
dialogue	3487		GM-ALL-dialogue-3487--1	B3DF2532ACD171FFCDEE2689F7D123B51F1305C14A61AA57F65DAE29C09B629D	선배……	REVIEWED	BXY	3488
dialogue	3488		GM-ALL-dialogue-3488--1	BF63AE694913FDA13BA4B4AC0C06A1DB06D1F6C6FFE09C0954D2F4AFD7EC4A79	아…… 리밍, 진짜 아직 있네.	REVIEWED	HXC	3489
dialogue	3489		GM-ALL-dialogue-3489--1	545F940D19FADFF4AD456F917A684DE2D3501CB71E4B6618A2246E7FD769EE7D	?!	REVIEWED	MCL	3490
dialogue	3490		GM-ALL-dialogue-3490--1	82C53050043431BEEA7CE97635AFF897AEE1BB1F9E4186E625486C0E2AB348C8	오는 길에 이 둘을 만났어.	REVIEWED	MM	3491
dialogue	3491		GM-ALL-dialogue-3491--1	E3B0C44298FC1C149AFBF4C8996FB92427AE41E4649B934CA495991B7852B855		EMPTY_CONTROL		3492
dialogue	3492		GM-ALL-dialogue-3492--1	C2AD08D4C3D15CA882B6ADB7389A9130A582A30C6EC021F86BE0D136EA559460	안녕하세요.	REVIEWED	BXY	3493
dialogue	3493		GM-ALL-dialogue-3493--1	9A1E39325FB6FD977DA1A35F36DBE2A3B6B47C27BBA3EE7EF4FBAC5852917EFF	아, 안녕.	REVIEWED	HXC	3494
dialogue	3494		GM-ALL-dialogue-3494--1	A7F878B8CED1A7957C560D573E30DDBBC1696E38C370513AACBBF4BFF12E7F43	……	REVIEWED	BXY	3495
dialogue	3495		GM-ALL-dialogue-3495--1	E23A2A933BE63F7992EF78DC97543046307E6306C1A546D698062EDB79747A91	으……	REVIEWED	HXC	3496
dialogue	3496		GM-ALL-dialogue-3496--1	217558EF64F74C33FEA047F20484B63E6BDA0CC316E2DA14F89F3638DD28968B	……너도 타코야키 사러 가는 거야?	REVIEWED	BXY	3497
dialogue	3497		GM-ALL-dialogue-3497--1	376908DDC22CC6D8FD56D5AC21CB83CC87955BFFDC9B6E8D55837E41BAA27E3F	……응……	REVIEWED	HXC	3498
dialogue	3498		GM-ALL-dialogue-3498--1	4D1CBAC13626F88F6F21209374EAB267A65FE1B330DB1B80C54FCF8A745605AD	……너, 너도 갈래?	REVIEWED	BXY	3499
dialogue	3499		GM-ALL-dialogue-3499--1	C40EA7400BE36D2B7C9718832B2E7D10F2341F50F34ED2DF3D2F2757C46CDC58	그런데 그 타코야키 아저씨, 무섭게 생겼어……	REVIEWED	HXC	3500
dialogue	3500		GM-ALL-dialogue-3500--1	105DD4AB150878AD96CEE1CC6D846B1B6861E7B61ED56C1BBCB24E868578A641	……나도 그렇게 생각해……	REVIEWED	BXY	3501
dialogue	3501		GM-ALL-dialogue-3501--1	385E9E2F720D18F9F760D2839BF0541A7830B914B041FE5EF0A84FBAA9785007	……사고 싶진 않은데, 사야 해.	REVIEWED	HXC	3502
dialogue	3502		GM-ALL-dialogue-3502--1	33A2331A805E74F424DAC2F4E88EDA2869CF372B9D27C1A99551F284AB48215E	……으으……	REVIEWED	BXY	3503
dialogue	3503		GM-ALL-dialogue-3503--1	9BBF0DE4AE885BEDD3C1D65C8AF5021FFCF0097613851846F915A671F4A8BAF9	——저기, 그러면 내가 사 올까?	REVIEWED	MM	3504
dialogue	3504		GM-ALL-dialogue-3504--1	E3B0C44298FC1C149AFBF4C8996FB92427AE41E4649B934CA495991B7852B855		EMPTY_CONTROL		3505
dialogue	3505		GM-ALL-dialogue-3505--1	D7F1E96BB735EC416BD40B13D8DEEFB706FE0B5191074D3E3EE4CEB2E9E062CA	————	REVIEWED		3506
dialogue	3506		GM-ALL-dialogue-3506--1	2D7D9A6EEBDAC44EC3B8E20736DEC2E1DE026BC3C8D3C7F87D3DCE907FCA61A4	타코야키도 혼자 못 사다니…… 낯가림이 나보다 훨씬 심하잖아!?	REVIEWED		3507
dialogue	3507		GM-ALL-dialogue-3507--1	EAB2CC5A54F00A19D12FAA3C6CC75F476B2F5E33C97AE8C642D128C9764C4259	바이셴위와 한샤오청은 각자 타코야키 한 상자를 꺼내 모추링에게 건넸다.	REVIEWED		3508
dialogue	3508		GM-ALL-dialogue-3508--1	17BD637EBC704B7089E8308F9B6C9E20FFE78F989F1219C66DF2C6B0BC7A0F52	……이거, 받아 주세요.	REVIEWED	BXY	3509
dialogue	3509		GM-ALL-dialogue-3509--1	7F99569BA990D61C7852CF3AB300126ADEA15F980A84C1C05CF81BE2D5D4F85B	……아……	REVIEWED	MCL	3510
dialogue	3510		GM-ALL-dialogue-3510--1	C8B97AF39ACF89995F57D9D0B19181D6F0CED37E3615B6F3128F56E938AF8615	어제 오후에 바이셴위가 말했어. 맨날 여기 와서 돈 한 푼 안 쓰니까, 고마워해야 한다고.	REVIEWED	HXC	3511
dialogue	3511		GM-ALL-dialogue-3511--1	7D13C5C255FB3FF66FA0B9F43617E2036EA2E42BECD7047A4F907EF3D0D03821	모추링, 좋은 사람이야.	REVIEWED	HXC	3512
dialogue	3512		GM-ALL-dialogue-3512--1	1710FBFC51CFFEB551265F64415BC7DADE137EFD13CA83232653A8D23E026B2B	두 사람은 타코야키 두 상자를 모추링의 손 위에 포개 놓았다.	REVIEWED		3513
dialogue	3513		GM-ALL-dialogue-3513--1	54BC976379E0D951DE1C270B827CEB18821CCCBCC49F39A63B588FC847DBDE89	자기 속마음을 표현하는 데 서툴러도…… 지금까지 모추링이 베푼 호의——공짜로 게임을 하게 해 주고 간식을 내어 준 것, 늘 밝게 맞아 준 것——를 두 사람은 전부 제대로 보고 있었다.	REVIEWED		3514
dialogue	3514		GM-ALL-dialogue-3514--1	A7F878B8CED1A7957C560D573E30DDBBC1696E38C370513AACBBF4BFF12E7F43	……	REVIEWED	MCL	3515
dialogue	3515		GM-ALL-dialogue-3515--1	92EE67DA7FA16A2930A5542CF92F5562B292B26F02B99FFD28FCFC027066505C	……흑…… 흐으으~ 고마워요! 그런데 이렇게 많으면 또 살찌잖아요——	REVIEWED	MCL	3516
dialogue	3516		GM-ALL-dialogue-3516--1	89EC01E4E93CA49F6E4C82BADDC28F6FE72BD734242E343CF07E892021689CE3	……윽.	REVIEWED	BXY	3517
dialogue	3517		GM-ALL-dialogue-3517--1	501E0D9169962AAFE031B845A89875D71B6ACBFA159E1226833E2E37DC88C6F3	모추링, 나쁜 사람.	REVIEWED	HXC	3518
dialogue	3518		GM-ALL-dialogue-3518--1	CCF8BADFB23792AE12B5C00B6DFD960A6D5D8E8EFC60B56AE3FFE539E95F74CB	어!? 왜요!?	REVIEWED	MCL	3519
dialogue	3519		GM-ALL-dialogue-3519--1	085B69A5562D255D05A1C57362EC90A8199455136D3E5E2C18D6753BB2D97A11	아, 리밍. 네가 보고 있는 화집은……	REVIEWED	HXC	3520
dialogue	3520		GM-ALL-dialogue-3520--1	BB46BC7C0AB36D4E324418F8EC16E560BEC6DF9C32FB2521C39F057116AD2E1F	아, 이거 아까 제가 꺼낸 견본이에요.	REVIEWED	LM	3521
dialogue	3521		GM-ALL-dialogue-3521--1	4DF484FA94F53756CF6ADEC6F7710E00929043E5ACC2F3A1D4851866EAEBC108	선배, 이따…… 한 판 할래요?	REVIEWED	BXY	3522
dialogue	3522		GM-ALL-dialogue-3522--1	AD8AB94F1C90FA0DB96F081EDE6A5A90B3C4E7F8B960B030B9761B8235B522D2	괜찮아? 나 또 손 좀 굳은 것 같은데.	REVIEWED	LM	3523
dialogue	3523		GM-ALL-dialogue-3523--1	627F836702849D1E737C7F2F70EC229EA3E557E5F6D3727076AE8842440DCBE3	오빠, 아까 친구가 다음에 오빠 방 구경하고 싶대……	REVIEWED	MM	3524
dialogue	3524		GM-ALL-dialogue-3524--1	5792F1598E39047BAB9718F63DAA68D1B10B39D513D7F2446518D30E1937AB2D	절대 안 돼!!	REVIEWED	LM	3525
dialogue	3525		GM-ALL-dialogue-3525--1	0CA2F12348BD98ACAAECD142ABBF7CBA232849A821B9A45BF1093954E8977EDE	썰렁했던 그래플링 하우스가 순식간에 떠들썩해졌다.	REVIEWED		3526
dialogue	3526		GM-ALL-dialogue-3526--1	6DB1B11AB4DDEBF0A0FF8E218AD1C948345D4D8C57E9472FBEF0FB6AD2590A4F	다들…… 아예 단체 채팅방 하나 만들까요?	REVIEWED	MCL	3527
dialogue	3527		GM-ALL-dialogue-3527--1	4CA054F767A85EF3DE7D483233221D36321CB6ECD01E67D56D34A64705673F49	그 제안에는 거의 망설임도 없이 모두가 휴대폰을 꺼냈다.	REVIEWED		3528
dialogue	3528		GM-ALL-dialogue-3528--1	2BF060E55811A0139132D2E1ED46044D61B56213DA9B28B3FDDB4D3CA9BD0BAE	다른 사람들이 안 볼 때 슬쩍 뒤를 돌아 모추링에게 웃어 보였다.	REVIEWED		3529
dialogue	3529		GM-ALL-dialogue-3529--1	3A3B54D192F7C8E3BC66C0526A8D901C029D13EE090A897054614048A9F44E6D	——거봐요, 제 말이 맞았죠?	REVIEWED		3530
dialogue	3530		GM-ALL-dialogue-3530--1	A7F878B8CED1A7957C560D573E30DDBBC1696E38C370513AACBBF4BFF12E7F43	……	REVIEWED	MCL	3531
dialogue	3531		GM-ALL-dialogue-3531--1	BD1847B16EB78E5384788B8351BC58E513700CD3B0548F090E8897F04D198A98	모추링도 내게 윙크했다.	REVIEWED		3532
dialogue	3532		GM-ALL-dialogue-3532--1	A32729057E553D2260E9C1EAC97D9677B97A80AA8FD748A5E3AAA077190DFCCC	——그러네요. 맞았어요——	REVIEWED		3533
dialogue	3533		GM-ALL-dialogue-3533--1	1C143153621EC12EA3CCD7EF3D22FFC9580947BC81F4855166F05C8088E62E0C	아무래도 오늘 그래플링 하우스에서 나가는 시간은 더 늦어질 것 같다.	REVIEWED		3534
dialogue	3534		GM-ALL-dialogue-3534--1	E3B0C44298FC1C149AFBF4C8996FB92427AE41E4649B934CA495991B7852B855		EMPTY_CONTROL		3535
dialogue	3535		GM-ALL-dialogue-3535--1	6C511B54DE687993FD95A75C42B6B7B9D5D56AA9C148D9F5BEB492C68FFF9332	참고로 밤에 돌아가기 전에 아까 그 미연시의 뒷부분을 몰래 확인해 봤다.	REVIEWED		3536
dialogue	3536		GM-ALL-dialogue-3536--1	E27612656022ACC15E18D29B19477C0DC1DE11716CE30251700DBC747366BE44	진짜 전연령이었다. 그 뒤에는 키스 CG 한 장이 전부였다.	REVIEWED		3537
dialogue	3537		GM-ALL-dialogue-3537--1	227018ED2AC37982651B78D7854E9D4B071B9DC14B4153BB587676563F565B48	우리 괜히 호들갑 떨었네.	REVIEWED		3538
dialogue	3538		GM-ALL-dialogue-3538--1	E3B0C44298FC1C149AFBF4C8996FB92427AE41E4649B934CA495991B7852B855		EMPTY_CONTROL		3539
dialogue	3539		GM-ALL-dialogue-3539--1	A7F878B8CED1A7957C560D573E30DDBBC1696E38C370513AACBBF4BFF12E7F43	……	REVIEWED		3540
dialogue	3540		GM-ALL-dialogue-3540--1	B4935894C8CE16BDE67BBFFC672428B1533C4F1E1E8B1CE21A2933183DB6BFA5	…	REVIEWED		3541
dialogue	3541		GM-ALL-dialogue-3541--1	89681D39564F9DBC34376A1F87F2944973EFDA74989AFE1B88BB4CF88D7D06F2	오늘은 누구와 보낼까?	REVIEWED		3542
dialogue	3542		GM-ALL-dialogue-3542--1	E3B0C44298FC1C149AFBF4C8996FB92427AE41E4649B934CA495991B7852B855		EMPTY_CONTROL		-1
option	3542	0	GM-ALL-option-3542-0	7D449D06B30552F1EAF8994385C9144F7E2E0D727A24A9CACC3C9CFC85D6CFA5	모추링	REVIEWED		-1
option	3542	1	GM-ALL-option-3542-1	B2F2D8A0B149401D7F2A051570AAD784395CFD9E03468AE87AB4862B7F6A87BC	바이셴위	REVIEWED		-1
option	3542	2	GM-ALL-option-3542-2	80414C04398824F696384F2481015988AA9D71050FE2BF2DD0E3872ACF99C589	샤오예	REVIEWED		-1
option	3542	3	GM-ALL-option-3542-3	7D023BD446844F67CDE7D6D7FDE8EDBDF6875206195E5F35E3D256D1ADEE2969	한샤오청	REVIEWED		-1
dialogue	3543		GM-ALL-dialogue-3543--1	52D019B09091BC1FB89F4DDAE9467FA74B75036E2354DEDD08AC3C920845171D	아침에 강의실에 도착해서 평소처럼 한샤오청 자리를 잡아 주고, 평소처럼 한샤오청이 내 옆에 앉기를 기다렸다.	REVIEWED		3544
dialogue	3544		GM-ALL-dialogue-3544--1	2172B7EC60CD5C9918FDE691C0F1EC71423796A6A86701514C05C1A2CA2EE3F1	평소처럼…… 아니, 오늘은 그림을 안 그리고 있네.	REVIEWED		3545
dialogue	3545		GM-ALL-dialogue-3545--1	A7F878B8CED1A7957C560D573E30DDBBC1696E38C370513AACBBF4BFF12E7F43	……	REVIEWED	HXC	3546
dialogue	3546		GM-ALL-dialogue-3546--1	CB3A8D82EFF3D37397D718BF95A7C8408CD9132759A1ECC1DF822EF26010F35D	한샤오청은 타블렛을 꺼내 화면을 켰다가 잠깐 멍해지더니, 고개를 숙여 가방을 뒤지기 시작했다.	REVIEWED		3547
dialogue	3547		GM-ALL-dialogue-3547--1	90EE136F9002CA365CD94631FB494AE2B110DE6A701E7C10482B1351BC6A12AA	어……?	REVIEWED	HXC	3548
dialogue	3548		GM-ALL-dialogue-3548--1	8B931CBBC5FF834D619D16792036706CC06F14CF1A2024230235D3263006AF89	왜 그래?	REVIEWED	LM	3549
dialogue	3549		GM-ALL-dialogue-3549--1	5867B9E367BE7BFD5A9D93D806689A2BD06066629918A2DF6F1F8D2D95C6BDE6	펜, 놓고 왔어.	REVIEWED	HXC	3550
dialogue	3550		GM-ALL-dialogue-3550--1	9C35EAD3FA310469E98BF2A188126498C73EAAF41B717C7BE43F3718E272EC2D	전용 펜이 없으면 아마 타블렛에 그림을 그릴 수 없겠지.	REVIEWED		3551
dialogue	3551		GM-ALL-dialogue-3551--1	12E539D8D6D1A6DC98B5A190A647772F8B34C214FC10163EE171AE018CDF6A19	으으…… 어떡하지……	REVIEWED	HXC	3552
dialogue	3552		GM-ALL-dialogue-3552--1	B67A5093F17D557DD21BDF363602785043E1132F2B4843E13A5BAD4D9FD8D48F	지금 기숙사에 다녀오면——	REVIEWED	LM	3553
dialogue	3553		GM-ALL-dialogue-3553--1	F3EF820008000C553B7FD4713BE35811D2CE775296908071B213244F4CC1DCAA	말이 끝나기도 전에 야속하게 수업 시작 종이 울렸다.	REVIEWED		3554
dialogue	3554		GM-ALL-dialogue-3554--1	B2A863D42925127E131BCC23BB8C102E4D2098FF26FDC2F6C734E1553E6884E3	으…… 으으——	REVIEWED	HXC	3555
dialogue	3555		GM-ALL-dialogue-3555--1	F8223EA04721FEA6E7217C95E7A1EC1802F3DE6CB124F4C3D10458494CAEF309	펜을 잃은 원화가는 자기 타블렛을 보며 곤란한 얼굴로 끙끙대기 시작했다.	REVIEWED		3556
dialogue	3556		GM-ALL-dialogue-3556--1	E3B0C44298FC1C149AFBF4C8996FB92427AE41E4649B934CA495991B7852B855		EMPTY_CONTROL		3557
dialogue	3557		GM-ALL-dialogue-3557--1	15072BC3E0004248ACE51B230E31C3D93446AD848B4593497EEF526C16AEC417	——그리고 여기 PPT에 나오는 내용은 전부 중요하니까 여러분 사진 찍어 두세요——	REVIEWED		3558
dialogue	3558		GM-ALL-dialogue-3558--1	C2B02FFD7C7C8A50E85DF00F6FA3AB397AF2125D3E3F85109D27642A56B66C72	으므므——	REVIEWED	HXC	3559
dialogue	3559		GM-ALL-dialogue-3559--1	B5D70CEB77269C7985EA7A30028AE0A4F95A0F90E73B28601652FAC0000F0AAB	펜을 잃은 원화가가 이번에는 손가락으로 필사적으로 타블렛에 그림을 그리기 시작했다!	REVIEWED		3560
dialogue	3560		GM-ALL-dialogue-3560--1	B396F48229EA839D27428E12E708911D8BC429E9F22F807C0697D6CE6AFE52E4	그래도 그림을 그려야 해? 대체 얼마나 좋아하는 거야!?	REVIEWED		3561
dialogue	3561		GM-ALL-dialogue-3561--1	59B34E732DC16A9982527CF7B7589975755F4A36FF0C2648467E3CE853287EB2	하지만 평소 조용히 그릴 때와는 달리 지금의 한샤오청은 확실히 힘들어 보였다. 입술을 깨물고 얼굴을 화면에 거의 붙인 채 이상한 소리를 계속 냈다.	REVIEWED		3562
dialogue	3562		GM-ALL-dialogue-3562--1	57A4E1DF408B325E7498DD0DBD16DFA65E96CD654A4BAB6BBA7B78F0A47F36A6	으……	REVIEWED	HXC	3563
dialogue	3563		GM-ALL-dialogue-3563--1	A7F878B8CED1A7957C560D573E30DDBBC1696E38C370513AACBBF4BFF12E7F43	……	REVIEWED	HXC	3564
dialogue	3564		GM-ALL-dialogue-3564--1	81D171675EBB3D40BD2027DA4884583D985393F7466BBF4C1C42252E92F35ADB	너무 힘들어……	REVIEWED	HXC	3565
dialogue	3565		GM-ALL-dialogue-3565--1	3E95C8854E5571FF4E9FDD24691EF09189C281734672EF6A5B4DA5600AA87954	결국 호기심을 참지 못하고 한샤오청의 타블렛을 슬쩍 바라봤다——	REVIEWED		3566
dialogue	3566		GM-ALL-dialogue-3566--1	F5A7D016331AEF3B5109795E6798C25FA36D32820655DEC0BCE2BC5153D6A1B7	앗! 보면 안 돼.	REVIEWED	HXC	3567
dialogue	3567		GM-ALL-dialogue-3567--1	AA7026ACE580D96BDC5544FE7E1FF54ECDFF4844986B9B6DCB8E962235E758FB	샤오청은 바로 타블렛을 품에 가렸다.	REVIEWED		3568
dialogue	3568		GM-ALL-dialogue-3568--1	F6B69EC2DB690771C24C59E5E1FF69937BC83AF71C3286E4F7255B147C36FDF2	너무 못 그렸어…… 그러니까 리밍한테 보여 주면 안 돼.	REVIEWED	HXC	3569
dialogue	3569		GM-ALL-dialogue-3569--1	850ABC22AC346AA4DBE0F6C5193D2DC7804926146EE3F67F27D45A3CF649DE93	알았어, 알았어. 걱정 말고 그려. 안 볼게.	REVIEWED	LM	3570
dialogue	3570		GM-ALL-dialogue-3570--1	EA9FFFB14E8B73C951B467EFE66BF08B7F65C6802D1AAA17EFEBC8FB79E8C807	그렇게 말해 놓고 더 궁금해졌잖아!? 한샤오청 같은 고수가 말하는 ‘못 그린 그림’은 대체 어떤 수준인 거야!	REVIEWED		3571
dialogue	3571		GM-ALL-dialogue-3571--1	432BF9C31514B534F3E7480D4D6F887B1A77B1A851C8018E24FF4E4E437130DD	안 그릴래…… 손가락으로 그리는 거, 너무 힘들어.	REVIEWED	HXC	3572
dialogue	3572		GM-ALL-dialogue-3572--1	2F36594F9A5FEA5007FA13E7ABB4C1B374C101887DF5FAB1F1FCF095EA508356	화면을 끄고 넋이 나간 얼굴로 의자 등받이에 기대었다. 얼굴만큼은 강단을 향하고 있어서 겉으로는 수업을 열심히 듣는 것처럼 보였다.	REVIEWED		3573
dialogue	3573		GM-ALL-dialogue-3573--1	7145FE6698CA5AA8AE8FCA74FF23D24EDDE00A9A3365D81A436DEE7D8EE5CE9C	그러고 보니 한샤오청은 수업을 제대로 들은 적이 있나……? 수업은 한 번도 안 듣고 매일 저렇게 그림만 그리는데 1학년 때 어떻게 F 하나 없이 넘어간 거야?	REVIEWED		3574
dialogue	3574		GM-ALL-dialogue-3574--1	A7F878B8CED1A7957C560D573E30DDBBC1696E38C370513AACBBF4BFF12E7F43	……	REVIEWED	HXC	3575
dialogue	3575		GM-ALL-dialogue-3575--1	0C6CBEC862CF03A2C203B3A3224C6A292729EE6D9D11209307D40B8D01D1FF44	1교시가 끝날 때까지 한샤오청은 거의 같은 자세로 꿈쩍도 하지 않았다. 영혼은 대체 어디까지 날아간 걸까.	REVIEWED		3576
dialogue	3576		GM-ALL-dialogue-3576--1	A7F878B8CED1A7957C560D573E30DDBBC1696E38C370513AACBBF4BFF12E7F43	……	REVIEWED	HXC	3577
dialogue	3577		GM-ALL-dialogue-3577--1	E3B0C44298FC1C149AFBF4C8996FB92427AE41E4649B934CA495991B7852B855		EMPTY_CONTROL		3578
dialogue	3578		GM-ALL-dialogue-3578--1	6219962C518BEDDEDF357C9F3D44CDD0872C197C4401B6AE5FD828351B0BB755	2교시도 똑같았다.	REVIEWED		3579
dialogue	3579		GM-ALL-dialogue-3579--1	A3F7CE3913D0455F6B66BE6C131490366308CB84CDEC6F48811D0E46C6E525A5	이 무슨 집중력……	REVIEWED		3580
dialogue	3580		GM-ALL-dialogue-3580--1	E3B0C44298FC1C149AFBF4C8996FB92427AE41E4649B934CA495991B7852B855		EMPTY_CONTROL		3581
dialogue	3581		GM-ALL-dialogue-3581--1	A7F878B8CED1A7957C560D573E30DDBBC1696E38C370513AACBBF4BFF12E7F43	……	REVIEWED	HXC	3582
dialogue	3582		GM-ALL-dialogue-3582--1	AA04A6B7C6F74990C35FDBE3A79F8F0C75A91013E73AF8AC55928470958E2488	그리고 2교시가 끝날 무렵 마침내 참지 못했다.	REVIEWED		3583
dialogue	3583		GM-ALL-dialogue-3583--1	E918464261C94F608FC81A070C3933B953004C523FABA6A87C38B4B565D131F0	으…… 흐으……	REVIEWED	HXC	3584
dialogue	3584		GM-ALL-dialogue-3584--1	C091ACC6AB25A89868C2D253E756CF11131CB4BCECF9A14A65FFBF1F13276C09	너무 심심해…… 그림 그리고 싶어…… 흐으……	REVIEWED	HXC	3585
dialogue	3585		GM-ALL-dialogue-3585--1	17BCCFB05694CBA92F2EC183C899CB3513621C7FFB1605C20D22207E9747876B	떼를 쓰듯 작게 혼잣말하더니, 결국 작은 머리를 책상 위에 얹고 몹시 불만스럽게 볼을 빵빵하게 부풀렸다.	REVIEWED		3586
dialogue	3586		GM-ALL-dialogue-3586--1	302620C1D226BB674F1B404E8EB76C1C09B1FE70641E56AE2C31EA2B9FEEF3ED	SD 캐릭터의 빵빵한 볼이랑 똑같다.	REVIEWED		3587
dialogue	3587		GM-ALL-dialogue-3587--1	812CF8A1B70EE7C8792A859DD77EB86A7124E4E2B71E68E4220FE2B3B80989F0	왜, 수업은 이렇게 재미없을까.	REVIEWED	HXC	3588
dialogue	3588		GM-ALL-dialogue-3588--1	AEAD765371FC5C9F246656763B764C1C0A9FE4D0AE6615D0DCA1687A870EB052	……그렇게 그리고 싶으면 나한테 종이랑 펜 있어.	REVIEWED	LM	3589
dialogue	3589		GM-ALL-dialogue-3589--1	C8A01D855572302600C462CC54E358BD3435F351D5B6548D1E30DEF2EA4B5B16	으…… 이거라도 해야겠네……	REVIEWED	HXC	3590
dialogue	3590		GM-ALL-dialogue-3590--1	54095589FB8F77ABF273CA24C7356ABCF7A2878C4009474CD4C598C8F9F95A01	샤오청은 내 노트를 못마땅한 듯 받아 들고 수성펜으로 그림을 그리기 시작했다.	REVIEWED		3591
dialogue	3591		GM-ALL-dialogue-3591--1	C2B02FFD7C7C8A50E85DF00F6FA3AB397AF2125D3E3F85109D27642A56B66C72	으므므——	REVIEWED	HXC	3592
dialogue	3592		GM-ALL-dialogue-3592--1	23C77AE11B382A58B7DD122BFD8C62421F5B91CA57D2B03A2544490330E909E3	어?	REVIEWED	HXC	3593
dialogue	3593		GM-ALL-dialogue-3593--1	8B931CBBC5FF834D619D16792036706CC06F14CF1A2024230235D3263006AF89	왜 그래?	REVIEWED	LM	3594
dialogue	3594		GM-ALL-dialogue-3594--1	FDF46C2D289329C2686DF0FB46C127DD569843179655DBD1023918A20398671B	왜 실행 취소 버튼이 없어?	REVIEWED	HXC	3595
dialogue	3595		GM-ALL-dialogue-3595--1	4E5FA6ED4E0B46195D9D60F38C260A86AF0D94FD76338778B9C08552DAE58F51	차라리 나한테 종이에 GIF는 왜 인쇄가 안 되냐고 물어봐.	REVIEWED	LM	3596
dialogue	3596		GM-ALL-dialogue-3596--1	1DFB96D163733959E5250B066FAB803D16C85E8BE2CA2413ACA9F44E91BE5C0D	으으……	REVIEWED	HXC	3597
dialogue	3597		GM-ALL-dialogue-3597--1	2FFA0FDAF64685BA62ADCAC8DFAFF6116329D3EB69BA4F8A9F784BCBBF564771	샤오청은 단번에 기운이 빠져 한쪽 뺨을 그대로 책상에 붙였다. 그래도 손은 멈추지 않았다.	REVIEWED		3598
dialogue	3598		GM-ALL-dialogue-3598--1	23C77AE11B382A58B7DD122BFD8C62421F5B91CA57D2B03A2544490330E909E3	어?	REVIEWED	HXC	3599
dialogue	3599		GM-ALL-dialogue-3599--1	D87996ED5958391C2A6D11E2A274BCC0A63380A318AF11909BFAD48C005191F4	이번엔 또 왜.	REVIEWED	LM	3600
dialogue	3600		GM-ALL-dialogue-3600--1	A73505E274B260B59EC30C2AA6D1D465925B0B968CE12657DFC066F15DBF7BF8	왜 확대가 안 돼.	REVIEWED	HXC	3601
dialogue	3601		GM-ALL-dialogue-3601--1	52BBC03175EC841F800C763A7E17A2FFC8237C750A0AEA54B9D950A7CE8F2ED1	미안하지만 이건 문구점에서 10위안 주고 산 물건이라 그런 고급 기능은 없어.	REVIEWED	LM	3602
dialogue	3602		GM-ALL-dialogue-3602--1	9ECF47008873A1C1D6539D371B29FD6A95FA22D6398465F77EA4E7CAF771F23C	으으~ 역시…… 나한테 안 맞아.	REVIEWED	HXC	3603
dialogue	3603		GM-ALL-dialogue-3603--1	F548B2E85D73BB8B482F74CFD3DB483F0B3B5C71BB9B9A280432BB4D1FBCBED1	샤오청은 울상을 지으며 노트를 돌려줬다.	REVIEWED		3604
dialogue	3604		GM-ALL-dialogue-3604--1	B0F70F9C8CDCF86ECEF7A801266F18830E69176E6BB7F5C97AD4D8590502B33E	이대로 계속 가면 오전 수업을 버티기도 전에 한샤오청이 영문도 모르고 쓰러지는 거 아닌가.	REVIEWED		3605
dialogue	3605		GM-ALL-dialogue-3605--1	8F7925A3A3026709253165493CF8998FB7C07223FF5B20889B0F040DC9CC14AC	이렇게 풀이 죽은 한샤오청을 옆에서 보고 있으니 나도 수업에 집중하기 어려웠다.	REVIEWED		3606
dialogue	3606		GM-ALL-dialogue-3606--1	B2AACF1D41FFF60A08FE2C09ECFF70E73BDFED72D409C371FBC2D095F69F01BF	남은 두 교시를 버티게 해 줄 방법 없을까……	REVIEWED		3607
dialogue	3607		GM-ALL-dialogue-3607--1	61ECB52176FC356D3FD3E75EE52C2C4725C4A1778DCB37CF229A5D8ACF626D0D	아, 이거라면 될지도?	REVIEWED		3608
dialogue	3608		GM-ALL-dialogue-3608--1	DC4DFAE064AAA5769DD03CD7258AE008EF0F70B0B9D627C468E2179A27C882B0	샤오청, 요즘 누구 그림을 제일 좋아해?	REVIEWED	LM	3609
dialogue	3609		GM-ALL-dialogue-3609--1	2569156E4D2FEEDA7390C4A4EA28CB98FBCC8AEEDB21F759B0EBD0AC6EDBFEF6	요즘? 요즘은……	REVIEWED	HXC	3610
dialogue	3610		GM-ALL-dialogue-3610--1	2CE91B8060203DB7DE132716C32558ED6642D8AC1148D65B7F4EED190F49AD18	샤오청은 여전히 책상에 엎드린 채 눈을 감고 잠시 생각했다.	REVIEWED		3611
dialogue	3611		GM-ALL-dialogue-3611--1	09C5677B7E46DB802878DE11CFE002C51403052EEA1CBD08D24A7B0B0CB61537	빵 선생님……? 얼굴이 동글동글해서, 귀여워……	REVIEWED	HXC	3612
dialogue	3612		GM-ALL-dialogue-3612--1	267D88D46A2F8ABE24A57714FD80E6B79570D1B64AD8ABE5EB72B8D9125ECFDB	아, 그 원화가 기억나. 아쉽게도 참여한 미연시는 별로 없지.	REVIEWED	LM	3613
dialogue	3613		GM-ALL-dialogue-3613--1	99692497671D9D5D34101A0540FDD98A50BD4B9B8741E04E682A58294FBF43C1	리밍은, 내가 말하는 원화가 항상 알아.	REVIEWED	HXC	3614
dialogue	3614		GM-ALL-dialogue-3614--1	967778821BEA6B2D57257EB261F5CA8B3DC00A48D11B0E97768CB9E18F679D7B	매일 할 일 없어서 컴퓨터만 보는 사람의 힘을 얕보지 마.	REVIEWED	LM	3615
dialogue	3615		GM-ALL-dialogue-3615--1	FDEAC651D02DD1803260E55863D735AF295C1A670A3F7E5A117058895E46600C	내가 왜 이걸 이렇게 자랑스럽게 말하는 거야!	REVIEWED		3616
dialogue	3616		GM-ALL-dialogue-3616--1	1CDCB0A76E333D44FDBDB633A743ADB4854FCD41BA3349CD3833D247BF29F5DC	다시 노트를 펼치고 휴대폰으로 빵 선생님의 그림을 찾아 왼쪽에 놓았다.	REVIEWED		3617
dialogue	3617		GM-ALL-dialogue-3617--1	1B8981A6EAE5E4FA3F44C6D53283EACE859B6E6B87AFA2217915E961AC9C66B7	오른손에 수성펜을 쥐고 첫 선을 어디서부터 그을지 망설였다.	REVIEWED		3618
dialogue	3618		GM-ALL-dialogue-3618--1	0CD10DD0ACB5EDB946FC5041A8BB671A798C023F4C3808B34B2D820A1F59C6FC	리밍……?	REVIEWED	HXC	3619
dialogue	3619		GM-ALL-dialogue-3619--1	5C1B05C2FDA4AD491C10F9AC7AE5DD26400D92F104888007ED4503FD4B11EC36	한샤오청이 몸을 살짝 일으켰다.	REVIEWED		3620
dialogue	3620		GM-ALL-dialogue-3620--1	589932B63CAA9F2437A44CA43133D6832C9DF72F5900F3DDCA3EF424F24AA16A	자, 잠깐. 웃으면 안 된다.	REVIEWED	LM	3621
dialogue	3621		GM-ALL-dialogue-3621--1	494785CC32BAAB002EB47BC0EBDF8D17F076450F8385938EB1EFA34E4003630C	후우…… 별거 아니야. 한샤오청은 남 비웃는 성격도 아니잖아! 못 그리면 좀 어때. 며칠 동안 샤오청이 그림 그리는 걸 계속 봤더니 나도 가끔은 펜을 잡아 보고 싶어졌다고!	REVIEWED		3622
dialogue	3622		GM-ALL-dialogue-3622--1	93424138FB95EBB67AEE844678A9EE620FD08EB75DBF452FD635A2E956C70E1A	휴대폰 속 빵 선생님의 미소녀 그림을 보며 한 획 한 획 따라 그리기 시작했다——	REVIEWED		3623
dialogue	3623		GM-ALL-dialogue-3623--1	7F99569BA990D61C7852CF3AB300126ADEA15F980A84C1C05CF81BE2D5D4F85B	……아……	REVIEWED	HXC	3624
dialogue	3624		GM-ALL-dialogue-3624--1	396AE2826F7B1ABCB50CC870B74A7417D0706B8B3864BBBDC751CBEB229A618A	그으윽……	REVIEWED	LM	3625
dialogue	3625		GM-ALL-dialogue-3625--1	7CC5FFCA0E449D37D12CD906F7C1215B561CE997F1666260EF9F9EB5CFE1850D	나도 아까 한샤오청이 손가락으로 그릴 때 내던 것과 비슷한 이상한 신음을 냈다.	REVIEWED		3626
dialogue	3626		GM-ALL-dialogue-3626--1	575209F84D5ADCE25E024BF6B17FC2D09EB8292E9D349E9C5FE9F19BACE7514F	이 얼굴…… 나 진짜 열심히 그렸는데.	REVIEWED		3627
dialogue	3627		GM-ALL-dialogue-3627--1	B4E66333F1008A795447C5BA30989DD8DF612B0C053B4777B46A9EFCDE5A23DC	왜 방패처럼 생겼어!? 다 삼각형 조합 아니야? 왜 난 안 되는 건데!	REVIEWED		3628
dialogue	3628		GM-ALL-dialogue-3628--1	F2D72742670CADF8990C780AF67B0FE431AE516CB59F7345865A5D0FD3388EC9	눈이랑 머리카락까지 넣으면 좀 나아질지도 몰라……	REVIEWED		3629
dialogue	3629		GM-ALL-dialogue-3629--1	4300B40B69DA2CBF2595728D3D571AEB89982153F80081F4ACD0209E8324323B	한샤오청이 내 그림을 빤히 보고 있다는 걸 의식하는 순간 얼굴이 멋대로 달아올랐다.	REVIEWED		3630
dialogue	3630		GM-ALL-dialogue-3630--1	B2EFBFE2C45F9D008DE8E4A40279D4A057CFEEA97ADF6AA8E5FFA31DD39254FC	고수 앞에서 어설프게 재주 부리는 건 너무 부끄럽잖아……	REVIEWED		3631
dialogue	3631		GM-ALL-dialogue-3631--1	A7F878B8CED1A7957C560D573E30DDBBC1696E38C370513AACBBF4BFF12E7F43	……	REVIEWED	HXC	3632
dialogue	3632		GM-ALL-dialogue-3632--1	B456425071411BA427F083542F5AFC8133D3EB89B5A58185AB2B15CB777C7440	좋아, 이왕 시작한 거 온 힘을 다해 그리자!	REVIEWED		3633
dialogue	3633		GM-ALL-dialogue-3633--1	E73B1192ED022BCD190AD55FD52912D13FFAEA8FD496FC52EAB0931F0AC8C967	어느새 반 교시가 지나갔고 한샤오청은 계속 내가 그리는 모습을 지켜보고 있었다.	REVIEWED		3634
dialogue	3634		GM-ALL-dialogue-3634--1	BB25C606A524652B94218B5E051D5955F4DC1FB3FDC9A8DD2B58A69144DC44CD	아니 아니, 왜 그릴수록 더 이상해지는데.	REVIEWED		3635
dialogue	3635		GM-ALL-dialogue-3635--1	881CE56C9E49B40300573BB717FF9248797B82D6164FF924B3349B1A8503AC0C	원시 부족이 쓸 것 같은, 눈이 그려진 방패가 되어 버렸잖아!!	REVIEWED		3636
dialogue	3636		GM-ALL-dialogue-3636--1	D0407E775D807DF03BAF2FB2783D409101BE92667ACB33E3AEB0DAD005DE2863	거기다 위에는 나뭇잎 장식까지 달렸어!	REVIEWED		3637
dialogue	3637		GM-ALL-dialogue-3637--1	A9E3DA8C7BB2F58EBE907BA7DF6E8C908CCCB9FED50ACC69675717BA2AF3EE43	난 역시 그림 재능이 없어…… 우, 울고 싶다.	REVIEWED		3638
dialogue	3638		GM-ALL-dialogue-3638--1	A7F878B8CED1A7957C560D573E30DDBBC1696E38C370513AACBBF4BFF12E7F43	……	REVIEWED		3639
dialogue	3639		GM-ALL-dialogue-3639--1	A45E970F005AB72C8FA6D145D9615DDBF4355185F211F616D904752BFA41FC48	다, 다 그렸다.	REVIEWED		3640
dialogue	3640		GM-ALL-dialogue-3640--1	133D025B812F38CB2405FD04A15EA91547ED46287ACAD97806938D53E460071D	머리에 사람 얼굴 방패를 뒤집어쓴 고양이 수인이 완성됐다!!	REVIEWED		3641
dialogue	3641		GM-ALL-dialogue-3641--1	81748B77C3AA898D62D2675D7FE61B164149C96CE016B1607B1C7D23E3F4C34F	한샤오청 선생님, 부디…… 봐 주세요. 이 그림, 어떻습니까……	REVIEWED	LM	3642
dialogue	3642		GM-ALL-dialogue-3642--1	90C0EA488F02FD0E66E9D0ECC606F87B9C9EE375DB2147ABCE8327DEF5E99C5E	나는 고개를 숙이고 방금 탄생한 대작을 공손히 내밀었다.	REVIEWED		3643
dialogue	3643		GM-ALL-dialogue-3643--1	32C098A03036FB5B88754A2C68BD2E081832111B05CD68F2A22FCAED8E3AB3F2	분명 웃음을 참고 있겠지! 무표정이어도 속으로는 분명 웃음 참는 중이지!	REVIEWED		3644
dialogue	3644		GM-ALL-dialogue-3644--1	D4B0063D2C3E1F1FA9A3EA6066075AF76F367863E8685D37BB32767607739791	나도 내가 그린 걸 보자마자 웃음 참고 있다고!	REVIEWED		3645
dialogue	3645		GM-ALL-dialogue-3645--1	C610115E4919BF19EA3C2943E6A9F50DD4B1259CA0CF8CD38F4B781C20B76ABF	리밍, 대단해.	REVIEWED	HXC	3646
dialogue	3646		GM-ALL-dialogue-3646--1	23C77AE11B382A58B7DD122BFD8C62421F5B91CA57D2B03A2544490330E909E3	어?	REVIEWED	LM	3647
dialogue	3647		GM-ALL-dialogue-3647--1	23680A848F7ED3F54F339371AF58E5B4AA7577199107A676F862BFE7786E4AA2	잘못 들었나? 아니면 잘못 말한 건가?	REVIEWED		3648
dialogue	3648		GM-ALL-dialogue-3648--1	4FFAE9AD9EA8A1C2644CF0B545F3F4E612864B9D8C82CCCB8ABD97D007C42618	그거, 빵 선생님이 그린 그 고양이 소녀…… 엄청, 비슷해.	REVIEWED	HXC	3649
dialogue	3649		GM-ALL-dialogue-3649--1	A648B35C89D3106B0E494A42B6FCC9C1F5D398E2E563DF2D58EC2BAFF339E057	어디가 비슷한데!?	REVIEWED	LM	3650
dialogue	3650		GM-ALL-dialogue-3650--1	DC780C354620C37A934F52E96D7C478C85B631584982EAE754089A5309BB81FA	동작이 똑같고, 표정도 똑같아. 다 똑같이 그렸어.	REVIEWED	HXC	3651
dialogue	3651		GM-ALL-dialogue-3651--1	48B133F6F8CE9CA663D66EE3BC3B7533890CC8BFB3B55272D7C45A9F7F07BD28	그, 그래?	REVIEWED	LM	3652
dialogue	3652		GM-ALL-dialogue-3652--1	034ADCCA452DAC1DBB3F6C884AC859EF8D1DF8CCD77DE05272C7A85D3C6E7B24	그리고 목 부분, 어깨도 그렸어.	REVIEWED	HXC	3653
dialogue	3653		GM-ALL-dialogue-3653--1	9ACD9090F91E843A04D9560FB773395D2E16F4F0C87E17776A6A49DBBC4A0D00	나는 처음 그렸을 때, 어깨가 있는지도 몰랐어.	REVIEWED	HXC	3654
dialogue	3654		GM-ALL-dialogue-3654--1	42A1EB9530CE55B360F2EAA1FCDB088E82A770332A8C55E885C7E43E3DEC0571	그만해. 나 애기처럼 우쭈쭈당하고 있어.	REVIEWED	LM	3655
dialogue	3655		GM-ALL-dialogue-3655--1	02017DF733C02A046E9E18253897F747835B66507C6CB33FC29A3A06036EC063	리밍, 엄청 꼼꼼해. 정말 대단해.	REVIEWED	HXC	3656
dialogue	3656		GM-ALL-dialogue-3656--1	0FD66AD4495652542E36D663C83727D265703EC9AB9880443C3BEB9E838F4DF2	한샤오청 선생님!!	REVIEWED	LM	3657
dialogue	3657		GM-ALL-dialogue-3657--1	13D47FCE4753665C4FB09B8B77B40D203E8B717634C701EA47660CDC63432F0C	내가 그린 그림을 돌려받자 갑자기 묘한 애착이 생겼다.	REVIEWED		3658
dialogue	3658		GM-ALL-dialogue-3658--1	A33B2EDFB5E25BDE318F0EA39FD4CBAF84AD07B4F69B0C6B9C2066A7EA877E1B	그냥 집에 가서 액자에 넣어 둘까! 현관문 뒤에 걸어 두고, 매일 집에 들어올 때마다 보게!	REVIEWED		3659
dialogue	3659		GM-ALL-dialogue-3659--1	1937B7B6855D7BA4810FA12E363A97B9C95D850FAC952490DEB02BFC94A7FC81	한샤오청은 내가 가져간 노트를 아쉬운 듯 바라봤다.	REVIEWED		3660
dialogue	3660		GM-ALL-dialogue-3660--1	10C52B1D9B7ECACEB062DF77B46A3A629C3A180C58F6E70C3CE35750EB2B73C9	오전 수업도 이제 한 교시만 남았다. 그렇다면 다음은——	REVIEWED		3661
dialogue	3661		GM-ALL-dialogue-3661--1	B0286BAB62F1E6D76B9FB9191CC9FD6B5B301CA475FB07059156FE19D61B55E1	샤오청…… 아니, 샤오청 선생님.	REVIEWED	LM	3662
dialogue	3662		GM-ALL-dialogue-3662--1	5C5F71F1B545F5A1FC19B19BF0F9736956F9A8597869DB2B7FE66A36F2BC7361	이 그림을 어떻게 하면 더 잘 그릴 수 있는지 가르쳐 주세요.	REVIEWED	LM	3663
dialogue	3663		GM-ALL-dialogue-3663--1	FBE9B8A6562528C71DAC2F35E4BB3503757FD80FD15A323C0F3842922F08E2DA	아……	REVIEWED	HXC	3664
dialogue	3664		GM-ALL-dialogue-3664--1	3A9ACD46804B583017DE86021DABC08560E74C3C97CB670DC0D2A1829D6C789E	그래도 돼?	REVIEWED	HXC	3665
dialogue	3665		GM-ALL-dialogue-3665--1	4F3483E1C50249A558F50D9937CD4890421FF2DD3943F1D85B0ED9C3638C9EC5	샤오청은 완전히 생기를 되찾은 듯 신이 나서 가까이 다가와 물었다.	REVIEWED		3666
dialogue	3666		GM-ALL-dialogue-3666--1	48BA60BF699C1D49C2D04E71B914DD36B6D4AAD49514BB71949FABD2DBA196E9	반대잖아. 허락을 구해야 하는 건 나라고……	REVIEWED		3667
dialogue	3667		GM-ALL-dialogue-3667--1	3717128215644AA7889AD899D4A6DC4E43698F870E0706A37E2F6E5B380847D7	가르쳐 주세요, 한샤오청 선생님!	REVIEWED	LM	3668
dialogue	3668		GM-ALL-dialogue-3668--1	5EBF52E6A2C3DCE0D08F795F6C25AD7C645D8C571F30097F262DD19A813EAC35	……응!	REVIEWED	HXC	3669
dialogue	3669		GM-ALL-dialogue-3669--1	E3B0C44298FC1C149AFBF4C8996FB92427AE41E4649B934CA495991B7852B855		EMPTY_CONTROL		3670
dialogue	3670		GM-ALL-dialogue-3670--1	E004D9BA765CC80ADA4B063FA03D44612FEAC552C11700A8AF050B1462F07A9C	연필로 먼저 밑그림을 그리면, 더 쉬워.	REVIEWED	HXC	3671
dialogue	3671		GM-ALL-dialogue-3671--1	711EC7B30A2F1AA68FA69358404522AB0526B046CFB20091D77CE71409FF43AA	연필도 가져왔어.	REVIEWED	LM	3672
dialogue	3672		GM-ALL-dialogue-3672--1	E3B0C44298FC1C149AFBF4C8996FB92427AE41E4649B934CA495991B7852B855		EMPTY_CONTROL		3673
dialogue	3673		GM-ALL-dialogue-3673--1	745BC0C2A8EAE78EF0E7B731EF2DB739FA39A1A8331D4F746349FD115AB0A483	그리고, 큰 형태부터 먼저 그리고 나서 안에 더해 가면 돼……	REVIEWED	HXC	3674
dialogue	3674		GM-ALL-dialogue-3674--1	DF571D7526C6A05E1D5CE9AC90B50B0E503A5738550039A7C57A287B1F7A8FC2	오오오. 조금씩 모양이 나오네…… 나도 해 볼게.	REVIEWED	LM	3675
dialogue	3675		GM-ALL-dialogue-3675--1	E3B0C44298FC1C149AFBF4C8996FB92427AE41E4649B934CA495991B7852B855		EMPTY_CONTROL		3677
dialogue	3677		GM-ALL-dialogue-3677--1	54A76D26FD4557F5C4C3BF9D27DDEA330D8662BBBDF91F079223AE3E814452DE	아까보다 훨씬 나아.	REVIEWED	HXC	3678
dialogue	3678		GM-ALL-dialogue-3678--1	CFD9FD38BF5A83CAB2380CCE8865AD31F93A6973D0D9B26C4C1ED8F363793235	지, 진짜네……!	REVIEWED	LM	3679
dialogue	3679		GM-ALL-dialogue-3679--1	9649354A9379FBDFD1513C10CB621B076A8136D7C865048B2ED3355CDAB1A90E	그렇게 한샤오청과 함께 오전 마지막 수업을 보냈다.	REVIEWED		3680
dialogue	3680		GM-ALL-dialogue-3680--1	5DF87CBAC8A6DB518A373B485C4AB3607DD7D5B6B0487BA4E07F435B59DCD8FD	그래도 수업 중이니 대부분은 휴대폰으로 글자를 입력해 대화를 나눴다.	REVIEWED		3681
dialogue	3681		GM-ALL-dialogue-3681--1	2DBBEC612822BA8BAB9FBD3FCA01B5F8BAA9FAE3C0D4B6E13BEEE6EE36F14F1F	처음 넋이 빠져 있던 모습과 비교하면 안색도 훨씬 좋아졌다.	REVIEWED		3682
dialogue	3682		GM-ALL-dialogue-3682--1	D81FFD095CEC143035F770D8A49094B4597B3951574D9A53BF8ED4C105847205	역시 이런 한샤오청이 더 좋다.	REVIEWED		3683
dialogue	3683		GM-ALL-dialogue-3683--1	BCA511EC3EFF70A6D12C509C3EB1818BBC81BE6695801E92A4002D9D55453896	두 번째 그림, 완성……	REVIEWED	LM	3684
dialogue	3684		GM-ALL-dialogue-3684--1	46AF029E41124A3301C475C274831AD09F5864413F2F362D9E28B0693A4A9EF3	결정했어. 집에 가면 꼭 벽에 걸 거야.	REVIEWED	LM	3685
dialogue	3685		GM-ALL-dialogue-3685--1	B5102C3E8BB3F097524FF42FADDA6866909485F955C998359CE5BE7CD6CCD467	이 50분 동안 나와 한샤오청이 함께 노력한 결과물을 낭비할 수는 없지……!	REVIEWED		3686
dialogue	3686		GM-ALL-dialogue-3686--1	4832AA0C1CFFD671BFCE5CD14D959CECBA64B2561B5CAAF41E03CAAB779F012F	리밍, 어쩌면 재능 있을지도 몰라.	REVIEWED	HXC	3687
dialogue	3687		GM-ALL-dialogue-3687--1	CDE0B5EFE369F91FD664B1849D0C7DE363F5BDFDB3C56D423157212DCDC72078	더 칭찬하지 마. 진짜 입이 귀에 걸릴 것 같으니까!?	REVIEWED	LM	3688
dialogue	3688		GM-ALL-dialogue-3688--1	AFC94646AA26B187B9EDF984ACCF423C2F56E19E3572CE7AF5ACF16ADA7A8578	진짜인데……	REVIEWED	HXC	3689
dialogue	3689		GM-ALL-dialogue-3689--1	E3B0C44298FC1C149AFBF4C8996FB92427AE41E4649B934CA495991B7852B855		EMPTY_CONTROL		3690
dialogue	3690		GM-ALL-dialogue-3690--1	ADC3F7EC723AA3E70E18A072B2A1DD915DCE5FB1E374BA6AFD5046C2A43EC335	그 뒤 책을 정리하고 한샤오청과 헤어질 준비를 했다.	REVIEWED		3691
dialogue	3691		GM-ALL-dialogue-3691--1	100C6B883F74B30BE56D6285B0086AE53BBAA5DE152E97B2B3C6A22D9296666B	그림에 빠져 있으니 오늘 오전 후반부가 정말 순식간에 지나갔다. 설마…… 나도 하고 싶은 일을 찾은 걸까? 예를 들면 그림이라든가……	REVIEWED		3692
dialogue	3692		GM-ALL-dialogue-3692--1	91488BA2B82B011A5A0F40A60C82E39FD54EF2359C04CE1C2D548AD28241A4F2	아직 이렇게 빨리 결론 내리진 말자. 물론 2차원 미소녀 같은 걸 그리는 데 조금 관심은 있지만……	REVIEWED		3693
dialogue	3693		GM-ALL-dialogue-3693--1	5B85C3466934388B2B202CD917BB3020CFEA557D2543D0E17EB6C12BCDF171C2	리밍.	REVIEWED	HXC	3694
dialogue	3694		GM-ALL-dialogue-3694--1	8AF85CE981D9EC89AD4D75B1BD062EBE03E9F22DC5EDB7CD9B8099F05574C6C4	응?	REVIEWED	LM	3695
dialogue	3695		GM-ALL-dialogue-3695--1	4377900E116D7CE937911003B71733ABF1E4822929F2654146F0EC85B443AEE6	나, 정말 즐거웠어.	REVIEWED	HXC	3696
dialogue	3696		GM-ALL-dialogue-3696--1	A7F878B8CED1A7957C560D573E30DDBBC1696E38C370513AACBBF4BFF12E7F43	……	REVIEWED	HXC	3697
dialogue	3697		GM-ALL-dialogue-3697--1	E25FBFB5ADF006063D769535CCA5C4BF887EAD87E21D1FB7929B3B1028061378	윽!	REVIEWED	LM	3698
dialogue	3698		GM-ALL-dialogue-3698--1	925A3C9D038C946542E64FD2556DE5F280B787442EC0C802D43FA58D6B92F273	그 미소가…… 순간 내 심장을 세게 뛰게 했다.	REVIEWED		3699
dialogue	3699		GM-ALL-dialogue-3699--1	D6A4E79B56C212BB6E83B3632ED432FC67C2AFF81A7FC3D2F1C77CF669CEA254	?	REVIEWED	HXC	3700
dialogue	3700		GM-ALL-dialogue-3700--1	29ABE68B37739B7DDAB90D7C7823CAF780FBD9350452804B3EC7105A00D8A303	샤오청은 다시 평소 모습으로 돌아왔다.	REVIEWED		3701
dialogue	3701		GM-ALL-dialogue-3701--1	4C63A8AC7AC92319E5608512837964F985066C438BCA5F659CA673A96290821B	하지만 방금 그 미소는 아마 꽤 오랫동안 잊지 못할 것 같다.	REVIEWED		3702
dialogue	3702		GM-ALL-dialogue-3702--1	E3B0C44298FC1C149AFBF4C8996FB92427AE41E4649B934CA495991B7852B855		EMPTY_CONTROL		3704
dialogue	3704		GM-ALL-dialogue-3704--1	A2EE667F7E0933A43398AAE7E965C279ADC21C603AEDAC86575B192CC625478D	역시 사귀는 거 맞지!? 분명 사귀는 거지!?	REVIEWED	L	3705
dialogue	3705		GM-ALL-dialogue-3705--1	13AD2604D003988C40F29DB1B10D1D5E926FD7F458D10B86D3B943CE09E6771F	으아아아——다음엔 저 둘 근처에 앉지 말아야겠다. 가슴 아파……!	REVIEWED	L	3706
dialogue	3706		GM-ALL-dialogue-3706--1	895361FFBF88D5A8C40D47F8DD3D03DF2042CA9360D08738BCBB4FAA39495404	……	REVIEWED		3985
dialogue	3707		GM-ALL-dialogue-3707--1	E3B0C44298FC1C149AFBF4C8996FB92427AE41E4649B934CA495991B7852B855		EMPTY_CONTROL		3708
dialogue	3708		GM-ALL-dialogue-3708--1	E3B0C44298FC1C149AFBF4C8996FB92427AE41E4649B934CA495991B7852B855		EMPTY_CONTROL		3709
dialogue	3709		GM-ALL-dialogue-3709--1	A7F878B8CED1A7957C560D573E30DDBBC1696E38C370513AACBBF4BFF12E7F43	……	REVIEWED		3710
dialogue	3710		GM-ALL-dialogue-3710--1	52A8607C20EDD75C2EE7845B410D86AC8FE49E380F22D8EE038550AD6A66A98B	아니, 샤오예는 없잖아? 아직 수업 중이라고.	REVIEWED		3711
dialogue	3711		GM-ALL-dialogue-3711--1	8C86057B1A743832C3CA025D6063CEB6B9D05DABFB0F4A657229D8D2145C5B34	보통은 모추링, 한샤오청, 아니면 바이셴위 중에 고르는 거 아니야?	REVIEWED		3712
dialogue	3712		GM-ALL-dialogue-3712--1	26ED42985361286758774E084C8622CFFE3F30F913F9A7E6AC99959953FDFE8D	왜 샤오예를 고르는 거야?	REVIEWED		3713
dialogue	3713		GM-ALL-dialogue-3713--1	7F34A3D2DB5998103DC928E38457FEDD3A814659DF2B100E38947918BFC3F2EE	다시, 다시. 다음엔 샤오예 고르지 마.	REVIEWED		3714
dialogue	3714		GM-ALL-dialogue-3714--1	E3B0C44298FC1C149AFBF4C8996FB92427AE41E4649B934CA495991B7852B855		EMPTY_CONTROL		-1
option	3714	0	GM-ALL-option-3714-0	80414C04398824F696384F2481015988AA9D71050FE2BF2DD0E3872ACF99C589	샤오예	REVIEWED		-1
dialogue	3715		GM-ALL-dialogue-3715--1	FEA14373030F77FE59B8E828B607A745B9576347D4420757E783504FBAF52AB2	……?	REVIEWED		3716
dialogue	3716		GM-ALL-dialogue-3716--1	96F05E24DB6F7394D1F3F55CAB8F5548E14709A0A0015432FCDD5034DE231067	샤오예는 없다고 했잖아?	REVIEWED		3717
dialogue	3717		GM-ALL-dialogue-3717--1	2E0B1F972F9E3E8C113256DB4198015CD86B95968FB3BC864C515F2391CE559B	나 오늘 왜 이러지? 그렇게 샤오예가 보고 싶나?	REVIEWED		3718
dialogue	3718		GM-ALL-dialogue-3718--1	F57839C7B7CEDF85565E8D811AF2200285B719B3636A9680BBC24CFB9A64FE17	나…… 설마 숨겨진 시스콘……	REVIEWED		3719
dialogue	3719		GM-ALL-dialogue-3719--1	4421CDC638E66B42D07139D14CA875A974727C9C82A367E405FD46F49C3DA680	아니! 그럴 리가 있나. 샤오예를 향한 내 사랑은 가족애뿐이라고!?	REVIEWED		3720
dialogue	3720		GM-ALL-dialogue-3720--1	F249BF70CF27F546CED87AB77A40070FCB87BA4B325A8667DD5AB65965878789	아직 잠이 덜 깼나!?	REVIEWED		3721
dialogue	3721		GM-ALL-dialogue-3721--1	92D9A71737A0826B8C4FA0DAED91B7EEDA79E6D5FCDC54F8EF2D36ADBFCD0DF2	다, 다시!	REVIEWED		3722
dialogue	3722		GM-ALL-dialogue-3722--1	E3B0C44298FC1C149AFBF4C8996FB92427AE41E4649B934CA495991B7852B855		EMPTY_CONTROL		-1
option	3722	0	GM-ALL-option-3722-0	E5CD703BEED56501252183F48B4C5EFA7D2ABED3CD38D5C1EB184804E84899E7	샤오예…	REVIEWED		-1
dialogue	3723		GM-ALL-dialogue-3723--1	A7F878B8CED1A7957C560D573E30DDBBC1696E38C370513AACBBF4BFF12E7F43	……	REVIEWED		3724
dialogue	3724		GM-ALL-dialogue-3724--1	EE7F44A3E250BC950632F01AF1895E8EE43E1A89DC4C079C1CE4B7940364B98A	샤오예……	REVIEWED		3725
dialogue	3725		GM-ALL-dialogue-3725--1	EFED00C0DD099195C803CF2EB6A1DA03E79FA78CC02DFE9E5BB656B6D856D1AC	샤오예…… 샤오예……	REVIEWED		3726
dialogue	3726		GM-ALL-dialogue-3726--1	979D40BE40B6BFCFE3ED372E7F25B2EA67720BCC2B8CE48955BA801D5811E0B6	이, 이 감정은 뭐지…… 왜 갑자기 이렇게까지 그리운 거야……!	REVIEWED		3727
dialogue	3727		GM-ALL-dialogue-3727--1	74676682CA8D16846AE0C13CC2B8EDD963DBEC293F457DDE8911B00889B4CAA5	너무 보고 싶어. 목소리도 듣고 싶고, 눈도 보고 싶어……!	REVIEWED		3728
dialogue	3728		GM-ALL-dialogue-3728--1	3DF0EB9C6052BE27DEE78CA6D334CDF61012370F9105611B390F0F6FB56B6A34	샤오예……!!	REVIEWED		3729
dialogue	3729		GM-ALL-dialogue-3729--1	6F47E46C6BE0F72CDF92B63805F2EE27D466416D2C4F1A6080CDBF5A862C6721	왜 내 마음속이…… 온통 네 이름과 네 얼굴로 가득 찬 거야!!	REVIEWED		3730
dialogue	3730		GM-ALL-dialogue-3730--1	E3B0C44298FC1C149AFBF4C8996FB92427AE41E4649B934CA495991B7852B855		EMPTY_CONTROL		-1
option	3730	0	GM-ALL-option-3730-0	B5189772B31972B6ED89AF7FBF2F6CF21D9974A74FFDBAAC6CD2857D153863E9	샤오예…!	REVIEWED		-1
dialogue	3731		GM-ALL-dialogue-3731--1	4BC9711126C5C827DA16F5CEAD20156746DF467D3FDFCB63D259C29844440537	끄아아아아아!!	REVIEWED		3732
dialogue	3732		GM-ALL-dialogue-3732--1	D4813F83F8B75EC2FC993804F34F417CE5D45CAD606DC3404739E245F5E8D764	흐, 흐아아아아아!!	REVIEWED		3733
dialogue	3733		GM-ALL-dialogue-3733--1	4C5757CE41BD83C36F8A83726F5D4C3939687E9BA30957A6A3D47B06851809EB	보고 싶은 이 감정이…… 이제! 더는 억눌러지지 않아!!	REVIEWED		3734
dialogue	3734		GM-ALL-dialogue-3734--1	2F80F719CBD36E312A73B3CA403212BC149FD6A169E4CBD4318C39BBE3B8D3B4	하지만 지금쯤 수업 갈 준비를 하고 있을 텐데……! 참아…… 참으라고!!	REVIEWED		3735
dialogue	3735		GM-ALL-dialogue-3735--1	E3B0C44298FC1C149AFBF4C8996FB92427AE41E4649B934CA495991B7852B855		EMPTY_CONTROL		-1
option	3735	0	GM-ALL-option-3735-0	8B7D9D059ED59327C0624FD426FED8CBE33140C4109B4DF99103A1969876ED9D	샤오예!!	REVIEWED		-1
dialogue	3736		GM-ALL-dialogue-3736--1	3764169E4CFC2C0D7B9048E5F7E8864FBC8A3AB0E1DCBB4E37EC33C701643B80	샤오예!!!	REVIEWED	LM	3737
dialogue	3737		GM-ALL-dialogue-3737--1	DD9AB19FCFFF728F793452A76B7CA7CCDAE6856456C6D1110EDCF26730B15690	나는 휴대폰을 꺼내 전화를 걸었다.	REVIEWED		3738
dialogue	3738		GM-ALL-dialogue-3738--1	E96F6BB933AD9DAD1386235C2B7FC22F32E85124907E11579DA48EB1701BE33D	응? 좋은 아침, 오빠. 갑자기 왜……	REVIEWED	MM	3739
dialogue	3739		GM-ALL-dialogue-3739--1	3764169E4CFC2C0D7B9048E5F7E8864FBC8A3AB0E1DCBB4E37EC33C701643B80	샤오예!!!	REVIEWED	LM	3740
dialogue	3740		GM-ALL-dialogue-3740--1	964EBF3769D101C275D3EC538C454403231387047C5E3647DE075A99157CD5C5	으아아악! 뭐, 뭐야!?	REVIEWED	MM	3741
dialogue	3741		GM-ALL-dialogue-3741--1	BE8468ACBBEA1ED2FFE2C5745F2176EBCCBA62485BCA2164B0500F2AF9C83D02	너무 보고 싶어……! 목소리도 듣고 싶고……! 이제…… 못 기다리겠어!!	REVIEWED	LM	3742
dialogue	3742		GM-ALL-dialogue-3742--1	7B46A4822FFF8FF2B68BEA372242468E42EC1DAEDD609F149FCAAD076A2415CC	하!? 어!? 자, 잠깐만!?	REVIEWED	MM	3743
dialogue	3743		GM-ALL-dialogue-3743--1	4014039DE17A547ADAE24E7A337C0233710949399BA5C065CB96ABAA43B20BA9	우와~~	REVIEWED	L	3744
dialogue	3744		GM-ALL-dialogue-3744--1	8984FEBD7D09B294D91DDAC6F9AF1DE5B5EECCB3C7276D61A3E81935B3BEC0E7	아침부터 엄청 달달하네~?	REVIEWED	L	3745
dialogue	3745		GM-ALL-dialogue-3745--1	1AA85C74DAB4241D1654322205724EF2254ED0E930E71A3AE726DA4791673A58	아, 아니야! 너희가 생각하는 그런 거 아니라고!?	REVIEWED	MM	3746
dialogue	3746		GM-ALL-dialogue-3746--1	A8E363EA199D2E1E551C9C87C4F77BDCE48FD344A7237F06EE594185D775568F	샤오예——!!	REVIEWED	LM	3747
dialogue	3747		GM-ALL-dialogue-3747--1	B95725A3FC84E4425EAE5E0A58082F344E92358ECD4A7B252803A240C692E59A	바보 오빠 시끄러워!!	REVIEWED	MM	3748
dialogue	3748		GM-ALL-dialogue-3748--1	F13A5751D0A4363E0E74CE61957671B95BF026CD2FDB069A741045D0757610D0	으으으으으으!!	REVIEWED	LM	3749
dialogue	3749		GM-ALL-dialogue-3749--1	FA3C9D44FA3661C97B88C167D55257260EA69448D99516382F8D796FF3534DAB	왜 우는 건데!?	REVIEWED	MM	3750
dialogue	3750		GM-ALL-dialogue-3750--1	A7F878B8CED1A7957C560D573E30DDBBC1696E38C370513AACBBF4BFF12E7F43	……	REVIEWED		3751
dialogue	3751		GM-ALL-dialogue-3751--1	A7F878B8CED1A7957C560D573E30DDBBC1696E38C370513AACBBF4BFF12E7F43	……	REVIEWED	LM	3752
dialogue	3752		GM-ALL-dialogue-3752--1	F3CED52B9AC014C79BD7C2CEB36087F5AA2B58546B329855C2F9A1CC5220C105	……이제, 진정됐어?	REVIEWED	MM	3753
dialogue	3753		GM-ALL-dialogue-3753--1	B5D1C611073017EA32DCE2A7F7C5C0D314E0F35E509E3D98E54F743CB49493DA	……그냥 날 묻어 줘.	REVIEWED	LM	3754
dialogue	3754		GM-ALL-dialogue-3754--1	28324F22F237F3AD3C44F59FCDC77869534CC4B84E7FCF92D0CF56B05BC5C949	무서운 소리 하지 마!? 그럴 리가 없잖아!?	REVIEWED	MM	3755
dialogue	3755		GM-ALL-dialogue-3755--1	7A963ED4964B2C0DB411613FB7E0ED104C7A00F5340FF074E00D3AB3DB3366A8	……아마 어젯밤 악몽을 꿔서 오늘 아침 머리가 멍해서 그랬나 봐……	REVIEWED	LM	3756
dialogue	3756		GM-ALL-dialogue-3756--1	B191E43854EF5C044FD0AAC4A745D106869BEE651E8C547150D599730B4B1048	오빠…… 어…… 괜찮아, 괜찮아. 내가 갑자기 사라지고 그러진 않아.	REVIEWED	MM	3757
dialogue	3757		GM-ALL-dialogue-3757--1	87EDDE57F118D82EF628F3BC65638BDE6F3E73D1F4BCAF4429300789F7C70006	……응.	REVIEWED	LM	3758
dialogue	3758		GM-ALL-dialogue-3758--1	FFB653D62935FA641B1189FA51CEC1B937072957AF66BE39E29BCF710A49E8A6	나 이제 수업 들어갈 거야. 이따 갑자기 전화하면 안 돼……?	REVIEWED	MM	3759
dialogue	3759		GM-ALL-dialogue-3759--1	A977CA8E3137E67A7A6918A06D3D86D57FBF577994F726C5155115E0A2B3071A	응……	REVIEWED	LM	3760
dialogue	3760		GM-ALL-dialogue-3760--1	28340C65673330C9C12B01E6D55AA7AC486ACD088144E16D5D1469C9E46C24D7	……저녁에 같이 나가서 밥 먹을래?	REVIEWED	MM	3761
dialogue	3761		GM-ALL-dialogue-3761--1	8A1B7B428B5FA315713DB5BD2CA021517944551D9E14EF9AA21BD387420EB821	응…… 내가 네 쪽으로 갈게.	REVIEWED	LM	3762
dialogue	3762		GM-ALL-dialogue-3762--1	6FC28842FD0400642AB158865464EE9D110B5741BDBCA0AB48460BAC3DC5D4A7	저녁까지 얌전히 기다려?	REVIEWED	MM	3763
dialogue	3763		GM-ALL-dialogue-3763--1	A977CA8E3137E67A7A6918A06D3D86D57FBF577994F726C5155115E0A2B3071A	응……	REVIEWED	LM	3764
dialogue	3764		GM-ALL-dialogue-3764--1	E3B0C44298FC1C149AFBF4C8996FB92427AE41E4649B934CA495991B7852B855		EMPTY_CONTROL		3766
dialogue	3766		GM-ALL-dialogue-3766--1	A7F878B8CED1A7957C560D573E30DDBBC1696E38C370513AACBBF4BFF12E7F43	……	REVIEWED		3767
dialogue	3767		GM-ALL-dialogue-3767--1	73911DAFFCC82EBFEFE6B8C913E7DAFF2F8F8267063707AB97950A9DCAD97EC3	이날은 나중에 떠올리기만 해도 온몸에 소름이 돋는 흑역사가 되었다.	REVIEWED		3768
dialogue	3768		GM-ALL-dialogue-3768--1	895361FFBF88D5A8C40D47F8DD3D03DF2042CA9360D08738BCBB4FAA39495404	……	REVIEWED		3985
dialogue	3769		GM-ALL-dialogue-3769--1	E3B0C44298FC1C149AFBF4C8996FB92427AE41E4649B934CA495991B7852B855		EMPTY_CONTROL		3770
dialogue	3770		GM-ALL-dialogue-3770--1	5CE968A1AB88167267EF18A2A8FC075E8B852FF92E99F9A9D516FE5AB1BCC1AB	모추링과 이야기한다.	REVIEWED		3771
dialogue	3771		GM-ALL-dialogue-3771--1	D77C7780FEE78A6B06281BBE4A80417D0C5B1BB4DA6FDB4850E1C59448299145	오! 리밍, 마침 찾고 있었어요——	REVIEWED	MCL	3772
dialogue	3772		GM-ALL-dialogue-3772--1	185DB5FB7A3D1E3A9049EC46000898267F4DBA34965346F1193DECF83FFCF493	가게에 들어서자마자 모추링이 휴대폰을 들고 내 앞으로 달려왔다.	REVIEWED		3773
dialogue	3773		GM-ALL-dialogue-3773--1	5AA7542D306E3D25FAFFD49789BF38BAFD7B2260C3D95D6B4C4C4FFA7BC3BFAC	왼쪽 게임은 의붓여동생 소재고, 오른쪽 게임은 후배 소재예요.	REVIEWED	MCL	3774
dialogue	3774		GM-ALL-dialogue-3774--1	6794C3594226DAB7FA766C3075AAC760BEE2CC525ABF2A9C5CE89672AF6ABEEF	리밍이라면 어느 쪽을 살래요?	REVIEWED	MCL	3775
dialogue	3775		GM-ALL-dialogue-3775--1	AF92EF76C254D6EADF39CAD4160D85B11FA925918EB84A524A09F7141D3ECBB7	아니 아니, 잠깐 잠깐!! 입구에서 그런 이미지를 열지 마요!?	REVIEWED	LM	3776
dialogue	3776		GM-ALL-dialogue-3776--1	35C60C158DA83FA1474DD3C803D331BCB3DE3AAC9ADDD950DC10A5E292E63AC8	식은땀을 흘리며 모추링과 그래플링 하우스 안쪽으로 들어갔다.	REVIEWED		3777
dialogue	3777		GM-ALL-dialogue-3777--1	E6CB810454E34A28B6F0DD5AB5DB2344E27736DA0945FC2799E8022A720E3D76	요즘 계속 고민하는 게 하나 있는데요. ‘여동생’ 태그가 너무 남발되는 것 같지 않아요?	REVIEWED	MCL	3778
dialogue	3778		GM-ALL-dialogue-3778--1	18CC140A8AEA05C6E2B8BB6A856276AB8D1FA360D8D50C120495FC884F0A3813	미연시 중에는 여동생 캐릭터가 기본으로 들어가는 작품도 꽤 많잖아요?	REVIEWED	LM	3779
dialogue	3779		GM-ALL-dialogue-3779--1	6FFE948F51DB14E154C3A6E96ABE63565AB2C96795DD4FCFA8688056F29E760E	음~ 그건 예전 이야기죠. 요즘 신작은 거의 다 의붓여동생이에요.	REVIEWED	MCL	3780
dialogue	3780		GM-ALL-dialogue-3780--1	E8C3CF83676DF1274BD5DDE10C37A940FDFFCF970387C3C93D50479135F48C9A	그런가? 듣고 보니 정말 그런 것 같기도 하고?	REVIEWED		3781
dialogue	3781		GM-ALL-dialogue-3781--1	97DD14D7E0E309F84AFF29986A37F221662258A251B3564A98412069704934F3	분명 의붓여동생인데 작품에는 ‘여동생’ 태그가 붙고, 심지어 여동생이 나오기만 하고 개인 루트가 없는 경우도 있어요. 이거 상품 설명이랑 실제가 다른 거 아니에요——	REVIEWED	MCL	3782
dialogue	3782		GM-ALL-dialogue-3782--1	4AAE269134358000DA1AE9345B343446799AF1AC093782E002E63A99AB2C27BC	의붓여동생이면 여동생 태그 붙이는 건…… 별 문제 없지 않아요? 여러 가지 사정도 있고, 어쩔 수 없는 거잖아요?	REVIEWED	LM	3783
dialogue	3783		GM-ALL-dialogue-3783--1	68870D77763024A262F6A412B29019A78ADB51EF077804A84825DEB85EAF77F4	문제 엄청 크죠! 그 태그 보고 신나서 게임 샀는데 공략도 못 하는 의붓여동생이면 플레이어가 엄청 화나잖아요!?	REVIEWED	MCL	3784
dialogue	3784		GM-ALL-dialogue-3784--1	CCE04A6D770CDE962CBF376F49E52D5AAFD5E77A998C66B6ADB073150A624428	모추링은 심각한 표정으로 내게 바짝 다가왔다.	REVIEWED		3785
dialogue	3785		GM-ALL-dialogue-3785--1	948D60519BB3DDFEDFC24BF3C19AB7D7FEC03A585DF1C180953FEF94AFCFD1B9	왜 이렇게까지 진지한 건데요!? 그럼 모추링 씨가 생각하는 ‘여동생물’은 어떤 작품이에요?	REVIEWED	LM	3786
dialogue	3786		GM-ALL-dialogue-3786--1	014C5BEB2F6A246F998498CB4CB6515F545DF5708EE4FD7951C5B88886ED5191	후후~ 적어도 진짜 메인 스토리의 진히로인이 친여동생이어야죠?	REVIEWED	MCL	3787
dialogue	3787		GM-ALL-dialogue-3787--1	3792BFA5114E762083D12A450BDC7AC0803AB78C6625E3F08A546ADA8946536D	무슨 정통파예요!? 조건이 너무 빡세잖아요. 그 기준이면 여동생물이라고 자칭하는 미연시 절반은 탈락한다고요!?	REVIEWED	LM	3788
dialogue	3788		GM-ALL-dialogue-3788--1	69C12CFBE54D00D5EF834F81908B2E0EBB3575580E917D4A47BA113DD5D309EF	그런데 어떤 미연시는 그냥 자기를 ‘여동생’이라고 부르는 후배 캐릭터 하나 나온다고 여동생 태그가 붙는다니까요!?	REVIEWED	MCL	3789
dialogue	3789		GM-ALL-dialogue-3789--1	5A5C84CB26C8B81E1F070AEC99490CF62F7FEDD70AEA2F34BACAD708DFCF60B1	그…… 사실 그래도 괜찮지 않나? 결국 캐릭터 속성 하나일 뿐인데 진짜 여동생인지는 크게 중요하지 않잖아요——	REVIEWED	LM	3790
dialogue	3790		GM-ALL-dialogue-3790--1	B217BD207A1FB1BA495F91897BABCE3EA05BC5990FB63A87A388ECD30680A8D7	으악! 이단이다! 후배가 어떻게 여동생이에요!?	REVIEWED	MCL	3791
dialogue	3791		GM-ALL-dialogue-3791--1	6FC630ABDA8A1F000B4F96E5909DF04701E5AEC07F9CC0A5962EAA6953D0C9C0	그런 느낌을 제대로 썼으면…… 여동생으로 쳐도 되죠.	REVIEWED	LM	3792
dialogue	3792		GM-ALL-dialogue-3792--1	82B58DF0F8165D413834C95854723C22D2786E9CA707AA0FCCE5C86EBABA579A	리밍~~!!	REVIEWED	MCL	3793
dialogue	3793		GM-ALL-dialogue-3793--1	FAB8A21ADE7A218342D0E1BC1DF0B2E51867661851A12318A2B8F4117617154B	……리밍, 왜 그래?	REVIEWED	HXC	3794
dialogue	3794		GM-ALL-dialogue-3794--1	D0F8177A517780F5A54050A49F6AFA8EAADB1CD55ECAAC4F0D443D7D4F1B381D	아, 샤오청. 내가 왜 그런 게 아니라 여동생이 왜 그런지 얘기 중이야……	REVIEWED	LM	3795
dialogue	3795		GM-ALL-dialogue-3795--1	829B4435158462D48CD092E76A203FFEFBC690B76D2DE2C21BD2441BB8EE8887	여동생…… 샤오예?	REVIEWED	HXC	3796
dialogue	3796		GM-ALL-dialogue-3796--1	23E66D122B3917C96666BD292752DD15542BDF226B7F813125E637F0AB9D6CB2	한샤오청 선생님은 어떤 작품을 여동생물이라고 부를 수 있다고 생각해요?	REVIEWED	MCL	3797
dialogue	3797		GM-ALL-dialogue-3797--1	4957E1E801ADCB9681AD2A43F18BAB10A0625D7AB3CDB65FE2C30E11B4A24210	샤오청은 미연시도 안 하잖아요. 물어봐도 될까요……	REVIEWED	LM	3798
dialogue	3798		GM-ALL-dialogue-3798--1	2889814C9C8A59B39534C2D7AC687C8D9FCBFFEFEA4B7AC269F5E911C9229DC9	……으음……	REVIEWED	HXC	3799
dialogue	3799		GM-ALL-dialogue-3799--1	64628385A7AFCC532128C8B55B9493A9C6FA544F71D106294C836EE3F614B434	……여동생 같은 느낌이 있으면, 되는 거 아니야?	REVIEWED	HXC	3800
dialogue	3800		GM-ALL-dialogue-3800--1	0ADB3B6DEDC2ECE7A1D3D80CE61C51B8FF012988FE66E41EF9C33945BAD3BB8E	에!?	REVIEWED	MCL	3801
dialogue	3801		GM-ALL-dialogue-3801--1	F01F95B5BFA4527CAC12E1063B2C9B8F58388E5DA3408288AA1A51BE56D4664A	하하!	REVIEWED	LM	3802
dialogue	3802		GM-ALL-dialogue-3802--1	9A63A39AB00AAB495DDF89FFB8B3B4E341C2D1F58C70C3E1EF8D3C5CEC95B8A0	의뢰 그림 그릴 때, 가끔 여동생 같은 느낌으로 그려 달라는 요청을 받아……	REVIEWED	HXC	3803
dialogue	3803		GM-ALL-dialogue-3803--1	C182C9B75F42FC1A7A3F33B91823D83F40AC581B544DB76DDCC5CCB6A5890299	그런 마음으로 캐릭터를 만들면, 그 캐릭터는 여동생이랑 똑같아.	REVIEWED	HXC	3804
dialogue	3804		GM-ALL-dialogue-3804--1	CCC86913E500DEC42133EB1678C68DA792EAFE4057A1EF24EBAD7649E9F597C3	그러니까, 진짜 설정이 여동생일 필요는 없어.	REVIEWED	HXC	3805
dialogue	3805		GM-ALL-dialogue-3805--1	3BFCE7BB230E2AD21A3B922B4601397EAE0B27B6DA9FE9EFF8A803D8A31CCFFF	오오, 제가 말한 게 바로 그거예요.	REVIEWED	LM	3806
dialogue	3806		GM-ALL-dialogue-3806--1	DC1001A1CBE91978993C4F2784C9FE1523ADBBEA3069BC0B5704995F15AAE3DD	으윽…… 너무 일리 있어…… 그래도 왠지 조금 찝찝해——	REVIEWED	MCL	3807
dialogue	3807		GM-ALL-dialogue-3807--1	975E858249982A59DFAEEB57EB300CF3FB173A2B555000BD15417436FAC3E6D2	바이셴위 생각도 물어볼까요?	REVIEWED	LM	3808
dialogue	3808		GM-ALL-dialogue-3808--1	E3B0C44298FC1C149AFBF4C8996FB92427AE41E4649B934CA495991B7852B855		EMPTY_CONTROL		3809
dialogue	3809		GM-ALL-dialogue-3809--1	7E345136FF4BA84169A00D235D9E4A4F7C9494D8310E386DA9372554FE89BB35	여동생 있고 집 있고, 부모는 둘 다 사망.	REVIEWED	BXY	3810
dialogue	3810		GM-ALL-dialogue-3810--1	002108CA7D990E47B8BB3DC72ADB14464555A05045DFDD95B76E7126B2D854B4	그렇죠!	REVIEWED	MCL	3811
dialogue	3811		GM-ALL-dialogue-3811--1	5D786455746BF62D3F9746B6B7B8251C60726A1985DA4C7373D42E115C301320	뭐가 ‘그렇죠’예요!? 그 설정은 그냥 『○스가노소라』잖아요!?	REVIEWED	LM	3812
dialogue	3812		GM-ALL-dialogue-3812--1	A81AB02A20D0AA2173A00E4963DE688833BD813371D5DB4B39BDC7AB77DCBC6E	그 게임이야 확실히 엄청 정통이긴 하지만……! 그런 작품은 너무 적다고요!	REVIEWED		3813
dialogue	3813		GM-ALL-dialogue-3813--1	D295CE2280FFCB9DE9F6CF23DFB762E7E13A9C771A5E426285EFFE21246B04B3	그냥 여동생 같은 느낌만 있으면 되는 거잖아요? 그러면 여동생물로 분류해도 되는 거고요?	REVIEWED		3814
dialogue	3814		GM-ALL-dialogue-3814--1	2E59515E67E8DA1835525786BFC23A7FEA3E3EBC0E1E12169DCEED8C2E7CE5A2	적어요……? 제가 기억하기로 그…… 『꿈색 뭐시기』도 그런 설정이었는데.	REVIEWED	BXY	3815
dialogue	3815		GM-ALL-dialogue-3815--1	696BB492693374066BF2BC4C24E552EBD31D0C7CCF0376B296A17C912FDDBC41	『아침의 신세미아』도 그렇고, 『후키다시 크리에이티브』도 그렇고, 후룟의 여러 미연시도 그렇고……	REVIEWED	MCL	3816
dialogue	3816		GM-ALL-dialogue-3816--1	F94C52C0D8842D019965F9213FEDF1358E444FE6B5BBDE35FAC6DDBBDAFC5C3D	저, 정말 생각보다 많네……	REVIEWED	LM	3817
dialogue	3817		GM-ALL-dialogue-3817--1	0258C3EEFF7327015B482811873E20FEDAA54DA1696FF61047F1D1052AD27D58	젠장, 무승부인가……	REVIEWED	LM	3818
dialogue	3818		GM-ALL-dialogue-3818--1	AC27E7AA376DE3E2044BEA4A8D5DFEBDE6AD3FC00AFC1E9980857380B5EC9885	어? 언제부터 승부였어요?	REVIEWED	MCL	3819
dialogue	3819		GM-ALL-dialogue-3819--1	374B98310987FBD2DD48C937651B7B40113FA7CBB3C7EC886EEF30CD7B298C5C	한 명 더 물어볼 사람이 있기는 한데…… 얘한테 물어보기 좀 그렇지만——아무튼 전화해 보자.	REVIEWED		3820
dialogue	3820		GM-ALL-dialogue-3820--1	E3B0C44298FC1C149AFBF4C8996FB92427AE41E4649B934CA495991B7852B855		EMPTY_CONTROL		3822
dialogue	3822		GM-ALL-dialogue-3822--1	76EDB272644365625111253EF7C53CD26AD47B84C8019E501ECF73578A57D78E	뭐?	REVIEWED	MM	3823
dialogue	3823		GM-ALL-dialogue-3823--1	5E6D5C9328CE9A8059A4A55FCEF85402EAB3F19E6739029DFB5321D9108517FD	바, 바보 오빠! 자기 여동생한테 대체 무슨 질문을 하는 거야!	REVIEWED	MM	3824
dialogue	3824		GM-ALL-dialogue-3824--1	FCE44F0D53881AFBCBDB7F917EEAE7D89F40E2C23D4E95C7939A18ECA5F01DD8	이건 아주 진지한…… 그래, 문학 문제야! 부탁해. 너 소설 자주 읽잖아!	REVIEWED	LM	3825
dialogue	3825		GM-ALL-dialogue-3825--1	DA93B25D94967D580B8F3DAEECA7C854D6A49A2AF2DD938326605638C724F895	하아……	REVIEWED	MM	3826
dialogue	3826		GM-ALL-dialogue-3826--1	0EDD7B5A2265349FFE672E149D314E69A0A09BFBFDF91F72510547282A0EAF5A	여동생을 여주인공으로 내세운 소설은 여러 가지 있긴 하지…… 굳이 말하자면……	REVIEWED	MM	3827
dialogue	3827		GM-ALL-dialogue-3827--1	6D587CD44806ABDB6D8CDF99465E01E09D3397ADB2B644FD475BDD6D82060634	정말 오빠가 말한 그 ‘여동생’ 태그를 붙였다면 그 작품은 반드시 그 설정을 존중하고, 제대로 비중 있게 묘사해야 한다고 생각해.	REVIEWED	MM	3828
dialogue	3828		GM-ALL-dialogue-3828--1	F046421353AAB2FAC884FAA95FE510E53A844149DFEBC4F2CEABD90A9CF9D731	에헤. 리밍, 2대1인데요?	REVIEWED	MCL	3829
dialogue	3829		GM-ALL-dialogue-3829--1	EB1B5410CD235F41EB102A90E4FC3873CBCB6D539A177E718932DA2280EB3A6A	으으…… 그럼 샤오예는 정통파인가……	REVIEWED	LM	3830
dialogue	3830		GM-ALL-dialogue-3830--1	5820B193DB5118C9C96A9B35BBDBD29CC348BC2F333445E6CF79DE05511A5321	그냥 여동생 소재 하나 가지고 무슨 정통파까지 나눠.	REVIEWED	MM	3831
dialogue	3831		GM-ALL-dialogue-3831--1	8BF736A86122398F7DA26C9513BFF404938C4C95282CF4EE7F88962123A20548	그래도…… 여동생이라는 설정이 하나의 기호가 되어 버리면 사실 진짜 여동생인지 아닌지는 확실히 상관없어질 수도 있지.	REVIEWED	MM	3832
dialogue	3832		GM-ALL-dialogue-3832--1	2EEC47CBEB5471B5537293DC881D232B473E2DC6231EDB2D75B8071FEF911E36	왜 갑자기 말 바꾸는데?	REVIEWED	LM	3833
dialogue	3833		GM-ALL-dialogue-3833--1	8D2433EBF2DCEB4634A7CE1BF2BFF3445F8D9F71AECDCEE7BEBBFCC17F6DFD4D	여동생 캐릭터를 좋아하는 독자 중에는 같은 소재 작품을 계속 찾아보는 사람도 있어. 그런데 좋은 작품은 하나 보면 그만큼 남은 게 줄잖아……	REVIEWED	MM	3834
dialogue	3834		GM-ALL-dialogue-3834--1	9FF91A9B79ED59FD3499CEFF3094C38A1D5D945B39ECBAEE0BF27A32C6EEDCD3	그러다 보면 결국 비슷한 특징을 가진 캐릭터로 대체하기도 해. 그런 걸 받아들일 수 있으면 또 즐겁게 읽을 수 있고.	REVIEWED	MM	3835
dialogue	3835		GM-ALL-dialogue-3835--1	25F1A84001F3407AB2F332684649A8980C266D0C2A19C150C56B657C7F0691AE	그래서 너무 정확하게 선을 나눌 필요는 없다고 생각해. 좀 더 열린 마음으로 보면 접할 수 있는 좋은 작품도 더 많아질 테니까——나는 그렇게 생각해.	REVIEWED	MM	3836
dialogue	3836		GM-ALL-dialogue-3836--1	A7F878B8CED1A7957C560D573E30DDBBC1696E38C370513AACBBF4BFF12E7F43	……	REVIEWED	LM	3837
dialogue	3837		GM-ALL-dialogue-3837--1	A7F878B8CED1A7957C560D573E30DDBBC1696E38C370513AACBBF4BFF12E7F43	……	REVIEWED	MCL	3838
dialogue	3838		GM-ALL-dialogue-3838--1	217B94A2158ED5A6FC93B5D1E2ADBAAFAB569D03C63BEB0E066A5B11EE549448	오빠? 모추링 선배? 왜 아무 말도 안 해……	REVIEWED	MM	3839
dialogue	3839		GM-ALL-dialogue-3839--1	80B69AB51654E5CC7E8067BD29A585D036ABC4EF702B7E1110E57DADC49AF2B9	내 여동생 너무 훌륭해서 자랑스럽다.	REVIEWED	LM	3840
dialogue	3840		GM-ALL-dialogue-3840--1	FC87FF267860921615E667B2E964B22F62A7A698A45323BD4D24EF5CE7132090	샤오예 대단해요!	REVIEWED	MCL	3841
dialogue	3841		GM-ALL-dialogue-3841--1	C6EC7E7C957614E93E07B33293AB6785B1338263C426C59FFC7D92FD49A473B5	가, 갑자기 무슨 소리야? 아무튼 난 이만 끊을게!	REVIEWED	MM	3842
dialogue	3842		GM-ALL-dialogue-3842--1	2ACAE4252D6F42E6E5C3FB058118DC8E5AFBFF1CCACE732A263A6470CB32CC6A	나와 모추링은 서로 얼굴을 바라봤다.	REVIEWED		3843
dialogue	3843		GM-ALL-dialogue-3843--1	58297E82B9BB3FB46A4DE7A9FAB45D13DC1857C0BF3D03774F60433825C766D5	2대2……?	REVIEWED	LM	3844
dialogue	3844		GM-ALL-dialogue-3844--1	EAFA2AD256560C6EE095972408BB8A344501C0237523179BD3D6905C491C0CFB	그런…… 것 같네요?	REVIEWED	MCL	3845
dialogue	3845		GM-ALL-dialogue-3845--1	2547315E423D83C6D0F675A3F2B5D71A97BE8B8DC205AB3965F35303AAD07020	결국 받아들이는 태도의 문제인가?	REVIEWED		3846
dialogue	3846		GM-ALL-dialogue-3846--1	C10E60C7C9F997AA8DC9AC0FED41054C55051FDD80470EED303199597E4AC579	그저 ‘여동생’이라는 캐릭터 속성을 좋아하는 플레이어에게는 이게 진짜 정통 여동생물인지 아닌지가 그렇게 중요하지 않을 수도 있다.	REVIEWED		3847
dialogue	3847		GM-ALL-dialogue-3847--1	8BD21B163DC4626F947E5E423D47E8B1EF6B12ED424ADB7093D2510780A92EB3	반대로 작가가 여동생을 쓰면서 소꿉친구 같은 속성으로 만들어, 설정상 여동생인데 전혀 여동생답지 않은 경우도 있고.	REVIEWED		3848
dialogue	3848		GM-ALL-dialogue-3848--1	E2ACBBF5123FD69A2A6A16434EE54C32ED89863654E12CC085FB4303CFF3F50D	그래도 여동생 태그를 붙였으면 최소한 개인 루트는 있어야 해요.	REVIEWED	MCL	3849
dialogue	3849		GM-ALL-dialogue-3849--1	D4F91E68BD0C5928188A989F8FEAF21DBEF9B6283197F8C7284CB6203227113A	그건 동의해요.	REVIEWED	LM	3850
dialogue	3850		GM-ALL-dialogue-3850--1	726A33753841F91D0F066B7B37983E44B0F8217AE892DB86F4E5D0D574EA6202	그래서 모추링이 결국 어떤 게임을 골랐냐면, 의붓여동생 쪽인지 후배 쪽인지——	REVIEWED		3851
dialogue	3851		GM-ALL-dialogue-3851--1	EBF78DE500467DF0EAFE3234235A9B5EE21065034F82319335343D72CCB839B3	둘 다 샀다.	REVIEWED		3852
dialogue	3852		GM-ALL-dialogue-3852--1	D4E87283489C6ACCB4372971518D2DD74BB1D92FA6D2E9CEE790AB81B8411B65	합치면 거의 천 위안. 통도 크다.	REVIEWED		3853
dialogue	3853		GM-ALL-dialogue-3853--1	4CFB85413D232C5E1B9BBF01F422AFC63BD98E0E0634760B5204701D1F566771	애초에 둘 다 살 거였으면 이렇게까지 고민할 필요 없었던 거 아니야!?	REVIEWED		3854
dialogue	3854		GM-ALL-dialogue-3854--1	895361FFBF88D5A8C40D47F8DD3D03DF2042CA9360D08738BCBB4FAA39495404	……	REVIEWED		3985
dialogue	3855		GM-ALL-dialogue-3855--1	E3B0C44298FC1C149AFBF4C8996FB92427AE41E4649B934CA495991B7852B855		EMPTY_CONTROL		3856
dialogue	3856		GM-ALL-dialogue-3856--1	DA93B25D94967D580B8F3DAEECA7C854D6A49A2AF2DD938326605638C724F895	하아……	REVIEWED	LM	3857
dialogue	3857		GM-ALL-dialogue-3857--1	A7F878B8CED1A7957C560D573E30DDBBC1696E38C370513AACBBF4BFF12E7F43	……	REVIEWED	HXC	3858
dialogue	3858		GM-ALL-dialogue-3858--1	A7F878B8CED1A7957C560D573E30DDBBC1696E38C370513AACBBF4BFF12E7F43	……	REVIEWED	LM	3859
dialogue	3859		GM-ALL-dialogue-3859--1	FC2FFC830FBAC01D48B317B47790CCE365B16311A9AA4DD2EA7386DBBA62A52E	리밍, 엄청 졸려 보여.	REVIEWED	HXC	3860
dialogue	3860		GM-ALL-dialogue-3860--1	24DC32A29A205CA94957D033921B76F7144F5387D95B9BF67BD31899CED2006B	아, 응?	REVIEWED	LM	3861
dialogue	3861		GM-ALL-dialogue-3861--1	EE5E10AD824DE12A47E0403F58F14B0898E870F04FDF6675E9CC928E344F359D	……또 밤샜어?	REVIEWED	HXC	3862
dialogue	3862		GM-ALL-dialogue-3862--1	ADECD64D4E50926934EC9501FDDE0B235D4279BF3A00CC0554735A8F2DB9D3A7	다시는 밤에 차 안 마실 거야.	REVIEWED	LM	3863
dialogue	3863		GM-ALL-dialogue-3863--1	A08759CC5391378A22A6240EC666272EED8244CCE86D0E883C380AAE4B94C07A	새벽 두 시가 넘도록 심장이 두근거리더라……	REVIEWED		3864
dialogue	3864		GM-ALL-dialogue-3864--1	5692855CC6957971FD63ACFAB3093BABA5FFF6CF189AC374DE321B9052742A07	부러워……	REVIEWED	HXC	3865
dialogue	3865		GM-ALL-dialogue-3865--1	7BEFB818D450AC9F40C5AF2078883416FBFF51F12C5F8724F98499913F3AEB82	뭐가 부러운 건데……	REVIEWED	LM	3866
dialogue	3866		GM-ALL-dialogue-3866--1	353E6DC3B0851CEF0905D9B12E4A2CC76853E6DE8CD3DB8B2EED40B5CBAC1981	잠 깨는 효과가, 아직 있다니, 부러워.	REVIEWED	HXC	3867
dialogue	3867		GM-ALL-dialogue-3867--1	DA93B25D94967D580B8F3DAEECA7C854D6A49A2AF2DD938326605638C724F895	하아……	REVIEWED	LM	3868
dialogue	3868		GM-ALL-dialogue-3868--1	E3B0C44298FC1C149AFBF4C8996FB92427AE41E4649B934CA495991B7852B855		EMPTY_CONTROL		3870
dialogue	3870		GM-ALL-dialogue-3870--1	5DF3B5F0EC9294F04428817D78D73176233FB18A63250E6056A57CBEDDEDFB14	얘기는 어젯밤으로 거슬러 올라간다.	REVIEWED		3871
dialogue	3871		GM-ALL-dialogue-3871--1	650AA12F390B464678DA5C0CFCC86B5D71BCFA92F1CB8C8AD7E336BCC3897500	도저히 잠이 안 왔다. 내일 1교시가 있다는 생각만 해도 짜증 나……! 그냥 빠져 버릴까!	REVIEWED		3872
dialogue	3872		GM-ALL-dialogue-3872--1	DD1C65B788B2889AB2779A689A46AA14BE74428B6BF566384293F41349355E36	아, 안 돼. 한샤오청을 내버려 둘 수는 없지.	REVIEWED		3873
dialogue	3873		GM-ALL-dialogue-3873--1	65D1019C5038313E71A8EA95F3B6227C01F8BEB01263FE7A6CA96DCA0EDFDF10	에휴…… 이 시간에 와서 그냥 영상이나 좀 보자.	REVIEWED		3874
dialogue	3874		GM-ALL-dialogue-3874--1	A7F878B8CED1A7957C560D573E30DDBBC1696E38C370513AACBBF4BFF12E7F43	……	REVIEWED	LM	3875
dialogue	3875		GM-ALL-dialogue-3875--1	38301FCEAED75EFA26187E6F4B35D0EAC636D746489F377F2E8873A885AE60F6	왜인지 홀린 듯 바이셴위의 영상 채널을 검색했다.	REVIEWED		3876
dialogue	3876		GM-ALL-dialogue-3876--1	ACF8C49ABAE2DDB4C9E1002AA35C68359596B9813FA232901F388DB57CBDB1AA	갑자기 이 애에 대해 좀 더 알고 싶어졌다.	REVIEWED		3877
dialogue	3877		GM-ALL-dialogue-3877--1	249DDBDE4CC8AFE6CB3DC2B61E42557F2DB9A097B672DC213A487B1F9B0E1202	우와…… 조회수가 전부 엄청 높네……	REVIEWED	LM	3878
dialogue	3878		GM-ALL-dialogue-3878--1	11AE1165330033F5E19EF23F22E5905F2C3D70AA44999D069099C00B17905876	예전에 인기 목록에서 본 영상도 몇 개 있을지 모르겠다.	REVIEWED		3879
dialogue	3879		GM-ALL-dialogue-3879--1	61586A70371FCDEA13F8242EAE3CB454E3E9D34346A8D1BF0E14E39316DDA319	거의 전부 FPS 영상이고, 가끔 액션 게임과 격투 게임이 섞여 있었다.	REVIEWED		3880
dialogue	3880		GM-ALL-dialogue-3880--1	AB881B7E2FC5B1C140CB09D049D55A987ED16D978DDE7C3725E9DBB7D191B32C	본인 말로는 너무 못하는 게 오히려 웃겨서 떴다고 했다. 처음엔 조금 의심했지만, 며칠 같이 게임하고 나니 완전히 믿게 됐다.	REVIEWED		3881
dialogue	3881		GM-ALL-dialogue-3881--1	8AF85CE981D9EC89AD4D75B1BD062EBE03E9F22DC5EDB7CD9B8099F05574C6C4	응?	REVIEWED	LM	3882
dialogue	3882		GM-ALL-dialogue-3882--1	292AD6723748EDBAE91FB8AAC9E7EE4FA7AF1765D0954CDE2BC428F2BB902396	영상 목록에 유독 뜬금없는 게임 하나가 보였다.	REVIEWED		3883
dialogue	3883		GM-ALL-dialogue-3883--1	B42EBF6CD67E89D9F965824FF56C1773946799E5C4F53BBA68FADC5ECD6E237A	——《엘든 영감-4월 17일-48초-무제한》	REVIEWED		3884
dialogue	3884		GM-ALL-dialogue-3884--1	3AC781543270255F8E63A2C1413B9FDD89607B1278DA905C24257D2C3279D94A	얘도 이 게임 하는구나? 엘든이라는 영감을 조작해서 틈새의 땅을 쓸어버리고, 마지막엔 왕좌에 올라 엄청난 영감이 되는 게임.	REVIEWED		3885
dialogue	3885		GM-ALL-dialogue-3885--1	E2409BCCA4BAB70E9D30AA94AF2CDFF995AE6C9739EEDF389784429B71F1E9EC	나는 공략을 보면서도 죽을힘을 다해 겨우 클리어했는데, 바이셴위한테는 더 어렵지 않을까? 소울류잖아. 고난도로 유명한 장르라고.	REVIEWED		3886
dialogue	3886		GM-ALL-dialogue-3886--1	AE8C273A1818E9D5F0E63B831F3CAC58489A9BF8D328236E2D51099923B6712F	클릭 안 해도 얼마나 처참한지 예상된다. 48초라는 건 48초 버텼다는 뜻이겠지…… 그 미친개 같은 보스면 어쩔 수 없고.	REVIEWED		3887
dialogue	3887		GM-ALL-dialogue-3887--1	52DDC8D922E658F75539D8DDFC68022F39134E51F2CADBBA5638E784D91322F0	……그래도 한번 보자.	REVIEWED		3888
dialogue	3888		GM-ALL-dialogue-3888--1	D1DE1B96471D21C12171A9A854FEAEE3BCE3959A0EF60B4BCB89E73945B1B992	손가락이 저절로 영상을 눌렀다.	REVIEWED		3889
dialogue	3889		GM-ALL-dialogue-3889--1	F01BD1BA4742E8BB50BD6B5BC03EB3268C48B9919289048EC5382D92A1A88D49	그런데 바이셴위가 허둥대는 모습은커녕 화면에 나타난 건——	REVIEWED		3890
dialogue	3890		GM-ALL-dialogue-3890--1	5E8224E20FDF866F084761F8DDDDABCC5864636544A4C59B32C663AC4615F626	올드림 나뭇가지로 수면 수치를 쌓고 최면 게이지가 4분의 1쯤 찼을 때 순린 대도 고기를 먹으면서 오른손의 검골 대검을 양손으로 잡고 전기 ‘복수의 맹세’를 발동!!	REVIEWED		3891
dialogue	3891		GM-ALL-dialogue-3891--1	9ADFEC1D508ED89A6C2129C54750994B4255A0DA9FA9B54982257CB574AE2F19	그리고 빠르게 장비창을 열어 검골 대검을 신장군의 군기로 바꾼 뒤 성스러운 고기와 호화 새우찜을 먹고 광기의 돌을 바닥에 던지는 동시에 기도 ‘보력의 포효’를 발동!!	REVIEWED		3892
dialogue	3892		GM-ALL-dialogue-3892--1	0EFA7B20608CD7976ED033954B065153D3363EE763C07684D77B8D24499D3EBA	어, 어어!? 누구야 이거!? 바이셴위 맞아!? 내가 잘못 누른 거 아니지!?	REVIEWED		3893
dialogue	3893		GM-ALL-dialogue-3893--1	4881326D731BECC267C5BCE912A005C1259E923747930D341F7C7968699E7D1B	이렇게 숙련된 버프쇼라고!?	REVIEWED		3894
dialogue	3894		GM-ALL-dialogue-3894--1	69D16C28F50940CF9DF1454A2776DA83C87E7677E59D215E284B89866A08AAFE	아니 아니, 안개문 들어가면 분명 사고 나겠지. 영상이 48초인데 벌써 40초나 지났잖아!	REVIEWED		3895
dialogue	3895		GM-ALL-dialogue-3895--1	99140D81BFE470C1C3E4203034476291CC7BA59AE9EE449A916A40AB3D413B6C	바이셴위가 안개문 안으로 들어갔고, 그다음——	REVIEWED		3896
dialogue	3896		GM-ALL-dialogue-3896--1	DB79CA7F1B29912F56417C98A18C41DFD6D41B69ED3E2B6051E5E0650F370098	위대하도다 카루아!!	REVIEWED		3897
dialogue	3897		GM-ALL-dialogue-3897--1	0D3456DDEAC4F0363858D41D9BFA38051D7E20A167D30C134193413EF38A57F5	보스 체력바가 순식간에 사라졌다!!	REVIEWED		3898
dialogue	3898		GM-ALL-dialogue-3898--1	7FC6E9C32684994C46C94715CF43E352AE446BCE3FDF0D5C689C03953B9CA6AA	화면을 뒤덮은 댓글이 전부 물음표였다.	REVIEWED		3899
dialogue	3899		GM-ALL-dialogue-3899--1	A7F878B8CED1A7957C560D573E30DDBBC1696E38C370513AACBBF4BFF12E7F43	……	REVIEWED	LM	3900
dialogue	3900		GM-ALL-dialogue-3900--1	7ECC92F2E57F1D85F718161DBEAA51FE0A52A1342B7CBFF99F92C51DECC6B02D	얘…… 설마 숨겨진 소울류 고수인가……? 그런데 FPS는 엄청 못하잖아? 상식적으로 생각하면……	REVIEWED		3901
dialogue	3901		GM-ALL-dialogue-3901--1	235983B432CE381FF0DCC4730ADAA2341244CBFE647CFB54D7C330F54E9901AE	그 뒤 30분 동안 나는 바이셴위가 온갖 보스를 하나씩 쓰러뜨리는 영상을 봤다.	REVIEWED		3902
dialogue	3902		GM-ALL-dialogue-3902--1	8F4A482C68F15080BD349CBC334A5C67D08E0DA311CA16AACDF7C08830FCB4C5	처음 영상처럼 입장 전에 버프를 잔뜩 두르는 방식도 있었지만, 대부분은 아주 정석적인 구르기와 짤딜이었다.	REVIEWED		3903
dialogue	3903		GM-ALL-dialogue-3903--1	F1484164E109EE00FF1362A946E325D02A71B06167A523EA5FA3AC30157EB44B	시간은 오래 걸리고 화려한 기술도 없는데 이상하게 보고 있으면 기분이 좋았다. 성능이 말도 안 되는 보스를 상대로도 주인공의 빈약한 성능만으로 정석 플레이를 고집해 클리어했다.	REVIEWED		3904
dialogue	3904		GM-ALL-dialogue-3904--1	EE1D65991194785301F2E8FBC58BB706C429AEEFA27973A8766F307E6194A387	한 대, 한 대, 구르기, 한 대, 구르기, 한 대…… 서두르지도 않고 로봇처럼 정확한 조작.	REVIEWED		3905
dialogue	3905		GM-ALL-dialogue-3905--1	5AC133A500A2119ADADA37622CB789F9EDB689EE02F1877C49DCFFC2076CA26C	그런 플레이를 계속 보고 있으니 오히려 졸음이 스르르 몰려왔고——	REVIEWED		3906
dialogue	3906		GM-ALL-dialogue-3906--1	E3B0C44298FC1C149AFBF4C8996FB92427AE41E4649B934CA495991B7852B855		EMPTY_CONTROL		3908
dialogue	3908		GM-ALL-dialogue-3908--1	00CB49E3E4A762AF380A6A8ADF10CC2B60425097181E9562E370CC39D80D2791	그리고 오늘 오후——	REVIEWED		3909
dialogue	3909		GM-ALL-dialogue-3909--1	9D7361C28BC37BFFCB85A2B00AEDE5058CC51FA0B1953110E5F143EA1792229C	……그런 종류의 게임은, 템포가 느려서 플레이하면 편안한 느낌이 들어요.	REVIEWED	BXY	3910
dialogue	3910		GM-ALL-dialogue-3910--1	1F5FD528A383488E28196542D196B25986B2059EDF75301F91E007B3285BFD7B	템포가 느리다고!?	REVIEWED	LM	3911
dialogue	3911		GM-ALL-dialogue-3911--1	E9FFFBB674B824D679231B1C8ABDE9CC44E3BD7B0D6C89CD12671535EA629042	몇 대만 베여도 끝이라고!? 보스 공격 빈도도 낮은 편이 아니잖아?	REVIEWED		3912
dialogue	3912		GM-ALL-dialogue-3912--1	FCC151FC29E7A30F13AD1B57EDF45CF8D1DE526F618FD622FBCEFFA595A6C2E3	마음을 가라앉히고, 천천히 생각할 수 있는…… 그런 느낌이랄까요?	REVIEWED	BXY	3913
dialogue	3913		GM-ALL-dialogue-3913--1	63DF2338D717593C34CABD295E48FE0179E0F58145378D3D6718DDEC23FE1B07	대전 게임과 달리 보스 패턴은 정해져 있으니까, 공략법을 찾을 수 있어요.	REVIEWED	BXY	3914
dialogue	3914		GM-ALL-dialogue-3914--1	B3A59A39A16ABD22A71770B373ED30119EE943BC2E0D503C08F60B1CA77FF048	재촉하는 사람도 없고…… 그래서, 어떻게든 할 수 있어요.	REVIEWED	BXY	3915
dialogue	3915		GM-ALL-dialogue-3915--1	A7F878B8CED1A7957C560D573E30DDBBC1696E38C370513AACBBF4BFF12E7F43	……	REVIEWED	LM	3916
dialogue	3916		GM-ALL-dialogue-3916--1	BFE1ABBFEFFD66F52F8526698DA10BB2F91EBF447B91F4908D0A5C4BE6C85D92	소울류가 원래 이런 게임이었나? 나는 맨날 허둥지둥 깨는데…… 확실히 힐링 게임이라고 하는 사람도 있긴 했지.	REVIEWED		3917
dialogue	3917		GM-ALL-dialogue-3917--1	E26D9CB33363BDDB7A6D48C2DDA5EC4951187F158FD470AD7D523A41EE7F68DE	갑작스러운 상황에 약해서 FPS는 정말 못하지만, 정해진 공략법이 있는 전투라면 자기 페이스 안에서 아주 잘 해낸다.	REVIEWED		3918
dialogue	3918		GM-ALL-dialogue-3918--1	2DD4BC9763E8C21D1E80A920B97A491F1C2C88972C0699787957A8F0AEF789F5	뭐랄까…… 정말 얘다운 방식이네.	REVIEWED		3919
dialogue	3919		GM-ALL-dialogue-3919--1	6C2C061A3FAEDB49E962D1AC72DAA1C69E0F5E58EFA6BC0B2CEC487B50D5F14E	선배, 블랙 스피릿 3…… 해보셨어요?	REVIEWED	BXY	3920
dialogue	3920		GM-ALL-dialogue-3920--1	4007B1882DF5C16F37979E77C2330380670D78DDDA318CDC029D9231043D8535	영상으로만 봤어. 솔직히 엘든 영감도 본편 깨는 데만 100시간 걸렸거든.	REVIEWED	LM	3921
dialogue	3921		GM-ALL-dialogue-3921--1	BA088CDC94A751581957A95CB03CDB7B412783F41D4F0DDA086A8B73D971380E	……여기서 해보실래요? 제대로 알아보고 싶다면, 그 게임이 제일 적당해요.	REVIEWED	BXY	3922
dialogue	3922		GM-ALL-dialogue-3922--1	E4FFFBF6AF96F707893297E0FAD70090F14A9E9F3C5C9F721020C8F7CF5EA0AF	좋아, 오늘은 이걸 해보자.	REVIEWED	LM	3923
dialogue	3923		GM-ALL-dialogue-3923--1	E3B0C44298FC1C149AFBF4C8996FB92427AE41E4649B934CA495991B7852B855		EMPTY_CONTROL		3925
dialogue	3925		GM-ALL-dialogue-3925--1	1F34E45CC429FBD341BB8B3E6D8DB2874906A580888D103E99ADBB009FD43362	앞에 있는 게 전설의 다군 선생님이지?	REVIEWED	LM	3926
dialogue	3926		GM-ALL-dialogue-3926--1	8F59CED46DC92EA6C37474117D318DD934F3A63AFEA69F4513B3A25C44DBEB86	직접 해보지 않았어도 이름은 익히 들어봤다.	REVIEWED		3927
dialogue	3927		GM-ALL-dialogue-3927--1	C07BB4EA713E4A843290519F09F3D863D827323256F84661B8A0FF0158C27359	에이~ 나 엘든 영감 100시간이나 했다고? 이런 초반 몹 정도야 가볍게 잡겠지.	REVIEWED		3928
dialogue	3928		GM-ALL-dialogue-3928--1	0A7E6893691232BF6797987DA94542B02BE09FC70C7F8990DF9567AA89F22334	하지만 고작 2분 뒤……	REVIEWED		3929
dialogue	3929		GM-ALL-dialogue-3929--1	3D8160A5D5173C64BF6663ECDF0ABBDB4366485A3DFAE0391CF8DC62DFD961AC	왜……	REVIEWED	LM	3930
dialogue	3930		GM-ALL-dialogue-3930--1	C02850DFFC3E84C213932EAFA997EE56AEADB7CE782CC120E07F91AF86BD01E4	왜 한 대 맞을 때마다 이렇게 아픈데?!	REVIEWED	LM	3931
dialogue	3931		GM-ALL-dialogue-3931--1	C5B3EEEA9DEDC8FE7217DBDB31C352EA7016639ADAD0CA6721843E486625F3D7	선배가 빈털터리를 골랐으니까요……	REVIEWED	BXY	3932
dialogue	3932		GM-ALL-dialogue-3932--1	30D9B2EBCA9CB0EE82680EB825A349242A9C4DEB8220D542FA98995293B95402	고수들은 다 이걸로 시작하던데……	REVIEWED	LM	3933
dialogue	3933		GM-ALL-dialogue-3933--1	2E59B563DF7AF4DDB53606F9C3C2CAA69BD8C8AF064640111B6B6C2026F1BF12	나도 모르게 패드를 꽉 움켜쥐었다.	REVIEWED		3934
dialogue	3934		GM-ALL-dialogue-3934--1	FDBF0655CFF31054B305B717EE6256D6B89F31EEF37D92410CF255B4E4AC7D0D	아직 한 번밖에 안 했잖아. 다음엔 무조건 된다!	REVIEWED	LM	3935
dialogue	3935		GM-ALL-dialogue-3935--1	7BE62228866055A3A45E783C8C7AFBF555B39688FE50C6606B1DB0BF952B8CDE	――10분 후.	REVIEWED		3936
dialogue	3936		GM-ALL-dialogue-3936--1	561F2F7C584AF43F02028A7E7CC262BEB26DE7F17E8A2490020EEAE950809BD5	왜…… 왜 나는 못 잡는 거지……	REVIEWED	LM	3937
dialogue	3937		GM-ALL-dialogue-3937--1	8DC8C8EE50BFA00D5E96774B9F1B7FEC33CA9CDB718F7F5D873F2FB610943BEC	처음엔 세 번만 해보겠다고 했는데, 결국 열 번이나 죽고도 다군을 쓰러뜨리지 못했다.	REVIEWED		3938
dialogue	3938		GM-ALL-dialogue-3938--1	F633E5B3F50B2B81261947A0289C545958A7923AB9A0503479168E20EB9E46E6	선배, 괜찮아요. 저도 그때 여러 번 다시 했어요.	REVIEWED	BXY	3939
dialogue	3939		GM-ALL-dialogue-3939--1	DFD7B78A4367EA25152C8AC756AF650665450105D49AE18E12887A36D5B37C98	몇 번?	REVIEWED	LM	3940
dialogue	3940		GM-ALL-dialogue-3940--1	857C9E83EE4935CF60563DE98E9CBF690C7DF26DF979D7DF5E1D8AEEF46C5F95	……두 번이요.	REVIEWED	BXY	3941
dialogue	3941		GM-ALL-dialogue-3941--1	70B2A83D3D5027C125C2CBD6F24F864DD800BB90B2DE843117B182C6E35D6940	크헉!	REVIEWED	LM	3942
dialogue	3942		GM-ALL-dialogue-3942--1	A0369318874C3E34B09439D587D6E2D50D2419EA822D953F58A2E71005433EC8	나, 나 고백할게. 엘든 영감 시작할 때 법사 골라서 소행성 지팡이부터 먹고, 온갖 지형킬 배우면서 선생님들은 죄다 수업 째고 왔어……!	REVIEWED	LM	3943
dialogue	3943		GM-ALL-dialogue-3943--1	D0DF5A8554AC7C810DD4B63680FE43B86AD467920F0BA1A4DDB9970923223C91	서, 선배. 사람마다 맞는 방법이 있는 거니까, 신경 쓰지 마세요……	REVIEWED	BXY	3944
dialogue	3944		GM-ALL-dialogue-3944--1	AD37DC489A6607A5DCFA61990B09DAFAE3D15047DF19AAB4A1C2FB622342021D	다군 선생님이 엘든 영감에 나왔으면, 선배도 분명 잡았을 거예요. 그렇죠……?	REVIEWED	BXY	3945
dialogue	3945		GM-ALL-dialogue-3945--1	A977CA8E3137E67A7A6918A06D3D86D57FBF577994F726C5155115E0A2B3071A	응……	REVIEWED	LM	3946
dialogue	3946		GM-ALL-dialogue-3946--1	9AF0777C5457493D2CA7CB688DE15D0A4CFE3DF9326998FC90560728D62E4745	……바이셴위에게 위로받았다.	REVIEWED		3947
dialogue	3947		GM-ALL-dialogue-3947--1	C1717FC2304FE1007B26523413DC871CA1FA3A95BD5AB2E9173E93E3ABFB4411	어쩔 수 없이 패드를 바이셴위에게 돌려줬다.	REVIEWED		3948
dialogue	3948		GM-ALL-dialogue-3948--1	B8A09F28A7B0A9CD195D0AC0CDE242E037312074785001E6A331608DD5B29355	바이셴위 선생님, 부탁드립니다.	REVIEWED	LM	3949
dialogue	3949		GM-ALL-dialogue-3949--1	F76C9E51021129788D71F33562E5E1ACFED7D7420FE9C50DDF4A95810747CCE9	……이상한 호칭이에요.	REVIEWED	BXY	3950
dialogue	3950		GM-ALL-dialogue-3950--1	884A4FC21BE80FD3C3F3405261D56A87AFEBEB934573AFD2E666BC71A7BE2C86	이 게임 PVP도 된다던데, PVP 시스템은 아직 못 봤어.	REVIEWED	LM	3951
dialogue	3951		GM-ALL-dialogue-3951--1	762A092910BFBEB0F3ED0018AC86CCA2E63AB74CFD0B162DBFD85C8F008F26B1	그, 그럼 제가 한번 해볼까요?	REVIEWED	BXY	3952
dialogue	3952		GM-ALL-dialogue-3952--1	FE9E3B1212C9245E28A33FDA72E4AF0F5F0F230F85D9B801534BE19E21820033	부탁드립니다, 바이셴위 선생님!	REVIEWED	LM	3953
dialogue	3953		GM-ALL-dialogue-3953--1	CDB1B4FD8884ED3B6E90CD1E38B2B64771015A22D358AC654FBA146DEACC25A5	바이셴위는 자기 세이브를 불러와, 이른바 설리번의 뒷마당이라 불리는 곳으로 향했다.	REVIEWED		3954
dialogue	3954		GM-ALL-dialogue-3954--1	9962F6E1751D40FDDB2D9822025F1264DFFA355258015D08608F736E6F3A2382	얼마 지나지 않아 멀리 있는 건물 앞에 갑자기 몇 개의 인영이 나타났다.	REVIEWED		3955
dialogue	3955		GM-ALL-dialogue-3955--1	009F53DDCF5BCEAE810019F60F51B248A67556A4FA27A386EFE035886DA7D96E	이렇게 오래된 게임에서 아직 멀티하는 사람들은 다 고인물 아니야? 이길 수 있겠어?	REVIEWED	LM	3956
dialogue	3956		GM-ALL-dialogue-3956--1	2F2A6D768E991B86142485A0C4C21457BE60FED3E3A99529D14A709B1432FD0E	저…… 노력해볼게요.	REVIEWED	BXY	3957
dialogue	3957		GM-ALL-dialogue-3957--1	AC23AF19A523EE77465244368C47FF18AC5546F89EBAD118C060BBFB47F21EAE	상대가 점점 가까워졌다. 무기를 자세히 보니, 별 볼 일 없어 보이는 작은 낫 하나뿐이었다.	REVIEWED		3958
dialogue	3958		GM-ALL-dialogue-3958--1	F0E1272612A9D97C4C002093B585D79B787EBBE210FBE8FA7F5088CC9E7E1CF5	그는 더 다가오지 않고 작은 낫을 빼더니, 왼손에 평범해 보이는 활을 들었다.	REVIEWED		3959
dialogue	3959		GM-ALL-dialogue-3959--1	4A25249608CA270B35C60AFC335395B001C2BB10E1AB0079197A314F6ADA9837	그 순간 바이셴위의 표정이 확 굳었다.	REVIEWED		3960
dialogue	3960		GM-ALL-dialogue-3960--1	BD63D19476A1EB31D14CB9C002D43F5C2C5379932594964BF28F50A40698A45E	기사도 정신은 전혀 없는 건가요…… 그렇다면, 번거로운 예의 따윈 생략……!	REVIEWED	BXY	3961
dialogue	3961		GM-ALL-dialogue-3961--1	501532A6D23FCC25DCCAF28363132471F118439CE1BD6185361C9EE4F13DDCD2	고리의 기사의 직검은…… 지지 않아요……	REVIEWED	BXY	3962
dialogue	3962		GM-ALL-dialogue-3962--1	A7F878B8CED1A7957C560D573E30DDBBC1696E38C370513AACBBF4BFF12E7F43	……	REVIEWED	LM	3963
dialogue	3963		GM-ALL-dialogue-3963--1	0D113B9A064A337FECFD570F9AAD04A3EB4A0474860D9E2982E5936B6B2C8173	무슨 말인지는 모르겠지만 엄청 무서운 거라는 느낌은 든다!	REVIEWED		3964
dialogue	3964		GM-ALL-dialogue-3964--1	B7F55825A28DE07758473F29E9212C0E750A2F3EB839A23611514798F9A6E2ED	바이셴위와 PVP 중인 적은 움직임이 이상할 정도로 빨랐다. 바이셴위의 장검이 불을 뿜으며 연속 공격을 해도 털끝 하나 건드리지 못했다.	REVIEWED		3965
dialogue	3965		GM-ALL-dialogue-3965--1	92415E5AC5D8A89ADEE312C8D5E077CF6615DBDA1CF517A231D416E42A121515	점점 바이셴위가 밀리기 시작했다.	REVIEWED		3966
dialogue	3966		GM-ALL-dialogue-3966--1	0A0C5F075DFCB5E6E7E82F4CA82A722CB558DC722D5B39A5C73A27B047BEFAA4	어째서인지 그녀의 입꼬리가 묘하게 씰룩였다.	REVIEWED		3967
dialogue	3967		GM-ALL-dialogue-3967--1	0321F340A31E8F3A0A1453A29F2392507CDD06B8DA297916BA49188BCB157D7F	반드시 살아남아야 해……	REVIEWED	BXY	3968
dialogue	3968		GM-ALL-dialogue-3968--1	93A42FC4901C436A28B01681FB3FF3E3E8E45FA40B94313771A2BEAAD15BC167	그녀는 인벤토리를 열더니 내가 눈으로 따라갈 수 없을 만큼 빠른 손놀림으로 반지 하나를 갈아 끼우기 시작했다.	REVIEWED		3969
dialogue	3969		GM-ALL-dialogue-3969--1	F20CD10C42C12ABA8206A4D800F0ED919A76BC2E5A447C25739F399DFE67D22E	하지만 이미 너무 긴장한 탓에 조작이 꼬였고, 손가락이 눈에 보일 정도로 떨렸다.	REVIEWED		3970
dialogue	3970		GM-ALL-dialogue-3970--1	8E34ABED1DDB126FDE54BFEDAF035B92AAC16D1E143243CC656102C6DED090C6	아……!	REVIEWED	BXY	3971
dialogue	3971		GM-ALL-dialogue-3971--1	A9A7A9B063B71B380E32DB12334C170AD2B09034509841068275C7E42289D3D8	결국 늦고 말아, 적의 낫에 쓰러졌다.	REVIEWED		3972
dialogue	3972		GM-ALL-dialogue-3972--1	A7F878B8CED1A7957C560D573E30DDBBC1696E38C370513AACBBF4BFF12E7F43	……	REVIEWED	BXY	3973
dialogue	3973		GM-ALL-dialogue-3973--1	D598AF04BC09749433B32C72CE2C2EC558074851C11A0E3FC506E998D557E26E	그녀는 풀이 죽은 채 패드를 내려놓았다.	REVIEWED		3974
dialogue	3974		GM-ALL-dialogue-3974--1	39D8511B839A9942B14F4E2E4B5393589EEAD72B56F28E87F8462601C1338A02	조금만 더 하면 됐는데, 아깝다.	REVIEWED	LM	3975
dialogue	3975		GM-ALL-dialogue-3975--1	F9019AC7AA00780CA17C7ED0B9CD6436585B8E02D34BB0618C0ED7838618E9D9	그래서, 역시 싱글 플레이가 더 좋은 것 같아요.	REVIEWED	BXY	3976
dialogue	3976		GM-ALL-dialogue-3976--1	D7D08F6A697AB4915E56B7CE69F636C6CB161579C4087DAA11702BE06EFC452B	그러고 보니, 선배 어젯밤 제 영상 계속 보고 계셨어요?	REVIEWED	BXY	3977
dialogue	3977		GM-ALL-dialogue-3977--1	51692165B8DC7401C91D93CE5DB2B36F8E3C995A2246B1A1EE3C96ED6C547C66	어젯밤 잠이 안 와서…… 네가 올린 엘든 영감 플레이 영상은 전부 봤어.	REVIEWED	LM	3978
dialogue	3978		GM-ALL-dialogue-3978--1	BA1CECB358381300303CE8275C0DDB23F7B50FE5A68F01E60EEECEFF4D9AF053	어? 전부 다요?	REVIEWED	BXY	3979
dialogue	3979		GM-ALL-dialogue-3979--1	28CC1EBBED20F02933250EFD99B5369F24ADCBE73590E585E9ACC4F2801D8A2C	왜인지는 모르겠는데 보다 보니까 졸리더라.	REVIEWED	LM	3980
dialogue	3980		GM-ALL-dialogue-3980--1	65CF55013F0DDEA7A2A4E351307B26D81A969892295D32DFE9AA43B2545308D6	……그렇군요.	REVIEWED	BXY	3981
dialogue	3981		GM-ALL-dialogue-3981--1	7FCB7F66E7178AA84AC968C433ABE4F3DA607E3020F7059F4FE0516970BDFF7C	그녀의 옆얼굴이 살짝 붉어지더니, 작게 웃었다.	REVIEWED		3982
dialogue	3982		GM-ALL-dialogue-3982--1	B17148E907DE4F6E17D2C1140EB05713E71DAEF7826449FB9E0ABA474F4F3D9F	음……? 왜 갑자기 기분이 좋아진 것 같지?	REVIEWED		3983
dialogue	3983		GM-ALL-dialogue-3983--1	A7F878B8CED1A7957C560D573E30DDBBC1696E38C370513AACBBF4BFF12E7F43	……	REVIEWED		3984
dialogue	3984		GM-ALL-dialogue-3984--1	B4935894C8CE16BDE67BBFFC672428B1533C4F1E1E8B1CE21A2933183DB6BFA5	…	REVIEWED		3985
dialogue	3985		GM-ALL-dialogue-3985--1	E86645F2E7AB153391DE46E4D6A2E516C1EB5DC40E1732AE1E8C86C0BB8053BF	오늘 밤엔 누구랑 이야기할까?	REVIEWED		3986
dialogue	3986		GM-ALL-dialogue-3986--1	E3B0C44298FC1C149AFBF4C8996FB92427AE41E4649B934CA495991B7852B855		EMPTY_CONTROL		-1
option	3986	0	GM-ALL-option-3986-0	7D449D06B30552F1EAF8994385C9144F7E2E0D727A24A9CACC3C9CFC85D6CFA5	모추링	REVIEWED		-1
option	3986	1	GM-ALL-option-3986-1	80414C04398824F696384F2481015988AA9D71050FE2BF2DD0E3872ACF99C589	샤오예	REVIEWED		-1
option	3986	2	GM-ALL-option-3986-2	B2F2D8A0B149401D7F2A051570AAD784395CFD9E03468AE87AB4862B7F6A87BC	바이셴위	REVIEWED		-1
option	3986	3	GM-ALL-option-3986-3	7D023BD446844F67CDE7D6D7FDE8EDBDF6875206195E5F35E3D256D1ADEE2969	한샤오청	REVIEWED		-1
dialogue	3987		GM-ALL-dialogue-3987--1	F52927BAC7B679FFE590EC79C9777A5B6D7BD77FE2C681700A348DE8A960ECEA	오, 바이셴위한테 메시지가 왔다.	REVIEWED		3988
dialogue	3988		GM-ALL-dialogue-3988--1	611E375036978B4838DCB4C1F41C4530397BA80E6E84EED6D567A7F00AFAF325	요즘 가끔 먼저 말을 걸어오네…… 오늘은 또 뭘 보낸 거지?	REVIEWED		3989
dialogue	3989		GM-ALL-dialogue-3989--1	E3B0C44298FC1C149AFBF4C8996FB92427AE41E4649B934CA495991B7852B855		EMPTY_CONTROL		3990
dialogue	3990		GM-ALL-dialogue-3990--1	A7F878B8CED1A7957C560D573E30DDBBC1696E38C370513AACBBF4BFF12E7F43	……	REVIEWED	LM	3991
dialogue	3991		GM-ALL-dialogue-3991--1	F7179FB56EB8008518C7363EE995F8D94036761C36D3AE6DD4730F4BF013A48F	뭐야 이게!?	REVIEWED		3992
dialogue	3992		GM-ALL-dialogue-3992--1	E3B0C44298FC1C149AFBF4C8996FB92427AE41E4649B934CA495991B7852B855		EMPTY_CONTROL		3993
dialogue	3993		GM-ALL-dialogue-3993--1	A7F878B8CED1A7957C560D573E30DDBBC1696E38C370513AACBBF4BFF12E7F43	……	REVIEWED		3994
dialogue	3994		GM-ALL-dialogue-3994--1	0FEB8EAA7788F04D7F029F40A60BE97633236294EDAC3E1DC551FA6BA73E1954	설마 그 밈인가……?! 한번 답해보자.	REVIEWED		3995
dialogue	3995		GM-ALL-dialogue-3995--1	E3B0C44298FC1C149AFBF4C8996FB92427AE41E4649B934CA495991B7852B855		EMPTY_CONTROL		3996
dialogue	3996		GM-ALL-dialogue-3996--1	E3B0C44298FC1C149AFBF4C8996FB92427AE41E4649B934CA495991B7852B855		EMPTY_CONTROL		3997
dialogue	3997		GM-ALL-dialogue-3997--1	A7F878B8CED1A7957C560D573E30DDBBC1696E38C370513AACBBF4BFF12E7F43	……	REVIEWED		3998
dialogue	3998		GM-ALL-dialogue-3998--1	5C5867E506A560B1891518FBC50CCF6018D1C3C0800434085D8CC0E9A28D7CA6	얘 지금 뭐 하는 거야……?!	REVIEWED		3999
dialogue	3999		GM-ALL-dialogue-3999--1	E195880FF1A26C94353CC547F9810D499A5A840A4D76719E1507DD10131465D0	그래도 좀 재밌는데…… 계속 받아쳐 보면 어떤 반응을 할까.	REVIEWED		4000
dialogue	4000		GM-ALL-dialogue-4000--1	E3B0C44298FC1C149AFBF4C8996FB92427AE41E4649B934CA495991B7852B855		EMPTY_CONTROL		4001
dialogue	4001		GM-ALL-dialogue-4001--1	E3B0C44298FC1C149AFBF4C8996FB92427AE41E4649B934CA495991B7852B855		EMPTY_CONTROL		4002
dialogue	4002		GM-ALL-dialogue-4002--1	E3B0C44298FC1C149AFBF4C8996FB92427AE41E4649B934CA495991B7852B855		EMPTY_CONTROL		4003
dialogue	4003		GM-ALL-dialogue-4003--1	A7F878B8CED1A7957C560D573E30DDBBC1696E38C370513AACBBF4BFF12E7F43	……	REVIEWED		4004
dialogue	4004		GM-ALL-dialogue-4004--1	8BF6FA8DC03F2D3554AC5D7889D140D102C1A786E68977E9FB1A2239F011665D	휴대폰으로 채팅만 하면 조금 더 밝아지는 것 같다. 지금 어떤 표정일지 상상도 안 되네……!	REVIEWED		4005
dialogue	4005		GM-ALL-dialogue-4005--1	587B8F0FD210DDEECA6EABA70E30854E02F4258E64FECC081E2D0749181400E9	혹시 웃고 있나?	REVIEWED		4006
dialogue	4006		GM-ALL-dialogue-4006--1	E3B0C44298FC1C149AFBF4C8996FB92427AE41E4649B934CA495991B7852B855		EMPTY_CONTROL		4007
dialogue	4007		GM-ALL-dialogue-4007--1	E3B0C44298FC1C149AFBF4C8996FB92427AE41E4649B934CA495991B7852B855		EMPTY_CONTROL		4008
dialogue	4008		GM-ALL-dialogue-4008--1	E3B0C44298FC1C149AFBF4C8996FB92427AE41E4649B934CA495991B7852B855		EMPTY_CONTROL		4009
dialogue	4009		GM-ALL-dialogue-4009--1	E3B0C44298FC1C149AFBF4C8996FB92427AE41E4649B934CA495991B7852B855		EMPTY_CONTROL		4010
dialogue	4010		GM-ALL-dialogue-4010--1	E3B0C44298FC1C149AFBF4C8996FB92427AE41E4649B934CA495991B7852B855		EMPTY_CONTROL		4011
dialogue	4011		GM-ALL-dialogue-4011--1	E3B0C44298FC1C149AFBF4C8996FB92427AE41E4649B934CA495991B7852B855		EMPTY_CONTROL		4012
dialogue	4012		GM-ALL-dialogue-4012--1	E3B0C44298FC1C149AFBF4C8996FB92427AE41E4649B934CA495991B7852B855		EMPTY_CONTROL		4013
dialogue	4013		GM-ALL-dialogue-4013--1	A7F878B8CED1A7957C560D573E30DDBBC1696E38C370513AACBBF4BFF12E7F43	……	REVIEWED	LM	4014
dialogue	4014		GM-ALL-dialogue-4014--1	76DB22B826C5A1283CE2717D14AC47C4F80F928BFC515546EFE7D172F69E07C7	이모티콘이라도 하트를 보내면 어떡해…… 심장이 멋대로 빨라지잖아……!	REVIEWED		4015
dialogue	4015		GM-ALL-dialogue-4015--1	E3B0C44298FC1C149AFBF4C8996FB92427AE41E4649B934CA495991B7852B855		EMPTY_CONTROL		4016
dialogue	4016		GM-ALL-dialogue-4016--1	E3B0C44298FC1C149AFBF4C8996FB92427AE41E4649B934CA495991B7852B855		EMPTY_CONTROL		4017
dialogue	4017		GM-ALL-dialogue-4017--1	E3B0C44298FC1C149AFBF4C8996FB92427AE41E4649B934CA495991B7852B855		EMPTY_CONTROL		4018
dialogue	4018		GM-ALL-dialogue-4018--1	E3B0C44298FC1C149AFBF4C8996FB92427AE41E4649B934CA495991B7852B855		EMPTY_CONTROL		4019
dialogue	4019		GM-ALL-dialogue-4019--1	E3B0C44298FC1C149AFBF4C8996FB92427AE41E4649B934CA495991B7852B855		EMPTY_CONTROL		4020
dialogue	4020		GM-ALL-dialogue-4020--1	E3B0C44298FC1C149AFBF4C8996FB92427AE41E4649B934CA495991B7852B855		EMPTY_CONTROL		4021
dialogue	4021		GM-ALL-dialogue-4021--1	E3B0C44298FC1C149AFBF4C8996FB92427AE41E4649B934CA495991B7852B855		EMPTY_CONTROL		4022
dialogue	4022		GM-ALL-dialogue-4022--1	E3B0C44298FC1C149AFBF4C8996FB92427AE41E4649B934CA495991B7852B855		EMPTY_CONTROL		4023
dialogue	4023		GM-ALL-dialogue-4023--1	E3B0C44298FC1C149AFBF4C8996FB92427AE41E4649B934CA495991B7852B855		EMPTY_CONTROL		4024
dialogue	4024		GM-ALL-dialogue-4024--1	CBB5C1027317F87BEAA7A91B4AFA80B004DA9EDDE59CCE8B6DFEB1CADA39A878	그래도 좋아하는구나…… 나는 아마 못 할 것 같은데……	REVIEWED		4025
dialogue	4025		GM-ALL-dialogue-4025--1	0D70599EED5A6679BED5B54267CA69292AE8ABC70BBE369816A075572FC82722	나중에 같이 해도, 내가 못 이길 수도 있겠는데……?	REVIEWED		4026
dialogue	4026		GM-ALL-dialogue-4026--1	E3B0C44298FC1C149AFBF4C8996FB92427AE41E4649B934CA495991B7852B855		EMPTY_CONTROL		4027
dialogue	4027		GM-ALL-dialogue-4027--1	E3B0C44298FC1C149AFBF4C8996FB92427AE41E4649B934CA495991B7852B855		EMPTY_CONTROL		4028
dialogue	4028		GM-ALL-dialogue-4028--1	E3B0C44298FC1C149AFBF4C8996FB92427AE41E4649B934CA495991B7852B855		EMPTY_CONTROL		4029
dialogue	4029		GM-ALL-dialogue-4029--1	E3B0C44298FC1C149AFBF4C8996FB92427AE41E4649B934CA495991B7852B855		EMPTY_CONTROL		4030
dialogue	4030		GM-ALL-dialogue-4030--1	E3B0C44298FC1C149AFBF4C8996FB92427AE41E4649B934CA495991B7852B855		EMPTY_CONTROL		4031
dialogue	4031		GM-ALL-dialogue-4031--1	E3B0C44298FC1C149AFBF4C8996FB92427AE41E4649B934CA495991B7852B855		EMPTY_CONTROL		4032
dialogue	4032		GM-ALL-dialogue-4032--1	AC0FB74A200824AA6A24DD8941322AF05BF0BD78D620E163555621B947A791BF	잘 자――	REVIEWED		4033
dialogue	4033		GM-ALL-dialogue-4033--1	895361FFBF88D5A8C40D47F8DD3D03DF2042CA9360D08738BCBB4FAA39495404	……	REVIEWED		4034
dialogue	4034		GM-ALL-dialogue-4034--1	B4935894C8CE16BDE67BBFFC672428B1533C4F1E1E8B1CE21A2933183DB6BFA5	…	REVIEWED		3538
dialogue	4035		GM-ALL-dialogue-4035--1	E3B0C44298FC1C149AFBF4C8996FB92427AE41E4649B934CA495991B7852B855		EMPTY_CONTROL		4036
dialogue	4036		GM-ALL-dialogue-4036--1	65EF843F365B4E6F3BB642EBC1B135F552E11CB8E6A4E2F6290A5700111E275F	모추링한테 메시지가 왔다……	REVIEWED		4037
dialogue	4037		GM-ALL-dialogue-4037--1	A7F878B8CED1A7957C560D573E30DDBBC1696E38C370513AACBBF4BFF12E7F43	……	REVIEWED	LM	4038
dialogue	4038		GM-ALL-dialogue-4038--1	C1DF5C7A22981D3D9E9026A1B718CBEC127E547A07FA259D5774D5701029299D	왠지 또 밖에서는 열어보면 안 될 것 같은 게 왔는데, 지금은 집이니까 괜찮겠지……	REVIEWED		4039
dialogue	4039		GM-ALL-dialogue-4039--1	E3B0C44298FC1C149AFBF4C8996FB92427AE41E4649B934CA495991B7852B855		EMPTY_CONTROL		4040
dialogue	4040		GM-ALL-dialogue-4040--1	E3B0C44298FC1C149AFBF4C8996FB92427AE41E4649B934CA495991B7852B855		EMPTY_CONTROL		4041
dialogue	4041		GM-ALL-dialogue-4041--1	E3B0C44298FC1C149AFBF4C8996FB92427AE41E4649B934CA495991B7852B855		EMPTY_CONTROL		4042
dialogue	4042		GM-ALL-dialogue-4042--1	E3B0C44298FC1C149AFBF4C8996FB92427AE41E4649B934CA495991B7852B855		EMPTY_CONTROL		4043
dialogue	4043		GM-ALL-dialogue-4043--1	B4CDC7F181500D57F176AA4668FBED25DFBCAB8D2D7FCBBCAB258741ED135A41	나도 모르게 모추링이 보낸 이미지를 열었다.	REVIEWED		4044
dialogue	4044		GM-ALL-dialogue-4044--1	3EB8496133ACB1D0212787A05C5E52F79B2394E060EBC94B9C0AA3FB35087652	미친……!	REVIEWED	LM	4045
dialogue	4045		GM-ALL-dialogue-4045--1	98DE62853E6008B780E76BF1C0263B4A1C37A4F02B0BC71853B2CCF7AD441021	곧바로 이미지를 넘겨버렸다.	REVIEWED		4046
dialogue	4046		GM-ALL-dialogue-4046--1	E3B0C44298FC1C149AFBF4C8996FB92427AE41E4649B934CA495991B7852B855		EMPTY_CONTROL		4047
dialogue	4047		GM-ALL-dialogue-4047--1	E3B0C44298FC1C149AFBF4C8996FB92427AE41E4649B934CA495991B7852B855		EMPTY_CONTROL		4048
dialogue	4048		GM-ALL-dialogue-4048--1	E3B0C44298FC1C149AFBF4C8996FB92427AE41E4649B934CA495991B7852B855		EMPTY_CONTROL		4049
dialogue	4049		GM-ALL-dialogue-4049--1	E3B0C44298FC1C149AFBF4C8996FB92427AE41E4649B934CA495991B7852B855		EMPTY_CONTROL		4050
dialogue	4050		GM-ALL-dialogue-4050--1	E3B0C44298FC1C149AFBF4C8996FB92427AE41E4649B934CA495991B7852B855		EMPTY_CONTROL		4051
dialogue	4051		GM-ALL-dialogue-4051--1	E3B0C44298FC1C149AFBF4C8996FB92427AE41E4649B934CA495991B7852B855		EMPTY_CONTROL		4052
dialogue	4052		GM-ALL-dialogue-4052--1	A7F878B8CED1A7957C560D573E30DDBBC1696E38C370513AACBBF4BFF12E7F43	……	REVIEWED	LM	4053
dialogue	4053		GM-ALL-dialogue-4053--1	A6CCDCDB95AC363A4B963BF0CF9A711403309D6E7BD5C155053F1E185871EC9C	처음 그래플링 하우스에서 만났을 때부터, 계속 나랑 미연시를 같이 하거나 관련 이야기를 꺼내고 싶어 했던 것 같다.	REVIEWED		4054
dialogue	4054		GM-ALL-dialogue-4054--1	50899D6325CC1515133D518CAEF9C0DBC177AE936DF71F69427C0FA7359D1A1C	정말 이런 얘기를 나눌 사람이 필요했던 거구나……	REVIEWED		4055
dialogue	4055		GM-ALL-dialogue-4055--1	E3B0C44298FC1C149AFBF4C8996FB92427AE41E4649B934CA495991B7852B855		EMPTY_CONTROL		4056
dialogue	4056		GM-ALL-dialogue-4056--1	E3B0C44298FC1C149AFBF4C8996FB92427AE41E4649B934CA495991B7852B855		EMPTY_CONTROL		4057
dialogue	4057		GM-ALL-dialogue-4057--1	CD5C538DF3B3DC839170E27D2A70F230A053A722BF2F16583178F0B156B5B6AA	웃음을 참지 못하는 모추링의 얼굴이 눈앞에 떠오르는 것 같았다.	REVIEWED		4058
dialogue	4058		GM-ALL-dialogue-4058--1	E3B0C44298FC1C149AFBF4C8996FB92427AE41E4649B934CA495991B7852B855		EMPTY_CONTROL		4059
dialogue	4059		GM-ALL-dialogue-4059--1	E3B0C44298FC1C149AFBF4C8996FB92427AE41E4649B934CA495991B7852B855		EMPTY_CONTROL		4060
dialogue	4060		GM-ALL-dialogue-4060--1	E3B0C44298FC1C149AFBF4C8996FB92427AE41E4649B934CA495991B7852B855		EMPTY_CONTROL		4061
dialogue	4061		GM-ALL-dialogue-4061--1	E3B0C44298FC1C149AFBF4C8996FB92427AE41E4649B934CA495991B7852B855		EMPTY_CONTROL		4062
dialogue	4062		GM-ALL-dialogue-4062--1	E3B0C44298FC1C149AFBF4C8996FB92427AE41E4649B934CA495991B7852B855		EMPTY_CONTROL		4063
dialogue	4063		GM-ALL-dialogue-4063--1	A7F878B8CED1A7957C560D573E30DDBBC1696E38C370513AACBBF4BFF12E7F43	……	REVIEWED	LM	4064
dialogue	4064		GM-ALL-dialogue-4064--1	E3B0C44298FC1C149AFBF4C8996FB92427AE41E4649B934CA495991B7852B855		EMPTY_CONTROL		4065
dialogue	4065		GM-ALL-dialogue-4065--1	E3B0C44298FC1C149AFBF4C8996FB92427AE41E4649B934CA495991B7852B855		EMPTY_CONTROL		4066
dialogue	4066		GM-ALL-dialogue-4066--1	E3B0C44298FC1C149AFBF4C8996FB92427AE41E4649B934CA495991B7852B855		EMPTY_CONTROL		4067
dialogue	4067		GM-ALL-dialogue-4067--1	E3B0C44298FC1C149AFBF4C8996FB92427AE41E4649B934CA495991B7852B855		EMPTY_CONTROL		4068
dialogue	4068		GM-ALL-dialogue-4068--1	E3B0C44298FC1C149AFBF4C8996FB92427AE41E4649B934CA495991B7852B855		EMPTY_CONTROL		4069
dialogue	4069		GM-ALL-dialogue-4069--1	0D9F841D85CFE53753A840EA081F23E268133164BE64B490587270C9D2FB11B5	……이 게임, 갑자기 서비스신을 들이밀고 그러진 않겠지? 아니겠지? 그러면 같이 하기가 너무 민망한데……	REVIEWED		4070
dialogue	4070		GM-ALL-dialogue-4070--1	E3B0C44298FC1C149AFBF4C8996FB92427AE41E4649B934CA495991B7852B855		EMPTY_CONTROL		4071
dialogue	4071		GM-ALL-dialogue-4071--1	E3B0C44298FC1C149AFBF4C8996FB92427AE41E4649B934CA495991B7852B855		EMPTY_CONTROL		4072
dialogue	4072		GM-ALL-dialogue-4072--1	E3B0C44298FC1C149AFBF4C8996FB92427AE41E4649B934CA495991B7852B855		EMPTY_CONTROL		4073
dialogue	4073		GM-ALL-dialogue-4073--1	A7F878B8CED1A7957C560D573E30DDBBC1696E38C370513AACBBF4BFF12E7F43	……	REVIEWED		4074
dialogue	4074		GM-ALL-dialogue-4074--1	1A1E1519CFD3689736A8575A586BCB0F4BEB75D25D578DCDB49BE380D209EC89	그러고 보니 미연시란 건, 보통 혼자 하는 게 더 편하지 않나……?	REVIEWED		4075
dialogue	4075		GM-ALL-dialogue-4075--1	A7F878B8CED1A7957C560D573E30DDBBC1696E38C370513AACBBF4BFF12E7F43	……	REVIEWED		4076
dialogue	4076		GM-ALL-dialogue-4076--1	B4935894C8CE16BDE67BBFFC672428B1533C4F1E1E8B1CE21A2933183DB6BFA5	…	REVIEWED		3538
dialogue	4077		GM-ALL-dialogue-4077--1	E3B0C44298FC1C149AFBF4C8996FB92427AE41E4649B934CA495991B7852B855		EMPTY_CONTROL		4078
dialogue	4078		GM-ALL-dialogue-4078--1	EF2949F4F541B271CF34555CBD0D483372834E6672AFA9C9B21380BE7DD4CECC	오빠…… 지금 얘기해도 돼?	REVIEWED	MM	4079
dialogue	4079		GM-ALL-dialogue-4079--1	6E664035788318A113616067D13C87148E2ABCA2CDB56DDBDE858F85B1C39423	밤에는 할 일도 없는데, 왜?	REVIEWED	LM	4080
dialogue	4080		GM-ALL-dialogue-4080--1	1885DBED240C17B8F58760F409D6247530D132B607941B322C697E7B85AE83F1	……그, 그러니까…… 어――	REVIEWED	MM	4081
dialogue	4081		GM-ALL-dialogue-4081--1	29A1D47593CD892BC585B5DFC595732301ADEA020068630628F0F18885A3A756	저번에 만났던 여자애 둘 있잖아. 내 친구들, 기억하지?	REVIEWED	MM	4082
dialogue	4082		GM-ALL-dialogue-4082--1	F981725A037DAFB19A7B9A5D62DDA8392FC31612A9EB376497381B6C26E3B6AC	아…… 기억나. 엄청 외향적인 둘이었지. 진짜 감당 안 되더라.	REVIEWED	LM	4083
dialogue	4083		GM-ALL-dialogue-4083--1	6A8534AE489F7F47B0824E1724A6BF5C9F5A55FEDFEDDFDC3202F63F922B627D	……걔들이…… 그러니까…… 요즘 계속 오빠 얘기를 물어봐.	REVIEWED	MM	4084
dialogue	4084		GM-ALL-dialogue-4084--1	A7F878B8CED1A7957C560D573E30DDBBC1696E38C370513AACBBF4BFF12E7F43	……	REVIEWED	LM	4085
dialogue	4085		GM-ALL-dialogue-4085--1	E48F5D8BE36C373701074A7820406AC282F485D12518A68C5C4E996F81D9F90A	오빠, 여자친구 있어?	REVIEWED	MM	4086
dialogue	4086		GM-ALL-dialogue-4086--1	81B183DAC83ADA8BF2F54C4E64E440209A70D070F1E0CC0DB199D21D9883FC29	아까부터 설마 그런 얘긴가 싶긴 했는데!? 농담이지?	REVIEWED	LM	4087
dialogue	4087		GM-ALL-dialogue-4087--1	7D232F6368D43F9A7279DED84670794E6796E3ACBC2BDB2AEAD02A337EF6ABAC	이번 주말에 오빠랑 만나고 싶대……	REVIEWED	MM	4088
dialogue	4088		GM-ALL-dialogue-4088--1	068390C27F89850A72C8403582B507BDA00559E2527B5B78AD313FE5E5B8706F	농담이 아니었어!?	REVIEWED	LM	4089
dialogue	4089		GM-ALL-dialogue-4089--1	391AE07A082E0D10A8595F370A4F425BAA9DBC419287A1533EC97B4F3A416C03	아니, 맨날 집에 틀어박혀 있는 내가 걔들 어디에 꽂힌 건데? 네가 평소에 나를 이상하게 설명해서 무슨 잘못된 환상이라도 생긴 거 아니야……	REVIEWED	LM	4090
dialogue	4090		GM-ALL-dialogue-4090--1	21CA01425D0C1C728AEB00E6BBA0F6CC40AC5FD2B2D8B53BA99CD479131781A3	아마도……?	REVIEWED	MM	4091
dialogue	4091		GM-ALL-dialogue-4091--1	F06F717428F53C79985CF28414F21BD75F5D01809217511E481D678DD3E7DE80	여자친구…… 지금은 없긴 한데……	REVIEWED	LM	4092
dialogue	4092		GM-ALL-dialogue-4092--1	A7F878B8CED1A7957C560D573E30DDBBC1696E38C370513AACBBF4BFF12E7F43	……	REVIEWED	LM	4093
dialogue	4093		GM-ALL-dialogue-4093--1	FF3C4AA7ED1AE7367B823CD88AF90282DC0A831E6478AB89A5648C7A5F3A1DED	차라리 이 기회에……!	REVIEWED	LM	4094
dialogue	4094		GM-ALL-dialogue-4094--1	D3B53C45DB81AB3A3BE37E14907F9482C384410794DD6B43EA4F5001C4C3241F	안 돼 안 돼 안 돼! 절대 안 돼!!	REVIEWED	MM	4095
dialogue	4095		GM-ALL-dialogue-4095--1	EBF4C98239B5B2F7158D06B076ACC6A74C629BB3EBBB2953FBEF652C27FF2A80	농담이었어!? 왜 그렇게까지 반응해!?	REVIEWED	LM	4096
dialogue	4096		GM-ALL-dialogue-4096--1	255BFBA35F6C7E8B1C283E44CE0DDB811E0CE6AA98340D329580F7ED4448C251	나중에 내 룸메한테 인사하면서 '새언니 안녕하세요' 같은 말 해야 한다고 생각하니까 벌써 소름 돋아!	REVIEWED	MM	4097
dialogue	4097		GM-ALL-dialogue-4097--1	5808FF27BE56BBE482078487EA22C91B90BA2116C7D7F29A39251D9C8685A0C9	너무 멀리 갔잖아!?	REVIEWED	LM	4098
dialogue	4098		GM-ALL-dialogue-4098--1	0397A06DCF4B3F8266F4209ABE793B519EBDD086C56F772C7BBCD15CE27CF7E1	좀 과하긴 했지만…… 그래도 걔들한테 맡기는 건…… 불안해……!	REVIEWED	MM	4099
dialogue	4099		GM-ALL-dialogue-4099--1	830C2602D7E9A90CDF17D9E7B5D78EA931B12320A2E721022E06B0C5FC5A23A8	알았어 알았어. 지금은 진짜 연애하고 싶은 생각 별로 없어!	REVIEWED	LM	4100
dialogue	4100		GM-ALL-dialogue-4100--1	81FC677DEF3A69EF0220389279DBF0E3C70C9234272A3092A77AEF3D25B9D847	진짜……? 그래플링 하우스에 있는 여자애들한테도?	REVIEWED	MM	4101
dialogue	4101		GM-ALL-dialogue-4101--1	26435A88F71835502745D91A167317D74056C821C6EA7C07507AFF09386DF884	왜 갑자기 그쪽 얘기가 나와!?	REVIEWED	LM	4102
dialogue	4102		GM-ALL-dialogue-4102--1	2EAD5FF5F2677788B5C9BE1CE18E948730189A45E763F1BA928BA47DE7A519F0	예쁜 사람이 이렇게 많이 주변에 있는데, 오빠는 이런 상황이 좀 특별하다고 생각 안 해……?	REVIEWED	MM	4103
dialogue	4103		GM-ALL-dialogue-4103--1	504C1BF7B6F143BDFB09124B2413017EAF975DC67BAB8A9417FB5EF0BA16E4A0	그런가……? 우리는 그냥…… 애니나 만화 좋아하는 친구들일 뿐이야. 취향 같은 사람끼리 모이는 건 자연스럽잖아.	REVIEWED	LM	4104
dialogue	4104		GM-ALL-dialogue-4104--1	FC50E39C9468C6C3724724CA7AE0C239899CA6A26A09F56EE6206B552B8E6109	흐음~ 정말……? 근데 왠지 걔들은…… 됐어…… 걔들이라면, 괜찮으니까……	REVIEWED	MM	4105
dialogue	4105		GM-ALL-dialogue-4105--1	1C6F7D91CD45E383A9D1B97152D7D2A6215EBF8302EA698099B899CEE93A2B23	또 무슨 이상한 소리야.	REVIEWED	LM	4106
dialogue	4106		GM-ALL-dialogue-4106--1	798EA5C57909AD01E2EA25B6378A238DCCF45FCCED9D2008E0A0C2321CA77B22	에…… 아무것도 아니야. 그럼 주말에 만나볼 거야?	REVIEWED	MM	4107
dialogue	4107		GM-ALL-dialogue-4107--1	659611F2BE6457CA8AE0F0AEEB39B0DD2FDBE18871F17BF29C45C5C581710CA9	적당히 거절해줘…… 난 그래플링 하우스에 가고 싶어.	REVIEWED	LM	4108
dialogue	4108		GM-ALL-dialogue-4108--1	426DDBF63BC5E5172EC467F0FA0C27846CC28CD61EC611CF5A46920C3E5229F2	헤에~	REVIEWED	MM	4109
dialogue	4109		GM-ALL-dialogue-4109--1	78E4B9FF9021D502D6F943E7B06A3D42F2BE482C391CAEC93E41CC60C720F05B	야, 무슨 생각 하는 거야.	REVIEWED	LM	4110
dialogue	4110		GM-ALL-dialogue-4110--1	65A61174D2B173428F120D344D54704E9DD7B15EC905BAACC1C49085777A7EE8	그럼 내가 오빠 대신 말해둘게…… 잘 자.	REVIEWED	MM	4111
dialogue	4111		GM-ALL-dialogue-4111--1	6738BE7C67815CA5857B419A0A956BA54F04F91E96D6B435D93B4A888367E61D	잘 자.	REVIEWED	LM	4112
dialogue	4112		GM-ALL-dialogue-4112--1	A7F878B8CED1A7957C560D573E30DDBBC1696E38C370513AACBBF4BFF12E7F43	……	REVIEWED		4113
dialogue	4113		GM-ALL-dialogue-4113--1	D10225D03C4A0A80D33DE41E92A56965E29D167AE64BAAEFD1893C6109414A2C	연애……라……	REVIEWED		4114
dialogue	4114		GM-ALL-dialogue-4114--1	1D915503307702A9AF8A8D3ADDBEE58460A0FA9409E1DF3AE388A650463DF08C	갑자기 그런 말을 들어도, 영 실감이 안 난다……	REVIEWED		4115
dialogue	4115		GM-ALL-dialogue-4115--1	895361FFBF88D5A8C40D47F8DD3D03DF2042CA9360D08738BCBB4FAA39495404	……	REVIEWED		4116
dialogue	4116		GM-ALL-dialogue-4116--1	B4935894C8CE16BDE67BBFFC672428B1533C4F1E1E8B1CE21A2933183DB6BFA5	…	REVIEWED		3538
dialogue	4117		GM-ALL-dialogue-4117--1	E3B0C44298FC1C149AFBF4C8996FB92427AE41E4649B934CA495991B7852B855		EMPTY_CONTROL		4118
dialogue	4118		GM-ALL-dialogue-4118--1	A6316560A85E5D4B4FCE4DCC8A3E9BAA556FDDFBE16EAB9209976698FB3343DB	한샤오청을 알게 된 지 두 달. 가끔씩 그녀가 나한테 음성 통화를 걸어오곤 한다.	REVIEWED		4119
dialogue	4119		GM-ALL-dialogue-4119--1	5FAD51AFCAA4A62A13B81AA91C41442715392D23A5FC11EB15D67551DCAA7E0E	그 이유는――	REVIEWED		4120
dialogue	4120		GM-ALL-dialogue-4120--1	0E4CEE4297204DD046440988A75E04E6969CC2B679159381E1CA46E087EE10A6	졸려…… 하지만, 내일 마감……	REVIEWED	HXC	4121
dialogue	4121		GM-ALL-dialogue-4121--1	EE182CC7CD521A8FF53AEB5108CCF4281CAC6E82C347B116042D1F2E5FAA15F0	……나랑 얘기하면 잠이 좀 깨?	REVIEWED	LM	4122
dialogue	4122		GM-ALL-dialogue-4122--1	5C7A9F97ADB5BED9D4C6ACA666DFFD0E37FDA970EBCFC2C8C0060523A483E295	응.	REVIEWED	HXC	4123
dialogue	4123		GM-ALL-dialogue-4123--1	8D99B745F4CEF98C2D061F00F22A333537AED386744FD8DE0A76D8F1A46144D1	학교에서 늘 내 옆에 붙어 그림 그리던 습관이 집까지 이어진 건가……	REVIEWED		4124
dialogue	4124		GM-ALL-dialogue-4124--1	9B01C84BA3F8647D4A342B8D7FAE149A409696CC2662C662C40337F3F7FA658D	좀 시끄러운 음악이라도 들어보는 건 어때?	REVIEWED	LM	4125
dialogue	4125		GM-ALL-dialogue-4125--1	681833B2D4B893D7D28A5407BBF5F307F8BD068B20A12887D251D0EB9367E481	이어폰 끼면, 귀 아파…… 스피커로 틀면, 너무 크게 못 틀고.	REVIEWED	HXC	4126
dialogue	4126		GM-ALL-dialogue-4126--1	71093366317A981D88B9D9C0B191B006A60B8C8CEC326C3E6AE310A18CD7A409	아―― 크게 못 틀면 별 소용 없겠네.	REVIEWED	LM	4127
dialogue	4127		GM-ALL-dialogue-4127--1	30D4E0F0FAB619372AA70AF7880547E3AFCAE50A848BD7446873E961A3E8225A	한샤오청도 나처럼 자취 중이었던 걸로 기억한다. 아마 이웃에게 폐 끼치기 싫은 거겠지.	REVIEWED		4128
dialogue	4128		GM-ALL-dialogue-4128--1	B7EC5D8B5BFE220B81FE98EC848F727A6038C574C836F525EBE34438B3860541	좀 사악한 방법도 하나 있는데, 무서운 이야기 듣는 거야.	REVIEWED	LM	4129
dialogue	4129		GM-ALL-dialogue-4129--1	359A94B0DE547BA06BE8956509E35787D40C94FD907C60B132176C58CB21214C	……왜?	REVIEWED	HXC	4130
dialogue	4130		GM-ALL-dialogue-4130--1	F7B72A87A0812BF2B3592D76CA17F4E246C66539C31594B720313F0501DD4053	온몸에 소름 돋으면 잠도 달아나지 않겠어?	REVIEWED	LM	4131
dialogue	4131		GM-ALL-dialogue-4131--1	A25EF472ECF1169DEB525BFD80A15C4C1BE6FF8085444DD6DD05DCF0DB1208FD	전에 조별 과제 마감할 때 해봤는데 효과는 끝내줬다.	REVIEWED		4132
dialogue	4132		GM-ALL-dialogue-4132--1	6B436E291243404F0E40729010A8A068B6377D44601E06C8F4C76BB375C60AFA	응, 해볼게.	REVIEWED	HXC	4133
dialogue	4133		GM-ALL-dialogue-4133--1	16E0FAA6466069C67658EDF43F57DE2A0E23A4A92D8365FFADB01F528F2EA842	한 스트리머를 추천해 줬더니, 휴대폰 너머에서 이야기를 들려주는 목소리가 흘러나왔다.	REVIEWED		4134
dialogue	4134		GM-ALL-dialogue-4134--1	99C406BA0C6BFD7C28075C9685E6F2BBFEA847E5F4132756CEA0185876FDE2E9	그렇게 같이 30분 정도 들었다.	REVIEWED		4135
dialogue	4135		GM-ALL-dialogue-4135--1	A7F878B8CED1A7957C560D573E30DDBBC1696E38C370513AACBBF4BFF12E7F43	……	REVIEWED	HXC	4136
dialogue	4136		GM-ALL-dialogue-4136--1	EF6645FF5077DA49BEC3E27C22D73C263AE61A1B21B3089034B3DC44B88C3E7E	리밍, 나쁜 놈……	REVIEWED	HXC	4137
dialogue	4137		GM-ALL-dialogue-4137--1	88FD35A567C84161B0CFCD0676EAD2679CCC48C44AE4938BCA73A02E87E73989	미안, 나도 좀 무서워졌어……	REVIEWED	LM	4138
dialogue	4138		GM-ALL-dialogue-4138--1	381D4F26A7F16AAEAC8833854890A2FCEC1050C29E307AFC6523F7E4F20CFAE8	등골이 오싹하다…… 잠 못 자겠는데.	REVIEWED		4139
dialogue	4139		GM-ALL-dialogue-4139--1	606AD76CBAEBF123226B59AABF191CEDE16C8A137259046264BE3695410E2E3A	우…… 우우…… 확실히 잠은 깼는데……	REVIEWED	HXC	4140
dialogue	4140		GM-ALL-dialogue-4140--1	26C6BFD82681ACC5A46833255EF211A1F7094D166C00297EDA0F3843903B727D	그래도, 너무 무서워……	REVIEWED	HXC	4141
dialogue	4141		GM-ALL-dialogue-4141--1	3FAD248035754AC804B17A19338C78F7998037D491FCB6B1E401464F0C70FC60	미안……! 그럼 오늘 밤은 계속 얘기해줄게. 전화 안 끊을게.	REVIEWED	LM	4142
dialogue	4142		GM-ALL-dialogue-4142--1	A99BEAA6B0BCBBB8F719B7EA792A82CA24A63462FE405B5DE65CB5CA0F84ED67	……화장실 가고 싶은데, 거울 보기 무서워……	REVIEWED	HXC	4143
dialogue	4143		GM-ALL-dialogue-4143--1	29BB1DF42F08087EE13B6CA4EDBBB1DBD5E0369EF54E58F5E8D7F849BDF51405	나 끊는다.	REVIEWED	LM	4144
dialogue	4144		GM-ALL-dialogue-4144--1	BFD863767FB9E950B1151E8AAED6146216AC3A2D0255340F236AE329093B9324	농담이야……	REVIEWED	HXC	4145
dialogue	4145		GM-ALL-dialogue-4145--1	F6CD8FA9B47372245382B4DE5A3130ABC768CC149C69F4B19180B17B3E87DB70	결국 새벽 1시가 되어서야 통화를 마쳤다.	REVIEWED		3538
dialogue	4146		GM-ALL-dialogue-4146--1	E3B0C44298FC1C149AFBF4C8996FB92427AE41E4649B934CA495991B7852B855		EMPTY_CONTROL		4147
dialogue	4147		GM-ALL-dialogue-4147--1	A7F878B8CED1A7957C560D573E30DDBBC1696E38C370513AACBBF4BFF12E7F43	……	REVIEWED		4148
dialogue	4148		GM-ALL-dialogue-4148--1	B4935894C8CE16BDE67BBFFC672428B1533C4F1E1E8B1CE21A2933183DB6BFA5	…	REVIEWED		4149
dialogue	4149		GM-ALL-dialogue-4149--1	8ADD31ED4DD6280F307ABD6617F9B3162CD8429B655FFF6DBCF3CB7210AC47E7	이, 이게 무슨 기분이지?	REVIEWED		4150
dialogue	4150		GM-ALL-dialogue-4150--1	55D39DCF403AC43A4C11F087078FD17C6A67C682D456372160656CFB5F87A73C	내가 게임을 하고 싶어지다니……!	REVIEWED		4151
dialogue	4151		GM-ALL-dialogue-4151--1	8AAFC2F4AA7BC623AE60031D97DCBDB0A613EE0757AA10C59BB357010AC880AB	새 게임을 해보고, 다음 날 바이셴위한테 가서 같이 얘기하고 싶어……!	REVIEWED		4152
dialogue	4152		GM-ALL-dialogue-4152--1	7BE65DC5682476C19623AC8B581D2CA4F701AF356A40E6074AF81C00DA6FBE03	새로 나온 미연시도 좀 보고 싶다. 모추링이 그 작품을 꽤 좋아하는 것 같던데.	REVIEWED		4153
dialogue	4153		GM-ALL-dialogue-4153--1	A3CD57E38A96D8E34DAD14526801811C1DFB598173F6CA64131BF390B2B79253	심지어 SD 캐릭터도 한번 그려보고 싶다. 그날 한샤오청이랑 한 번 그려본 뒤로 계속 생각났거든!	REVIEWED		4154
dialogue	4154		GM-ALL-dialogue-4154--1	F1DC4CB69B1C8B1B5FE164B270CA913DAAF2D62E84F940E12D0F0B4768CD33C5	어? 시간 충분한가?	REVIEWED		4155
dialogue	4155		GM-ALL-dialogue-4155--1	90BCD0E015D7A64143269EE5002A5CC78EA5F97E9FF419A8C65338D74A9D7455	저녁에 자유 시간이 고작 네 시간밖에 안 돼!?	REVIEWED		4156
dialogue	4156		GM-ALL-dialogue-4156--1	AA58E32A41C8D1797F80C6FC91B3A97E5B2817050FC95C8182FA7254ABB1A93A	왜 이렇게 짧아? 할 게 이렇게나 많잖아!?	REVIEWED		4157
dialogue	4157		GM-ALL-dialogue-4157--1	8513FEA299A20AD41B9A277992328C578179B1A36EA107B89C37587184850F3C	예전엔 왜 집에 돌아오면 엄청 심심할 거라고 생각했던 거지!?	REVIEWED		4158
dialogue	4158		GM-ALL-dialogue-4158--1	91445B0949BF198C0DDE20D3A85A3CF4ECE6EADB41580DF2F0A44D1E3C7347CC	일단 바이셴위랑 같이 할 만한 게임부터 찾아볼까……	REVIEWED		4159
dialogue	4159		GM-ALL-dialogue-4159--1	0C5CC4A7E6C063C9409465CF46883B0AAC0EC78E0DA6F2CEB01765EAB7699ED4	오, 마인블록크래프트가 딱 좋겠네. 모추링네도 같이 들어올 수 있을 것 같고, 그래플링 하우스 전용 서버 같은 것도 만들 수 있겠다.	REVIEWED		4160
dialogue	4160		GM-ALL-dialogue-4160--1	4E83058B04B4B41B23A1E42C490EBF4242FB1D1F8FDC36B145FB68639A62223F	좋아, 바이셴위한테 말해보자!	REVIEWED		4161
dialogue	4161		GM-ALL-dialogue-4161--1	895361FFBF88D5A8C40D47F8DD3D03DF2042CA9360D08738BCBB4FAA39495404	……	REVIEWED		4162
dialogue	4162		GM-ALL-dialogue-4162--1	E3B0C44298FC1C149AFBF4C8996FB92427AE41E4649B934CA495991B7852B855		EMPTY_CONTROL		4163
dialogue	4163		GM-ALL-dialogue-4163--1	E3B0C44298FC1C149AFBF4C8996FB92427AE41E4649B934CA495991B7852B855		EMPTY_CONTROL		4164
dialogue	4164		GM-ALL-dialogue-4164--1	E3B0C44298FC1C149AFBF4C8996FB92427AE41E4649B934CA495991B7852B855		EMPTY_CONTROL		4165
dialogue	4165		GM-ALL-dialogue-4165--1	E3B0C44298FC1C149AFBF4C8996FB92427AE41E4649B934CA495991B7852B855		EMPTY_CONTROL		4166
dialogue	4166		GM-ALL-dialogue-4166--1	E3B0C44298FC1C149AFBF4C8996FB92427AE41E4649B934CA495991B7852B855		EMPTY_CONTROL		4167
dialogue	4167		GM-ALL-dialogue-4167--1	E3B0C44298FC1C149AFBF4C8996FB92427AE41E4649B934CA495991B7852B855		EMPTY_CONTROL		4168
dialogue	4168		GM-ALL-dialogue-4168--1	895361FFBF88D5A8C40D47F8DD3D03DF2042CA9360D08738BCBB4FAA39495404	……	REVIEWED		4169
dialogue	4169		GM-ALL-dialogue-4169--1	BC75E06A9060B573DE9C0970BB52048BB8424D6B243F89E04A74E4C8140E7070	진짜 기대된다…… 마인블록크래프트는 2년이나 안 했으니까, 이따가 다시 감 좀 잡아봐야지.	REVIEWED		4170
dialogue	4170		GM-ALL-dialogue-4170--1	5C77E80609713AB3365236BEC9D41E19DC3E85D0BDE2DCB0A10A4AD1F6003E3A	응? 모추링한테 메시지가 왔다.	REVIEWED		4171
dialogue	4171		GM-ALL-dialogue-4171--1	E3B0C44298FC1C149AFBF4C8996FB92427AE41E4649B934CA495991B7852B855		EMPTY_CONTROL		4172
dialogue	4172		GM-ALL-dialogue-4172--1	3EB8496133ACB1D0212787A05C5E52F79B2394E060EBC94B9C0AA3FB35087652	미친……!	REVIEWED	LM	4173
dialogue	4173		GM-ALL-dialogue-4173--1	E3B0C44298FC1C149AFBF4C8996FB92427AE41E4649B934CA495991B7852B855		EMPTY_CONTROL		4174
dialogue	4174		GM-ALL-dialogue-4174--1	E3B0C44298FC1C149AFBF4C8996FB92427AE41E4649B934CA495991B7852B855		EMPTY_CONTROL		4175
dialogue	4175		GM-ALL-dialogue-4175--1	E3B0C44298FC1C149AFBF4C8996FB92427AE41E4649B934CA495991B7852B855		EMPTY_CONTROL		4176
dialogue	4176		GM-ALL-dialogue-4176--1	E3B0C44298FC1C149AFBF4C8996FB92427AE41E4649B934CA495991B7852B855		EMPTY_CONTROL		4177
dialogue	4177		GM-ALL-dialogue-4177--1	895361FFBF88D5A8C40D47F8DD3D03DF2042CA9360D08738BCBB4FAA39495404	……	REVIEWED		4178
dialogue	4178		GM-ALL-dialogue-4178--1	F0CACB63D13FA30EEEE18C8CDF05097CCA03F9707668E3B668F82C5DDABABC63	채팅할 때마다 모추링은 나 놀리는 걸 정말 좋아한다니까……	REVIEWED		4179
dialogue	4179		GM-ALL-dialogue-4179--1	4FB9FC66CEF78BCE244CF6CC1FEEC5640A72C3B1E6FC65272839F3E65D4A5AF2	두고 봐. 다음엔 나도 기회 봐서 한 번 당황하게 해줘야지.	REVIEWED		4180
dialogue	4180		GM-ALL-dialogue-4180--1	97F8167819563FE192579A5A8E710F7D64A0FDDF83095DD2D4EA484465A6273C	응? 또 누가 메시지를 보낸 거지?	REVIEWED		4181
dialogue	4181		GM-ALL-dialogue-4181--1	E3B0C44298FC1C149AFBF4C8996FB92427AE41E4649B934CA495991B7852B855		EMPTY_CONTROL		4182
dialogue	4182		GM-ALL-dialogue-4182--1	E3B0C44298FC1C149AFBF4C8996FB92427AE41E4649B934CA495991B7852B855		EMPTY_CONTROL		4183
dialogue	4183		GM-ALL-dialogue-4183--1	E3B0C44298FC1C149AFBF4C8996FB92427AE41E4649B934CA495991B7852B855		EMPTY_CONTROL		4184
dialogue	4184		GM-ALL-dialogue-4184--1	E3B0C44298FC1C149AFBF4C8996FB92427AE41E4649B934CA495991B7852B855		EMPTY_CONTROL		4185
dialogue	4185		GM-ALL-dialogue-4185--1	895361FFBF88D5A8C40D47F8DD3D03DF2042CA9360D08738BCBB4FAA39495404	……	REVIEWED		4186
dialogue	4186		GM-ALL-dialogue-4186--1	3FE3A9D5FF5031B4A1A9F594CB565C8F7EF7186527690676D3E3EF2F40304C71	???	REVIEWED		4187
dialogue	4187		GM-ALL-dialogue-4187--1	6F1716C44E45045DDA8288C0AB769B7FD73A2687AC963B437DA0CC258BD4F443	또, 또 누구야?	REVIEWED		4188
dialogue	4188		GM-ALL-dialogue-4188--1	9DCE3829A96F2CF180A80059E7F0DAE34E1EB75DAD831B2B155F532D8D5FB048	오빠―― 그냥 내 룸메랑 한번 만나주면 안 돼? 걔들 너무 귀찮아――	REVIEWED	MM	4189
dialogue	4189		GM-ALL-dialogue-4189--1	53C8808DD45C9364EB5840F025B9B85B055F865F75C460217D5A11D03AD50963	아직도 그 얘기가 안 끝났어!?	REVIEWED	LM	4190
dialogue	4190		GM-ALL-dialogue-4190--1	DFFFA40937C9C4D1B520CFDAB3590439E49B9E6EC6D0CAE953433B72C70DCF0E	실제로 안 만나니까 자꾸 상상을 키우다가, 결국 헤어나오지도 못하게 오빠를 좋아하게 된다니까?	REVIEWED	MM	4191
dialogue	4191		GM-ALL-dialogue-4191--1	BFBFAB7E017E2C982DC08A7D10FF0F3FC68FFB30C1A0FBB9407A0A1D51FE68C2	왜 내가 직접 나타나서 환상을 깨라는 말처럼 들리지? 그리고 너 평소에 대체 나를 어떻게 설명하는 건지 점점 궁금해지는데.	REVIEWED	LM	4192
dialogue	4192		GM-ALL-dialogue-4192--1	06E4166C9A86B4B55EA76AF145D693083FF857E6E8D1132D63BA4F3379F978AD	!?	REVIEWED		4193
dialogue	4193		GM-ALL-dialogue-4193--1	E3B0C44298FC1C149AFBF4C8996FB92427AE41E4649B934CA495991B7852B855		EMPTY_CONTROL		4194
dialogue	4194		GM-ALL-dialogue-4194--1	801EBDC4C27892F6410DCC4FAA956FBF6D01C317FFBDEEA51EEFF1E47EE77B5B	그런 뜻은 아니야. 사실 나도 오빠가 걔들 만나는 걸 진짜 원하는 건 아니고……	REVIEWED	MM	4195
dialogue	4195		GM-ALL-dialogue-4195--1	5A8B23836EB3C0B1FB2755D0C012D5F642A0A7330C54656838A364BC6DB90091	링크가 엄청 많네…… 바이셴위가 뭘 찾아온 거지……	REVIEWED		4196
dialogue	4196		GM-ALL-dialogue-4196--1	792AF6ABEDDCA169E7E2A9AE94EA28E0F0B5E37CA808C314540534BC5A154D0E	?!?!	REVIEWED		4197
dialogue	4197		GM-ALL-dialogue-4197--1	E3B0C44298FC1C149AFBF4C8996FB92427AE41E4649B934CA495991B7852B855		EMPTY_CONTROL		4198
dialogue	4198		GM-ALL-dialogue-4198--1	3EB8496133ACB1D0212787A05C5E52F79B2394E060EBC94B9C0AA3FB35087652	미친……!	REVIEWED	LM	4199
dialogue	4199		GM-ALL-dialogue-4199--1	869B92146001F5BC75B78AF87C2814C4AADB3DB6F5FEC7E240EFE18AB8DFA8FC	응? 왜 그래?	REVIEWED	MM	4200
dialogue	4200		GM-ALL-dialogue-4200--1	C7C86EFCCCD0D234A980E0B512B8FCC03D75E87DBCC3A14570FE2B3DB3BBB923	아니, 그러니까……	REVIEWED	LM	4201
dialogue	4201		GM-ALL-dialogue-4201--1	DAC5C47AE5B3AA091631ED16D9BACE9FB774B7AC5DC9FB974F4E86F4806F0323	?!?!?!	REVIEWED		4202
dialogue	4202		GM-ALL-dialogue-4202--1	E3B0C44298FC1C149AFBF4C8996FB92427AE41E4649B934CA495991B7852B855		EMPTY_CONTROL		4203
dialogue	4203		GM-ALL-dialogue-4203--1	B795B263404BD54BD8B78F9937640ED73EBE9981C63EC1F4562CB07BFB368A92	자, 잠깐만! 답장이 밀려서 못 따라가겠어!	REVIEWED		4204
dialogue	4204		GM-ALL-dialogue-4204--1	5E0C68B2EF03C26E46A19123138193CCDBB9FA7AA75BE2BF3E93F7B5CEFD4B22	오빠 수상해―― 지금 뭐 하고 있어?	REVIEWED	MM	4205
dialogue	4205		GM-ALL-dialogue-4205--1	E3B0C44298FC1C149AFBF4C8996FB92427AE41E4649B934CA495991B7852B855		EMPTY_CONTROL		4206
dialogue	4206		GM-ALL-dialogue-4206--1	E3B0C44298FC1C149AFBF4C8996FB92427AE41E4649B934CA495991B7852B855		EMPTY_CONTROL		4207
dialogue	4207		GM-ALL-dialogue-4207--1	E3B0C44298FC1C149AFBF4C8996FB92427AE41E4649B934CA495991B7852B855		EMPTY_CONTROL		4208
dialogue	4208		GM-ALL-dialogue-4208--1	3FD8F6551C79458A5A68C75D7C50FBB38828A545E23FE3CB6CBEBDD0FD9FA0B8	오빠? 왜 말이 없어?	REVIEWED	MM	4209
dialogue	4209		GM-ALL-dialogue-4209--1	A7F878B8CED1A7957C560D573E30DDBBC1696E38C370513AACBBF4BFF12E7F43	……	REVIEWED		4210
dialogue	4210		GM-ALL-dialogue-4210--1	253733094D836BCB4B0DD7DDACF73439AA370E18AC18347C44B7049F3B109649	흐읏! 흐아아아아! 너희 좀 천천히 해! 나, 나 못 버티겠어! 아↗↑	REVIEWED	LM	4211
dialogue	4211		GM-ALL-dialogue-4211--1	A7CD3A365CE262BBA3E4555A35B1E1362EF7EB874FA06B59D3665D93F9852E0D	왜 갑자기 그런 이상한 소리를 내!?	REVIEWED	MM	4212
dialogue	4212		GM-ALL-dialogue-4212--1	895361FFBF88D5A8C40D47F8DD3D03DF2042CA9360D08738BCBB4FAA39495404	……	REVIEWED		4213
dialogue	4213		GM-ALL-dialogue-4213--1	E3B0C44298FC1C149AFBF4C8996FB92427AE41E4649B934CA495991B7852B855		EMPTY_CONTROL		4214
dialogue	4214		GM-ALL-dialogue-4214--1	8DAED16A53B19730DD416CE9F66B6EBDAB0E7CEC6F4623FA1D67D886D84EC5C8	그 뒤로 그래플링 하우스를 중심으로, 내 생활도 시곗바늘처럼 시간의 흐름에 맞춰 함께 움직이기 시작했다.	REVIEWED		4215
dialogue	4215		GM-ALL-dialogue-4215--1	4887E8998BC2F706EAB267A5554C0AB656B14FE2FC53828F397119F727CDC690	과장 하나 없이, 대학에 들어온 뒤 지금까지 가장 알차게 보낸 시간이었다.	REVIEWED		4216
dialogue	4216		GM-ALL-dialogue-4216--1	6CE505223505733EAA06330091965E3324CD613290758C7B67E5CB148332101C	하고 싶은 일을 찾는다고요?	REVIEWED	MCL	4217
dialogue	4217		GM-ALL-dialogue-4217--1	65CADCDA8902D6E4E888919AF10C6043460B18EEAB2739A9446C287B96A21759	네. 철학적인 의미는 아니고, 사실 굉장히 단순한 얘기예요.	REVIEWED	LM	4218
dialogue	4218		GM-ALL-dialogue-4218--1	BC6AC9C736D2ACD2346ED6FDEB65AC2CCF49A42E7F28E7A1E4154EE3FFBC1CD1	다들 자기가 좋아하는 일에 푹 빠져 있는 게 부러워서요. 그래서……	REVIEWED	LM	4219
dialogue	4219		GM-ALL-dialogue-4219--1	D79EE0DE1989EE5F28C8EAC1F303859122838224E6ECCAB0648C247B23EB974E	리밍 씨는 전에는 하고 싶은 일이 없었나요?	REVIEWED	MCL	4220
dialogue	4220		GM-ALL-dialogue-4220--1	3A2A98CDB56D93C84CB1983D011A3EE112F9C820C74B2D7D274D306BB9CAD203	……한동안은요. 하고 싶은 일을 찾는 것보다, 제가 있을 자리를 찾는 게 더 급했거든요…… 이 얘기가 중요한 건 아니고, 아무튼 이제야 비로소 찾아볼 수 있게 됐어요.	REVIEWED	LM	4221
dialogue	4221		GM-ALL-dialogue-4221--1	E3B0C44298FC1C149AFBF4C8996FB92427AE41E4649B934CA495991B7852B855		EMPTY_CONTROL		4222
dialogue	4222		GM-ALL-dialogue-4222--1	06037741784FFBE5E6CA12BEF3D0BD3EDEC50C905EB6C748A47AD78C13BC03FF	리밍, 그림 그려보는 것도 괜찮을지도 몰라.	REVIEWED	HXC	4223
dialogue	4223		GM-ALL-dialogue-4223--1	CC50F5A787C36BAADF936ADE08D6CB76AC2220CF90D779EC84F22EAB1D87516E	그림…… 네가 분명 그걸 추천할 줄은 알았는데, 내가 좋아할지는 잘 모르겠어.	REVIEWED	LM	4224
dialogue	4224		GM-ALL-dialogue-4224--1	0339393F023944E1871895C5A1185A8FA61C081926867AC626D836B2A1050BF1	해보면, 알지 않을까?	REVIEWED	HXC	4225
dialogue	4225		GM-ALL-dialogue-4225--1	1A9EF7D4C9EE10BD572125E32A00202D7CA38118B4EAF8A68CDC8CAC0BBA8B85	걱정되면, 내가 리밍 가르쳐줄게.	REVIEWED	HXC	4226
dialogue	4226		GM-ALL-dialogue-4226--1	1E46A7BE79A5A1E67D1363A3C195B38213D533ED61C4F6B7419E44680042CCEF	그러면 네 시간이 너무 많이 뺏기지 않겠어?	REVIEWED	LM	4227
dialogue	4227		GM-ALL-dialogue-4227--1	9E0803492DD6DF1AF0EDB1722FEB55AD2F092E7D0112EA04343407D7E7FECDB9	괜찮아……	REVIEWED	HXC	4228
dialogue	4228		GM-ALL-dialogue-4228--1	0781079F4F9BD7C219D14B160C1217A268ABEDD93AE7EF271C6158874BBB79CE	왜냐하면, 리밍이, 드디어 내가 도와줄 수 있는 일이 생겼으니까……	REVIEWED	HXC	4229
dialogue	4229		GM-ALL-dialogue-4229--1	E3B0C44298FC1C149AFBF4C8996FB92427AE41E4649B934CA495991B7852B855		EMPTY_CONTROL		4230
dialogue	4230		GM-ALL-dialogue-4230--1	31291B077A1EE3178E71590C66C6C3E03A13157450E2288F9A71423171DC5F99	다들한테 물어본다고요?	REVIEWED	LM	4231
dialogue	4231		GM-ALL-dialogue-4231--1	4C54C2CE00C0C02F90761FCEB465CA86FC153C7E9128753C1481A98AD4EDFB8C	네! 그게 제일 빠른 방법이죠…… 막연하게 찾는 것보다, 아예 다들 하는 걸 같이 해보는 거예요.	REVIEWED	MCL	4232
dialogue	4232		GM-ALL-dialogue-4232--1	7115F36F9DDCEA7EF42ED7ACA89792B5F08A2AE06CC9E44604A366429291187A	다들 하는 거라…… 예를 들면――	REVIEWED	LM	4233
dialogue	4233		GM-ALL-dialogue-4233--1	200D4BFDED9315FFD02D60D6DC1EFF40635D75F53C396587575AE5908FD1C7F5	한샤오청 선생님이라면 역시 그림이겠죠.	REVIEWED	MCL	4234
dialogue	4234		GM-ALL-dialogue-4234--1	36C67015BA48FA5A670713EC5BA8C37CD0E2C25ED40C00E9D15FE9874C6DD6EE	그건 알겠는데, 바이셴위라면…… 게임인가……?	REVIEWED	LM	4235
dialogue	4235		GM-ALL-dialogue-4235--1	E3B0C44298FC1C149AFBF4C8996FB92427AE41E4649B934CA495991B7852B855		EMPTY_CONTROL		4236
dialogue	4236		GM-ALL-dialogue-4236--1	C8D59B93DC90DF66E55CB3F947C0779ABD1FBB126DCFF8C303107566AD0D0200	……굳이 말하면 게임…… 맞겠죠……? 하지만 그런 취미는 평범한 대학생도 다들 있지 않나요?	REVIEWED	BXY	4237
dialogue	4237		GM-ALL-dialogue-4237--1	B59475C7A917C4E5F13CAA789461B5F2362B21DBB2D6A6E7AC488264B2274067	저한테 묻는 것보다, 다른 사람한테 물어보세요. 그분들 취미가 더 의미 있을 거예요…… 제 건, 됐어요……	REVIEWED	BXY	4238
dialogue	4238		GM-ALL-dialogue-4238--1	E3B0C44298FC1C149AFBF4C8996FB92427AE41E4649B934CA495991B7852B855		EMPTY_CONTROL		4239
dialogue	4239		GM-ALL-dialogue-4239--1	545ED68093027436157D4AA64387A9A35FF5D59EF46149ED864ABDDCCD69942D	그럼 모추링 씨는요?	REVIEWED	LM	4240
dialogue	4240		GM-ALL-dialogue-4240--1	AC1C75AC695629806D5AD502731BB517EDB8829394E78A15D0B30518EBA75B88	그걸 말이라고 해요!	REVIEWED	MCL	4241
dialogue	4241		GM-ALL-dialogue-4241--1	D6CC3AA059FF24C4F6CF34C83640BC24476D297AE0E0ADDDA42E3975F5BCB3A2	굿즈 가게를 열기 위해 노력하기――/매일 미연시 하기!	REVIEWED	MCL	4242
dialogue	4242		GM-ALL-dialogue-4242--1	A7F878B8CED1A7957C560D573E30DDBBC1696E38C370513AACBBF4BFF12E7F43	……	REVIEWED	LM	4243
dialogue	4243		GM-ALL-dialogue-4243--1	D944EECEC7A01A5F4FE4056AB20511DF8A34B6744FA8B5B1553B8A2C1F3B576A	가게 여는 쪽이죠. 다른 하나는 못 들은 걸로 할게요.	REVIEWED	LM	4244
dialogue	4244		GM-ALL-dialogue-4244--1	CF82B725CF96787B4DF184BA435F7448F466AAAFBD4B3C38925116A49D168118	잘못 들은 거 아니에요! 미연시 하는 것도 포함이죠!	REVIEWED	MCL	4245
dialogue	4245		GM-ALL-dialogue-4245--1	7A0B4A1B634BF0CD2459D20432124AA7D1668580EAC836E154DBD457DFCF0D37	미연시는 나도 하잖아요. 그걸로 마음이 충만해질 수 있었으면 진작 됐겠죠!	REVIEWED	LM	4246
dialogue	4246		GM-ALL-dialogue-4246--1	BE23E92039DABAA6BAD26D7E18076135DF0CD181AFAC3857CD13BE004BEF909D	리밍 씨, 미연시를 얕보면 안 돼요……!	REVIEWED	MCL	4247
dialogue	4247		GM-ALL-dialogue-4247--1	E3B0C44298FC1C149AFBF4C8996FB92427AE41E4649B934CA495991B7852B855		EMPTY_CONTROL		4248
dialogue	4248		GM-ALL-dialogue-4248--1	F3F3079E2BA8B15C942C7F54D01977D94AB8320118A62ACE3A88D8C4EAF76BF8	――	REVIEWED		4249
dialogue	4249		GM-ALL-dialogue-4249--1	A68756C696D2015708A03DDDF7FBC8FAC8B58F0D6735740BE961536CF53CC1E2	SD 캐릭터…… 응, 해봐도 돼. 더 간단하니까.	REVIEWED	HXC	4250
dialogue	4250		GM-ALL-dialogue-4250--1	408EE49E3978C8DA6DA50335D9D26F0B0D855F3DA88E63A10E964919660239C0	좋아……! 열심히 해볼게!	REVIEWED	LM	4251
dialogue	4251		GM-ALL-dialogue-4251--1	5FE530962EB4A6F2F1EFBD36412F375B8B8558234856F6ACB05A374E4339D4C9	하지만, 처음부터 바로 SD 캐릭터를 그리는 건…… 나도 안 해봐서, 괜찮을지 모르겠어……	REVIEWED	HXC	4252
dialogue	4252		GM-ALL-dialogue-4252--1	E3B0C44298FC1C149AFBF4C8996FB92427AE41E4649B934CA495991B7852B855		EMPTY_CONTROL		4253
dialogue	4253		GM-ALL-dialogue-4253--1	F3F3079E2BA8B15C942C7F54D01977D94AB8320118A62ACE3A88D8C4EAF76BF8	――	REVIEWED		4254
dialogue	4254		GM-ALL-dialogue-4254--1	87648D804614F425B5F64194E1C1FCFA623FCB63398144CF2623635EA1F228CF	내가 하고 싶은 일?	REVIEWED	MM	4255
dialogue	4255		GM-ALL-dialogue-4255--1	718E821F85F88D70D6E5205F3AF1BE093D34AFE027C9CC8D5366E3C4DD551ABA	으음―― 지금은 학점 올리는 거려나? 장학금도 한번 노려보고 싶고.	REVIEWED	MM	4256
dialogue	4256		GM-ALL-dialogue-4256--1	7C9A25902D3AD66D99FC71F65A4A1695A1FAE424470E00A6BBC5A7E606D36BE2	건강도 중요하지. 요즘은 매일 친구들이랑 뛰고 있고, 내년에 선택 과목 열리면 배드민턴도 계속하고 싶어……	REVIEWED	MM	4257
dialogue	4257		GM-ALL-dialogue-4257--1	F9F1CAC6F368AB3ABB04EB5A15F36240C44917AB97F63F5DAF275E95E5DC356C	한참을 재잘재잘 떠들어댔다.	REVIEWED		4258
dialogue	4258		GM-ALL-dialogue-4258--1	F485FCF5E78A310CD3A8242E047C1288ED68FFAE6223673642DC6D1277E6AB47	그러고 보니 곧 기말고사잖아. 오빠는 공부 시작했어?……	REVIEWED	MM	4259
dialogue	4259		GM-ALL-dialogue-4259--1	F64349CEC9C07AE6F6AB7ED154E369CA68F729D19A6B0A1F95C4121A371BF760	아아아아악! 안 들려 안 들려! 하나도 안 들려!	REVIEWED	LM	4260
dialogue	4260		GM-ALL-dialogue-4260--1	AC63DAB390C69745B62B6D69348581376B3EFD41491E6D205AA293F27A23AB73	으아! 인싸! 인싸 인싸!	REVIEWED	MCL	4261
dialogue	4261		GM-ALL-dialogue-4261--1	E23A2A933BE63F7992EF78DC97543046307E6306C1A546D698062EDB79747A91	으……	REVIEWED	HXC	4262
dialogue	4262		GM-ALL-dialogue-4262--1	A6E8B8FA23A243CACC7743ACB26140FA01926C3966DE81BC5F0066B9FAC2E2FB	크윽……	REVIEWED	BXY	4263
dialogue	4263		GM-ALL-dialogue-4263--1	2F3F4B2C3819F8BF5D033E18E3DC584F3291E15D7B54D32A5BB29F454F3F9BB8	왜 또 그런 반응들이야!?	REVIEWED	MM	4264
dialogue	4264		GM-ALL-dialogue-4264--1	555703446D4ABD20EC1266E64DC2C5989B2624A09DDA4E6F27FDE4A011C27400	너무 건전하고 긍정적이다. 게다가 하고 싶은 일이라기보다는 오래전부터 몸에 밴 생활 습관에 가까워서, 이건 따라 할 수도 없겠다.	REVIEWED		4265
dialogue	4265		GM-ALL-dialogue-4265--1	E3B0C44298FC1C149AFBF4C8996FB92427AE41E4649B934CA495991B7852B855		EMPTY_CONTROL		4266
dialogue	4266		GM-ALL-dialogue-4266--1	F3F3079E2BA8B15C942C7F54D01977D94AB8320118A62ACE3A88D8C4EAF76BF8	――	REVIEWED		4267
dialogue	4267		GM-ALL-dialogue-4267--1	A50029EB78B35447BF6538FADCA74E2C5DF402F02C2720D047CCFF2C57D6C94F	아―― 방송이라…… 꽤 재밌을 것 같은데.	REVIEWED	LM	4268
dialogue	4268		GM-ALL-dialogue-4268--1	0B240520B170ED5FEAA14021C60E7C68A18E22366B78CFE00C9A0362D5CD762D	응…… 버튜버 같은 거……	REVIEWED	BXY	4269
dialogue	4269		GM-ALL-dialogue-4269--1	89DAC5BB0AE6F452D7A111C959FA884C733710CA13BA13494037D17D9F27DB8D	에―― 남자가 버튜버 해봤자 잘되기 어렵지 않나? 오히려 난 네가 왜 안 해봤는지가 궁금한데.	REVIEWED	LM	4270
dialogue	4270		GM-ALL-dialogue-4270--1	941E67AF3EB6B7C194F058336CE4B0B902381DC062D56062E88B896F13FA3F32	모르는 사람이랑 말하는 거, 피곤해요……	REVIEWED	BXY	4271
dialogue	4271		GM-ALL-dialogue-4271--1	0C10E08BE0D3D79449C8392ED67E30448B0816C1F9570688491C69AD4FC0D94C	그건 나도 이해돼.	REVIEWED	LM	4272
dialogue	4272		GM-ALL-dialogue-4272--1	E3B0C44298FC1C149AFBF4C8996FB92427AE41E4649B934CA495991B7852B855		EMPTY_CONTROL		4273
dialogue	4273		GM-ALL-dialogue-4273--1	C224CC3EDC28FA0B69854060D115A62F13408CEAFA2BF7C8D2BBBD8FEDD1D491	미연시 리뷰를 써보는 거예요!	REVIEWED	MCL	4274
dialogue	4274		GM-ALL-dialogue-4274--1	CD4F2BAC4C359F0F20B61F5ED55CF4CEF9457AA68F69CF0299EE1D48D7768541	클리어하고 난 뒤의 감상이나, 스토리에 대한 태클 같은 것도…… 다 적을 수 있잖아요. 누가 읽어주면 정말 기쁘고요.	REVIEWED	MCL	4275
dialogue	4275		GM-ALL-dialogue-4275--1	8FB1C37EA36138B53FCE85DABDC5817B6FC078FC34AC74F6C7517F0ED351F4A4	모추링 씨도 써본 적 있어요?	REVIEWED	LM	4276
dialogue	4276		GM-ALL-dialogue-4276--1	700EF020973EA14064B0A8AB512AC16855825888B5B1B83BA9DF6C1B0E99E4B4	에헤헤, 써보긴 했는데 별로 읽는 사람이 없더라고요……	REVIEWED	MCL	4277
dialogue	4277		GM-ALL-dialogue-4277--1	E3B0C44298FC1C149AFBF4C8996FB92427AE41E4649B934CA495991B7852B855		EMPTY_CONTROL		4278
dialogue	4278		GM-ALL-dialogue-4278--1	30B8741F8D07E53DB05EDBB07C8E932A8CF1A52C8D32ED0D3471461DAC895482	샤오청, 어젯밤에 네가 따라 그려보라고 한 그림 가져왔어.	REVIEWED	LM	4279
dialogue	4279		GM-ALL-dialogue-4279--1	A7F878B8CED1A7957C560D573E30DDBBC1696E38C370513AACBBF4BFF12E7F43	……	REVIEWED	HXC	4280
dialogue	4280		GM-ALL-dialogue-4280--1	61E170B2CB324522FD78EC89A2B19CF2F0D7127155D17CC8511F8A88653C3256	……어때?	REVIEWED	LM	4281
dialogue	4281		GM-ALL-dialogue-4281--1	17D504A118019977B5299D4BF268359D1919D38279D3B85DB575C226379177D6	내 생각엔, 좋아. 안 닮았을 뿐이야.	REVIEWED	HXC	4282
dialogue	4282		GM-ALL-dialogue-4282--1	B8DE9B9ECEDD376D317028805BAD7FBB18B5808CCEF958BCBA34D49DE58B763A	안 닮은 게 제일 큰 문제잖아!?	REVIEWED	LM	4283
dialogue	4283		GM-ALL-dialogue-4283--1	494607E9603D43CC0E23D6358609CD426ACC8C77974F8F0F0188B500BFB4605B	그래도, 정말 잘 그렸어……	REVIEWED	HXC	4284
dialogue	4284		GM-ALL-dialogue-4284--1	FFB92F88B4FA8E648532BC4BCA8935328D6420DF1D2D309EBD2F539B57A5736E	아무래도 한샤오청 마음속의 평가 기준은 대중과 조금 다른 모양이다……	REVIEWED		4285
dialogue	4285		GM-ALL-dialogue-4285--1	41B6EB50E99C5A2B521378D2C41770E7D664F6A00B0E5380C360E774D4A74027	오늘은, 리밍을 가르쳐줄게.	REVIEWED	HXC	4286
dialogue	4286		GM-ALL-dialogue-4286--1	E3B0C44298FC1C149AFBF4C8996FB92427AE41E4649B934CA495991B7852B855		EMPTY_CONTROL		4287
dialogue	4287		GM-ALL-dialogue-4287--1	F3F3079E2BA8B15C942C7F54D01977D94AB8320118A62ACE3A88D8C4EAF76BF8	――	REVIEWED		4288
dialogue	4288		GM-ALL-dialogue-4288--1	A348EAC84649D13FDC94B4BF7C58FA3C0DE3B386B4C8DA4E31F4387CF8287D99	일단 L2D 프로그램 쓰는 법은 대충 배웠다.	REVIEWED		4289
dialogue	4289		GM-ALL-dialogue-4289--1	B297B81F961E653F52355AC2E4E677C9F569B826D62B3164F71DA1B6AA87AF00	웹캠도 하나 장만하고, 무료 아바타도 받아뒀다. 그래, 미소녀 아바타다.	REVIEWED		4290
dialogue	4290		GM-ALL-dialogue-4290--1	B470865DD9DC40FD46C1E78524D24EDC0AABD2D8B6C83CFB41C26D9F98E331A8	……하, 할 건가? 지금, 여기서?	REVIEWED		4291
dialogue	4291		GM-ALL-dialogue-4291--1	5EE721861C66DFF51C59910AEA09999B52E9FBB117AF803E7817C2C6374A68B0	일단 해보자……!	REVIEWED		4292
dialogue	4292		GM-ALL-dialogue-4292--1	D052105C1EE8F23A8F5EEA18E83562E6EC9E1F49BDE9B5AB8C22393237BE7BF9	이 아바타를 뒤집어쓴 채 게임 방송을 시작했다.	REVIEWED		4293
dialogue	4293		GM-ALL-dialogue-4293--1	50A2029CD16BB63C86BAACA8E94D92EC6ECC44C4E1B65C5810798BAFCA7E9298	예상대로 보러 오는 사람은 아무도 없었다.	REVIEWED		4294
dialogue	4294		GM-ALL-dialogue-4294--1	A7F878B8CED1A7957C560D573E30DDBBC1696E38C370513AACBBF4BFF12E7F43	……	REVIEWED	LM	4295
dialogue	4295		GM-ALL-dialogue-4295--1	6CE493956EC87883EA6976A40ADB798AD9BA1CF487C01AAC09E542A6F57BE2FD	오, 한 명 들어왔다!	REVIEWED	LM	4296
dialogue	4296		GM-ALL-dialogue-4296--1	649085ECC6FAA97318FB8EA7D7B7AEBFC5214A12DF78C47F758A35ACEEBF60A1	【누나도 이 게임 하네요? 저랑 보이스 같이 하실래요?】	REVIEWED		4297
dialogue	4297		GM-ALL-dialogue-4297--1	02D05772713B7E6A365BE0DE1602B74D85694A2FE759EF6AE1C0B14A3761BCB2	어…… 저 초보라서요. 당분간은 다른 사람이랑 파티 안 해요.	REVIEWED	LM	4298
dialogue	4298		GM-ALL-dialogue-4298--1	C99977E08494A112BA57B1F32EAF3DB8FBF523382B226F283E389DC63A114B27	【아니 형씨 왜 여자 애니 캐릭터 달고 말해요】	REVIEWED		4299
dialogue	4299		GM-ALL-dialogue-4299--1	A7F878B8CED1A7957C560D573E30DDBBC1696E38C370513AACBBF4BFF12E7F43	……	REVIEWED	LM	4300
dialogue	4300		GM-ALL-dialogue-4300--1	8D113704942CD75A97DE2CB0B27A0304D0F24CD723D6A111A77C7B19B62E5970	안 해!!	REVIEWED		4301
dialogue	4301		GM-ALL-dialogue-4301--1	E3B0C44298FC1C149AFBF4C8996FB92427AE41E4649B934CA495991B7852B855		EMPTY_CONTROL		4302
dialogue	4302		GM-ALL-dialogue-4302--1	F3F3079E2BA8B15C942C7F54D01977D94AB8320118A62ACE3A88D8C4EAF76BF8	――	REVIEWED		4303
dialogue	4303		GM-ALL-dialogue-4303--1	9521B4D2F1DB2D5A9BBA2E04A6581CCD2A4D642660F0FA54515D9059BAE4600E	근데 리뷰 말고 소설이라면, 예전에 써본 적 있어요.	REVIEWED	LM	4304
dialogue	4304		GM-ALL-dialogue-4304--1	CD067C658FA610CADD134F0AE9C9D60FA9ED00E4891270ACC9C05B1390232F5A	에! 리밍 씨 소설 써본 적 있어요!?	REVIEWED	MCL	4305
dialogue	4305		GM-ALL-dialogue-4305--1	85C5C535EA5CD0081EF2AFD2AF93B2C3343663907EA3A7398D45412137899AAC	아주 옛날 일이에요. 그때는 진짜 푹 빠져 있었죠……	REVIEWED	LM	4306
dialogue	4306		GM-ALL-dialogue-4306--1	613B1596BCE0F2CBABA04D35A3EEE0C967D8804E885A170B562B04BC3377446A	다른 것도 다 해봤으니까…… 그럼 차라리, 소설도 다시 한번 써보는 건 어때요?	REVIEWED	MCL	4307
dialogue	4307		GM-ALL-dialogue-4307--1	A7F878B8CED1A7957C560D573E30DDBBC1696E38C370513AACBBF4BFF12E7F43	……	REVIEWED	LM	4308
dialogue	4308		GM-ALL-dialogue-4308--1	7304BD242CECB3146DC939035CCD677186D53CF44D005516D1998FF4E6DBF4F5	왠지, 괜찮은 제안처럼 들렸다.	REVIEWED		4309
dialogue	4309		GM-ALL-dialogue-4309--1	E3B0C44298FC1C149AFBF4C8996FB92427AE41E4649B934CA495991B7852B855		EMPTY_CONTROL		4310
dialogue	4310		GM-ALL-dialogue-4310--1	F3F3079E2BA8B15C942C7F54D01977D94AB8320118A62ACE3A88D8C4EAF76BF8	――	REVIEWED		4311
dialogue	4311		GM-ALL-dialogue-4311--1	C627B9E4E3112EC8BAA3DF7BFF3E7ABFB1A88E7B8784C8E2FEEABB609C5197D1	사흘 동안 고생해서 겨우 이런 걸 가져와서 정말 미안해!	REVIEWED	LM	4312
dialogue	4312		GM-ALL-dialogue-4312--1	3574D4EF95DE0175E2C028EEC64DFEDAE9B8705E66C48EADCE4852F0DA271477	응? 귀여운데……	REVIEWED	HXC	4313
dialogue	4313		GM-ALL-dialogue-4313--1	E16D6EEBCBBECDA17025B68E1BF48747E91D923E262EA7AAA7249BA057C0F896	이거, 고슴도치 소녀야?	REVIEWED	HXC	4314
dialogue	4314		GM-ALL-dialogue-4314--1	8364AB6EEE3AF3B9A8E2F73195FA32C4E787350274D88E41D808BE2903277AFD	아니, 그냥 평범한 미소녀야. 머리 위가 좀 뾰족할 뿐이지.	REVIEWED	LM	4315
dialogue	4315		GM-ALL-dialogue-4315--1	A7F878B8CED1A7957C560D573E30DDBBC1696E38C370513AACBBF4BFF12E7F43	……	REVIEWED	HXC	4316
dialogue	4316		GM-ALL-dialogue-4316--1	23FEE48D0A5321A24AAD80D3727FE1A75C64BBBDB8BE850E68624E16F2C07567	리밍, 열심히 했어.	REVIEWED	HXC	4317
dialogue	4317		GM-ALL-dialogue-4317--1	BB72D8041422D447C3E2D2651B4C126D79B5CFA84C3C19C4B4A019170FAD22A5	열심히 한 것밖에 칭찬할 게 없는 거야……!	REVIEWED	LM	4318
dialogue	4318		GM-ALL-dialogue-4318--1	8744DEFC1F7D5B15F0515D16BCFEF4A155B6786D85647CFCF82DCA4A82125975	그림이란 건 역시 몇 년씩 온몸을 던져 파고들지 않으면 안 되는 모양이다.	REVIEWED		4319
dialogue	4319		GM-ALL-dialogue-4319--1	DD8F6B7CFA76BBC78AD1BAE1371343429ABBE791441E4220E53238B6E3EF50A7	너무 성과만 바라보면서 하지는 말자……	REVIEWED		4320
dialogue	4320		GM-ALL-dialogue-4320--1	788759E35CCB0F67175D1D460227321DC8337DCB81608D5804E5FD6F4DB19994	그래도 정성 들여 그린 그림이긴 하니까, 집에 가서 벽에 걸어두자.	REVIEWED		4321
dialogue	4321		GM-ALL-dialogue-4321--1	E3B0C44298FC1C149AFBF4C8996FB92427AE41E4649B934CA495991B7852B855		EMPTY_CONTROL		4322
dialogue	4322		GM-ALL-dialogue-4322--1	F3F3079E2BA8B15C942C7F54D01977D94AB8320118A62ACE3A88D8C4EAF76BF8	――	REVIEWED		4323
dialogue	4323		GM-ALL-dialogue-4323--1	AD1CAEC8BD733AC508A0CAE59666B1D51C5E39FCC7AD35339BA72AACD2E4029C	기억나. 오빠 중학생 때 자기가 쓴 소설 맨날 나한테 보여줬잖아?	REVIEWED	MM	4324
dialogue	4324		GM-ALL-dialogue-4324--1	C0D754C2DDC2763444F4EE4CB42AAA4C6D6154A48A268400D39D37B089182135	그때는 잘 이해 못 했지만, 엄청 웃으면서 봤어.	REVIEWED	MM	4325
dialogue	4325		GM-ALL-dialogue-4325--1	F80D054182756657B5E173A66FC095DE29E0C1C9AE0A9BD2253A60026E693A64	근데 그때 내가 쓴 건 어둠과 고통으로 가득한 소설이었는데.	REVIEWED	LM	4326
dialogue	4326		GM-ALL-dialogue-4326--1	23C77AE11B382A58B7DD122BFD8C62421F5B91CA57D2B03A2544490330E909E3	어?	REVIEWED	MM	4327
dialogue	4327		GM-ALL-dialogue-4327--1	23C77AE11B382A58B7DD122BFD8C62421F5B91CA57D2B03A2544490330E909E3	어?	REVIEWED	LM	4328
dialogue	4328		GM-ALL-dialogue-4328--1	47B5C20ABAE9548F6A768CE50F0C74CA578F87A9831911D1354FC0B65A452628	아하하……	REVIEWED	MM	4329
dialogue	4329		GM-ALL-dialogue-4329--1	C357D1EFCA457CC4EBECF941E208BFFDEB4CE8B635A71E6BE83A0C657B930906	그때 네 눈엔 그렇게 웃긴 물건이었던 거야!?	REVIEWED	LM	4330
dialogue	4330		GM-ALL-dialogue-4330--1	FD4A68580B98CD1FF48FA84CDB09C1640DEB685B8B25D50763E5F43E123094E2	당시에 뭘 썼는지는 이미 기억도 안 난다. 너무 중2병스러워서 내 기억이 알아서 봉인해 버린 건가.	REVIEWED		4331
dialogue	4331		GM-ALL-dialogue-4331--1	73EF3B7D1C759C109148779F466B24425D23917CED47636D81D23474894538FE	아무튼 샤오예에게 집에 한번 들러서 소설을 가져다달라고 부탁했다.	REVIEWED		4332
dialogue	4332		GM-ALL-dialogue-4332--1	E3B0C44298FC1C149AFBF4C8996FB92427AE41E4649B934CA495991B7852B855		EMPTY_CONTROL		4333
dialogue	4333		GM-ALL-dialogue-4333--1	F3F3079E2BA8B15C942C7F54D01977D94AB8320118A62ACE3A88D8C4EAF76BF8	――	REVIEWED		4334
dialogue	4334		GM-ALL-dialogue-4334--1	75A185B4D880CA6AC252521E3267411784A5FAB77320D21D2C088AAE1C4B0A73	으악!! 왜 벽에 고슴도치처럼 생긴 괴물이 걸려 있어!?	REVIEWED	MM	4335
dialogue	4335		GM-ALL-dialogue-4335--1	0028629DCCDC2769DC753F7FF1143683FE1F2605969AD70269CF07BA6BECDA7D	그건 네 오빠가 사흘이나 들여 그린 2차원 미소녀거든!!	REVIEWED	LM	4336
dialogue	4336		GM-ALL-dialogue-4336--1	E3B0C44298FC1C149AFBF4C8996FB92427AE41E4649B934CA495991B7852B855		EMPTY_CONTROL		4337
dialogue	4337		GM-ALL-dialogue-4337--1	895361FFBF88D5A8C40D47F8DD3D03DF2042CA9360D08738BCBB4FAA39495404	……	REVIEWED		4338
dialogue	4338		GM-ALL-dialogue-4338--1	A7F878B8CED1A7957C560D573E30DDBBC1696E38C370513AACBBF4BFF12E7F43	……	REVIEWED	LM	4339
dialogue	4339		GM-ALL-dialogue-4339--1	A7F878B8CED1A7957C560D573E30DDBBC1696E38C370513AACBBF4BFF12E7F43	……	REVIEWED	MM	4340
dialogue	4340		GM-ALL-dialogue-4340--1	A7F878B8CED1A7957C560D573E30DDBBC1696E38C370513AACBBF4BFF12E7F43	……	REVIEWED	HXC	4341
dialogue	4341		GM-ALL-dialogue-4341--1	A7F878B8CED1A7957C560D573E30DDBBC1696E38C370513AACBBF4BFF12E7F43	……	REVIEWED	BXY	4342
dialogue	4342		GM-ALL-dialogue-4342--1	E9F50C0F8BB8F02F2A168334ADE1A16F7BBB595E1423A6352ED48DB8D5BDFE4F	소녀들은 말없이 내가 중학생 때 남긴 노트를 넘겨보고 있었다.	REVIEWED		4343
dialogue	4343		GM-ALL-dialogue-4343--1	55B061BC73B019A7D48C45107CCF8DD4C767F9A0FCEA21ACB0CFBC1F47F567E8	괴롭다. 샤오예가 가져왔을 때 나도 몇 장 훑어봤는데 도저히 끝까지 못 보겠더라.	REVIEWED		4344
dialogue	4344		GM-ALL-dialogue-4344--1	E5DEEE85190F603869C78164DE62926B8D3511C588F458B01DC7EA7B3D13A274	사실 모추링에게만 보여주려고 가져온 건데, 바이셴위랑 한샤오청이 이상할 정도로 신이 나버렸다.	REVIEWED		4345
dialogue	4345		GM-ALL-dialogue-4345--1	E3B0C44298FC1C149AFBF4C8996FB92427AE41E4649B934CA495991B7852B855		EMPTY_CONTROL		4346
dialogue	4346		GM-ALL-dialogue-4346--1	FEBA698FD4D0FA4CC9BE3E4CC56689357738E30C0521BED114B0875070098307	리밍이 쓴 거, 보고 싶어.	REVIEWED	HXC	4347
dialogue	4347		GM-ALL-dialogue-4347--1	A5800D4F094AD4CC5662DE8A766AB8B06F4D25CBE480C7B0B6DF0321D19B95DC	선배 흑역사, 보고 싶어요.	REVIEWED	BXY	4348
dialogue	4348		GM-ALL-dialogue-4348--1	35B42A9448CB7277951D92532BFD3104CF7B633563C87E35DA94CE42F42B7D73	――그렇게 부탁받고 말았다.	REVIEWED		4349
dialogue	4349		GM-ALL-dialogue-4349--1	61E170B2CB324522FD78EC89A2B19CF2F0D7127155D17CC8511F8A88653C3256	……어때?	REVIEWED	LM	4350
dialogue	4350		GM-ALL-dialogue-4350--1	A7F878B8CED1A7957C560D573E30DDBBC1696E38C370513AACBBF4BFF12E7F43	……	REVIEWED	BXY	4351
dialogue	4351		GM-ALL-dialogue-4351--1	18E2B2A2BA7F7A56EC9D8FD8BE60140918E27DAF0D6F54268AE4942BE24937F9	정말…… 독특한 스타일이네요……	REVIEWED	BXY	4352
dialogue	4352		GM-ALL-dialogue-4352--1	A7F878B8CED1A7957C560D573E30DDBBC1696E38C370513AACBBF4BFF12E7F43	……	REVIEWED	LM	4353
dialogue	4353		GM-ALL-dialogue-4353--1	3976F0C679728338B1CC73125610EF78914E0822C14F8D1D333D2FAE1BF63334	리밍, 이 많은 노트, 전부 손으로 쓴 거야?	REVIEWED	HXC	4354
dialogue	4354		GM-ALL-dialogue-4354--1	8811B0BAB3E2B87A283CAC89FBB7D16F6716D7DED8DF67073CA4D594007CE1D0	응. 그땐 괜히 분위기 낸다고 만년필까지 샀는데, 자꾸 잉크가 새서 결국 수성펜으로 돌아갔어.	REVIEWED	LM	4355
dialogue	4355		GM-ALL-dialogue-4355--1	5FA1AA208E62EA79EB49210C73ED1177EA5B5387AC958747C230437A4BD44E4F	컴퓨터로는 안 쓰셨어요?	REVIEWED	BXY	4356
dialogue	4356		GM-ALL-dialogue-4356--1	D06EEB8450DBF542F4715F2BF126EC3576634A3296A190743E15E75633A09A82	그건 고등학교 때 얘기고, 손으로 쓰면 수업 시간에 몰래 쓰기 편했거든.	REVIEWED	LM	4357
dialogue	4357		GM-ALL-dialogue-4357--1	AED2D1F905421B74D8505262FDAD234C79BA0B0A6160CBF2550B3102BE77A9FB	이렇게 생각해보니, 그때 나는 정말 글쓰기에 푹 빠져 있었구나.	REVIEWED		4358
dialogue	4358		GM-ALL-dialogue-4358--1	99E43C8C5AE303840C908583A33919CB5437067AF4D8756998FD3DBE5D31B4E7	종이와 펜으로 소설을 쓴다. 키보드를 두드리는 것보다 훨씬 비효율적인데도 전혀 신경 쓰지 않고 계속할 수 있었다.	REVIEWED		4359
dialogue	4359		GM-ALL-dialogue-4359--1	95DCEBE955936385671A33E3FD71D04900FDCB1B20F44F37E5458ECAE7031506	너희도 굳이 평가는 안 해도 돼. 내 수준은 나도 아니까…… 부탁이니까 진짜 아무 말도 하지 마……!	REVIEWED	LM	4360
dialogue	4360		GM-ALL-dialogue-4360--1	263C89239DEEB2E56B20C54C4CA1C9E93FAF4ABA5AD7D1BFB6E73D541077D2F0	응……? 난, 대단하다고 생각해…… 리밍의 열정이 느껴져……	REVIEWED	HXC	4361
dialogue	4361		GM-ALL-dialogue-4361--1	3A860B79C67889C6C1A2DE9BF640C49EB0E561B5D6D27317E6A369ED39EE0F26	저도 그렇게 생각해요. 선배가 그때부터 이렇게 많이 썼다는 건, 아무나 할 수 있는 일이 아니에요.	REVIEWED	BXY	4362
dialogue	4362		GM-ALL-dialogue-4362--1	7AB8462B667DC29671F25146F5D0F7A639F4C99F932EA26570C0793440EE44F5	너, 너무 띄워주는 거 아냐!	REVIEWED	LM	4363
dialogue	4363		GM-ALL-dialogue-4363--1	33C6B0F8852CE4727EE4519FD0243CE83D4B82864B73A8BB9A3BC57648ACF156	사실 노트뿐만이 아니야. 고등학교 때 쓴 건 전부 컴퓨터에 저장돼 있었거든.	REVIEWED	LM	4364
dialogue	4364		GM-ALL-dialogue-4364--1	08DD45A2A18D6EDE674CD1AB67476AC591257D6532EF10F3AC38E45DB0068154	기억으로는…… 그래, 고1 때였나. 계약할 기회까지 있었던 것 같아.	REVIEWED	LM	4365
dialogue	4365		GM-ALL-dialogue-4365--1	D6EFA7C364BFFF1B159F9A7DD740711A1B0BA36568815658BB4038742DBA3B26	어? 그런 일도 있었어?	REVIEWED	MM	4366
dialogue	4366		GM-ALL-dialogue-4366--1	319F53D06A864DC45C529AAF55BC975B53C8C08B980CF7EB786A3900397EC742	결국 어영부영 엎어졌는데 그걸 무슨 낯으로 말하겠어.	REVIEWED	LM	4367
dialogue	4367		GM-ALL-dialogue-4367--1	E25018AEF5007ABE48F3028212265798CF8249D6679497F901479C3479EB592B	……내가 이런 장르를 별로 안 봐서 그런가. 오빠가 쓴 건, 좀 이해가 안 돼……	REVIEWED	MM	4368
dialogue	4368		GM-ALL-dialogue-4368--1	C538776FA56FBD958B4533FCE3019E31DD84DD5D4DA0F3E9EDBB47F030A108B4	괜찮아. 지금은 나도 이해 안 돼.	REVIEWED	LM	4369
dialogue	4369		GM-ALL-dialogue-4369--1	3AECFBA4480328535C28AC85BAA94C9F4778BBB9A3F39FA953CD4128EBB5F206	……으악, '이 세계에서 약자는 이해받지 못한다…… 인간은 타인의 내면 깊숙한 곳까지 닿을 수 없으며, 나는 바로 그 바벨탑 속의 고독한 여행자……'	REVIEWED	MM	4370
dialogue	4370		GM-ALL-dialogue-4370--1	6A120C8BE4F86143EBECBB33B80FA5DCC2A8EEE74EB3600E9B7D5E3BB6743752	제발 그만해, 소리 내서 읽지 마!?	REVIEWED	LM	4371
dialogue	4371		GM-ALL-dialogue-4371--1	293ABBBBE3C8FE01A19A088B8110175F4554BE817BCB4BA3DDC296D19CB0FC9D	풋……	REVIEWED	BXY	4372
dialogue	4372		GM-ALL-dialogue-4372--1	7C599A18D1FC7A592A7A5888ACC3DDCC97BAF9D87137E302A5AD8A584B02B910	아…… 모추링 왔어.	REVIEWED	HXC	4373
dialogue	4373		GM-ALL-dialogue-4373--1	FBF82B390E78A627CB68F5CE0A4240C5FE8574E3F1D334DC9868B6EA095FB026	으악! 빨리 치워. 더 많은 사람한테 흑역사 보여주고 싶지 않아……!	REVIEWED	LM	4374
dialogue	4374		GM-ALL-dialogue-4374--1	E807995540938A9CD186DE7660C99D8E5721819FE9082C0FB105A7DE4DBE980D	모추링 선배라면, 어쩌면 이해할지도 몰라요.	REVIEWED	BXY	4375
dialogue	4375		GM-ALL-dialogue-4375--1	CF6C9D5D787DD187A6CDDC596F1329919DD3245E0940A6FAB74A0A7C9AA36A77	그러게. 부끄러워하지 마, 오빠~	REVIEWED	MM	4376
dialogue	4376		GM-ALL-dialogue-4376--1	F9F6658C7A5BBEAC67E4D64ABC07DB5F9440FDBDA9E6EAB272DBD49E3C6A02FC	모추링 반응, 보고 싶어.	REVIEWED	HXC	4377
dialogue	4377		GM-ALL-dialogue-4377--1	48E32F4F28CA0F335D97330A35356B262A75F95A7ABAA878CEBAFA28969C041B	너, 너희들 언제부터 이렇게 막 밀어붙이게 된 거야……!	REVIEWED	LM	4378
dialogue	4378		GM-ALL-dialogue-4378--1	3BFF5C19D86CC6661E7B1B03B8DA99F26E2444B99D6D604229BD8C954B5629E0	사실 나도 모추링이 어떤 반응을 보일지 궁금하긴 하다……!	REVIEWED		4379
dialogue	4379		GM-ALL-dialogue-4379--1	DAB535B3A7451E27B86DAB93B4EFE2A20C5ED891E0116F18DB0929996D70790D	원한다면, 빼앗아 보세요.	REVIEWED	BXY	4380
dialogue	4380		GM-ALL-dialogue-4380--1	90527046C323FE43E14788AAE3796E058B2352E4778EBCDCBB9496FA555ADB81	바이셴위――!	REVIEWED	LM	4381
dialogue	4381		GM-ALL-dialogue-4381--1	48A04F6DA17DF8E6C968698A6BC69CC54A1C6215F29CAD741C69AA3EE653B283	모추링, 리밍이 엄청난 소설 가져왔어.	REVIEWED	HXC	4382
dialogue	4382		GM-ALL-dialogue-4382--1	8E5D2B4C50B2215E737DEA45C4D2949FAD88E962FA0390C1518ED048CCBC2DC2	오빠가 꼭 보여주고 싶대――	REVIEWED	MM	4383
dialogue	4383		GM-ALL-dialogue-4383--1	A7F878B8CED1A7957C560D573E30DDBBC1696E38C370513AACBBF4BFF12E7F43	……	REVIEWED	MCL	4384
dialogue	4384		GM-ALL-dialogue-4384--1	74D48DA7B7530FB18AE6BE32B4FB5A69D919D36D9F980C0C88A3D8CDD3522102	아…… 여러분……	REVIEWED	MCL	4385
dialogue	4385		GM-ALL-dialogue-4385--1	551013F2D926DCB6C2CDDD2268F3301F1D25D4CE848EEA445C3FE9308FAD4290	여기, 아무래도…… 문을 닫아야 할 것 같아요.	REVIEWED	MCL	4386
dialogue	4386		GM-ALL-dialogue-4386--1	9E52B814F176A685E8B26DD87F253F4367A79803137DF3CC649A6D0AD3EC7090	한 달 안에 그래플링 하우스를 유명하게 만들지 못하면요.	REVIEWED	MCL	4387
dialogue	4387		GM-ALL-dialogue-4387--1	A7F878B8CED1A7957C560D573E30DDBBC1696E38C370513AACBBF4BFF12E7F43	……	REVIEWED		4388
dialogue	4388		GM-ALL-dialogue-4388--1	B4935894C8CE16BDE67BBFFC672428B1533C4F1E1E8B1CE21A2933183DB6BFA5	…	REVIEWED		4389
dialogue	4389		GM-ALL-dialogue-4389--1	DF060D6505958F178F282020F4121BAA07F7CE52A72CD92533350BB46E256E30	그 순간, 우리 네 사람 모두 동시에 “에?” 하고 한마디를 내뱉었다.	REVIEWED		4390
dialogue	4390		GM-ALL-dialogue-4390--1	E3B0C44298FC1C149AFBF4C8996FB92427AE41E4649B934CA495991B7852B855		EMPTY_CONTROL		4392
dialogue	4392		GM-ALL-dialogue-4392--1	6CE8FCCE3B7D9263A5713CF3F8A0B888F483583DD74BB57EDF43F017272A8962	문을 닫은 뒤, 모추링과 우리는 둘러앉았다.	REVIEWED		4393
dialogue	4393		GM-ALL-dialogue-4393--1	9534A39F533EE23BF9E4E46ABB2081899186CDDD554FBB79EA9FADE118C11516	음…… 가게를 차린 건 가족 허락을 받고 한 일이에요.	REVIEWED	MCL	4394
dialogue	4394		GM-ALL-dialogue-4394--1	74BE05054548F2F45CC2B511CEEDA7F00C4E15DCE76430CEBFD6EB2D51BCA9E0	엄청…… 심하게 반대했어?	REVIEWED	HXC	4395
dialogue	4395		GM-ALL-dialogue-4395--1	BE48E21E15FF042D5E6FF70FFDE1E374365F0634C185E28AE66F3E8D35795D26	그 정도는 아니었어요. 가족들은 꽤 열린 편이거든요……!	REVIEWED	MCL	4396
dialogue	4396		GM-ALL-dialogue-4396--1	74F987A463DCCE7BFEC2BD25CC2EAFB603C0BB5E7E474CE1FCE89B3A348FFAF0	그래도 워낙 큰일이니까, 일단 조건 하나가 붙긴 했어요.	REVIEWED	MCL	4397
dialogue	4397		GM-ALL-dialogue-4397--1	AAFE951D24C3DC093D2452221A768623033AFF6D781B4B1E8B3BC2C9CC6F3DEE	반년 안에 이 굿즈 가게를 대박 내라……는 건가요……	REVIEWED	LM	4398
dialogue	4398		GM-ALL-dialogue-4398--1	86960117F0AD4E4D9B0E2C822BD25D4A4803D0EE735756FAD467EF569C82D639	가업을 잇기 위한 훈련이라나 뭐라나……	REVIEWED	MCL	4399
dialogue	4399		GM-ALL-dialogue-4399--1	8149E8A3B321020AA0138D45CBB2EF1C1FDE32057244A64611B0DC9021501DF9	모추링네 집이 무슨 바이오테크 회사를 한다고 했던 게 기억난다.	REVIEWED		4400
dialogue	4400		GM-ALL-dialogue-4400--1	317EE3E310C61013D7B259EBB1CC8B607088073A4E8B53A048E8D524BD0E1871	이게 재벌집 아가씨만의 독특한 사회 체험 교육 같은 건가……!?	REVIEWED		4401
dialogue	4401		GM-ALL-dialogue-4401--1	521E40E2DB199B8D0CFE24B5C79E1318397A1949AF824392D29FB908D42888E3	제가 지난달에야 여길 발견했으니까, 그래플링 하우스는 길어야 두 달 정도 연 거죠? 아직 시간 꽤 남은 거 아닌가요.	REVIEWED	BXY	4402
dialogue	4402		GM-ALL-dialogue-4402--1	DDA2D7AC77000ED2AC81E9E2C251F1079CEA99CCB339D547804B6BA1C9F4FCB0	헤헤…… 그게, 여기 오는 사람이 사실 여러분밖에 없다는 걸 들켜버렸거든요.	REVIEWED	MCL	4403
dialogue	4403		GM-ALL-dialogue-4403--1	F0394A4ED8DD077716CE44BA3620DEB153CA12958FE25DA993A336F6F2E61CC6	맞아…… 나도 사실 계속 궁금했어. 이렇게 오래 있었는데도 다른 손님이 오는 걸 본 적이 없는 것 같아서.	REVIEWED	MM	4404
dialogue	4404		GM-ALL-dialogue-4404--1	A7F878B8CED1A7957C560D573E30DDBBC1696E38C370513AACBBF4BFF12E7F43	……	REVIEWED	LM	4405
dialogue	4405		GM-ALL-dialogue-4405--1	60FC12D2C51DB527E14C11126C6A41F6DD7EE7EE86B3405EAC6B352F9CA7727D	그래플링 하우스는 상점가에서도 가장 안쪽에 있어, 애초에 여기까지 들어오는 사람 자체가 적다.	REVIEWED		4406
dialogue	4406		GM-ALL-dialogue-4406--1	AD49A2E7F526DEB1058B6B41880ACC692BFABAFCE8299B78B54361E54A579BF6	더 치명적인 건 이 골목 앞쪽이 전부 미용실이나 각종 음식점이라는 점이다.	REVIEWED		4407
dialogue	4407		GM-ALL-dialogue-4407--1	022A32B3DA9DE9951E33891A59D2CE1038031A30A392C67F63799D21AE045AD9	굳이 안쪽 끝까지 들어올 이유가 없거나, 들어오더라도 바깥쪽 가게들에 손님을 다 뺏기는 셈이다.	REVIEWED		4408
dialogue	4408		GM-ALL-dialogue-4408--1	9930170945B206841425DA31CF2D3FDC8E9802D681CD23A9072BAA9DA3DEA970	그렇게 남은 몇 안 되는 손님이 정말 상점가 끝까지 들어온다 해도, 정체불명의 '그래플링 하우스' 간판과 밖에 세워둔 엄청 부끄러운 왕폭탄 간판 캐릭터 입간판을 보면――	REVIEWED		4409
dialogue	4409		GM-ALL-dialogue-4409--1	005BD61134773AE4DC33AB51D2AE8830841AA6FF9C34077D0FE4CCD9BA513465	혼자 들어올 수 있는 건 아마 사회성 만렙인 미연시 플레이어 정도뿐일 거다.	REVIEWED		4410
dialogue	4410		GM-ALL-dialogue-4410--1	D0AC374C133DCF959ECFAE1E1A4993DC5ECC6DD0E923FC5D070827AA5B6CBDA7	에!? 그게 이유였어요!? 그래플링 하우스라고 하면 안 됐던 거예요!?	REVIEWED	MCL	4411
dialogue	4411		GM-ALL-dialogue-4411--1	98F392179D6C6E193B2CDE17B3E7F0F06009AAD9C91E64ED377132DA9CA4146D	내 그림, 그렇게 부끄러워……?	REVIEWED	HXC	4412
dialogue	4412		GM-ALL-dialogue-4412--1	05FC7DE7D99B1E1E760D21757BD8259FC018DA18DE4EC1B25CB5AF3659DFF438	그냥 내 생각일 뿐이니까 너희 그렇게까지 신경 쓰지 마!?	REVIEWED	LM	4413
dialogue	4413		GM-ALL-dialogue-4413--1	2DDD0C87846221812C98E8FE592CF62DC231AF59FF47077AD7917FC66A2AFAD9	선배 말이 일리가 있어요. 저도 처음 여길 발견한 건 방에 틀어박혀 있지 말라고 해서, 사람 없는 곳을 찾다가 억지로 용기 내서 들어온 거였어요.	REVIEWED	BXY	4414
dialogue	4414		GM-ALL-dialogue-4414--1	99D57EE68BDF5188D0FE4EB60BE86B55D19B7C3F8B8829AD65B82ACA6665F79C	으에에―― 진짜였던 거예요!?	REVIEWED	MCL	4415
dialogue	4415		GM-ALL-dialogue-4415--1	EE3AF11318A244DE01895A28F815AA3EB31A5F6FD9D0FB7043816655A9AF2271	정말 그렇게 부끄러워……?	REVIEWED	HXC	4416
dialogue	4416		GM-ALL-dialogue-4416--1	47B5C20ABAE9548F6A768CE50F0C74CA578F87A9831911D1354FC0B65A452628	아하하……	REVIEWED	MM	4417
dialogue	4417		GM-ALL-dialogue-4417--1	32024AE14FFEA7FC9B8126FA97135A90F9F8E2EC2C2CDBC097DF081B564AFFC2	인터넷으로 홍보해본 적은 없어요?	REVIEWED	LM	4418
dialogue	4418		GM-ALL-dialogue-4418--1	1BD03D6F7CC29BE7B191A9ADC188EFE6FE4D15BBA68E88F29D9314A276F20ADF	플랫폼 몇 군데에 계정은 만들었는데…… 계정 운영 같은 건 진짜 하나도 몰라요――	REVIEWED	MCL	4419
dialogue	4419		GM-ALL-dialogue-4419--1	9B48AE380C44A6A4A9315B3C997CAE7133074FCAC99EC3EB4B1A18BA0143D8C7	혼자 가게를 차릴 돈은 모았지만, 정작 가게를 홍보하는 건 못 한다.	REVIEWED		4420
dialogue	4420		GM-ALL-dialogue-4420--1	DF774814B6C7B25546179FC0A8C57AA551B33E49F47282A3D59DFEECAD70845D	누구에게나 잘하는 일과 못하는 일이 있는 법이지.	REVIEWED		4421
dialogue	4421		GM-ALL-dialogue-4421--1	E4485600D2F4ADEA220D4A05E8E4B6FE15E8F874DACCAC7BA88EC8D3924130CC	원래는 몇 달 동안 천천히 방법을 생각해보려고 했어요. 처음엔 확실히 많이 조급했지만요.	REVIEWED	MCL	4422
dialogue	4422		GM-ALL-dialogue-4422--1	B17C1C4EB380280A9EC5280F67EBF8022E98CA15275FD9EBD47907BB82034D74	그런데 여러분이 여기 오기 시작한 뒤로, 갑자기 너무 만족스러워졌어요.	REVIEWED	MCL	4423
dialogue	4423		GM-ALL-dialogue-4423--1	61534EA12854E7230AF4E2382EFC88D167D407CBF4E056F4B70BCBC3C3E03DB9	계속 이대로여도 괜찮겠다, 여러분만 있으면 충분하다고 생각했어요.	REVIEWED	MCL	4424
dialogue	4424		GM-ALL-dialogue-4424--1	517B250F67F6CBEBB6B5076D29BEC4A3296975F8332E39B1FC138763DA2F3C62	그러다 가족들이 그래플링 하우스가 두 달 내내 적자라는 걸 알아버려서, 조건이 갑자기 더 엄격해졌어요.	REVIEWED	MCL	4425
dialogue	4425		GM-ALL-dialogue-4425--1	7DDC218C82FC4657E1C7CE45578C82DA5B5112C37FBCDEFDEFD8D77263154B0A	보통은 몇 달 더 시간을 주는 게 맞지 않나.	REVIEWED		4426
dialogue	4426		GM-ALL-dialogue-4426--1	452C1E5A7B1C01EA15C3476578AE413D22284E69781A12B573DED914493DBC82	이제, 어떻게 해야 할까요……	REVIEWED	MCL	4427
dialogue	4427		GM-ALL-dialogue-4427--1	72919782D4D4BB3CFE676160D8B175E4A280FC085D07BAC5F3438DE951511D14	모추링이 저렇게 고민에 빠진 표정을 짓는 건 처음 봤다.	REVIEWED		4428
dialogue	4428		GM-ALL-dialogue-4428--1	B1B483ABA3DAD043142678AF2858727B254DDA2DF295B69E689DBEA98F5DC3A1	정말 가끔, 아주 드문 순간에만 그녀가 무심코 어두운 감정을 드러내는 걸 본 적이 있다.	REVIEWED		4429
dialogue	4429		GM-ALL-dialogue-4429--1	AA17B97859B783D35128C7D7680D0E050296A898C05AEFE812F6858C356E2374	그런데 지금은 애써 감추려는 기력조차 없어 보였다. 이 일이 정말 큰 압박으로 다가온 모양이다.	REVIEWED		4430
dialogue	4430		GM-ALL-dialogue-4430--1	95CF8509DD64FB5D46810EB773A1CF20339FF2E7F6A8D3BC32A38C54E2BFCDEC	꼭…… 가족들이 하라는 대로 해야 하나요?	REVIEWED	BXY	4431
dialogue	4431		GM-ALL-dialogue-4431--1	F0418F0981E95559989483428643917A44C47390F4393DD98DC5EB1E8EC79FE2	처음 점포를 알아볼 때 가족들이 많이 도와줬고, 이 조건도 제가 받아들였어요.	REVIEWED	MCL	4432
dialogue	4432		GM-ALL-dialogue-4432--1	1738A570655CBCB5FEF474B0D757658F679C9E4299EC92E99E9C105F4A1B6DA8	자기 결정에는 책임을 져야 하니까요―― 제가 부족하다고 약속을 깨는 건 못 해요……	REVIEWED	MCL	4433
dialogue	4433		GM-ALL-dialogue-4433--1	CA1E48A4F2EFBEC0AD6C85B9A12C42CEAD55979C11F7778B2470B4CE75E9DA7A	모추링…… 자기 자신한테도 저렇게 엄격한 사람이었구나.	REVIEWED		4434
dialogue	4434		GM-ALL-dialogue-4434--1	B7879B34F4181400F890991AAB2DB27698722C3B8B4CB264EC8E96BBA1180DE6	그리고 가족들 말도 틀린 건 아니에요. 계속 적자라면 아르바이트비만으로는 언젠가 버티지 못할 테니까요.	REVIEWED	MCL	4435
dialogue	4435		GM-ALL-dialogue-4435--1	6D2CB8E5674B27C1C981490A826DE46856C46CF97FD4090DCEBF17EC006B60E9	한 달 안에 이름을 알리지 못하면, 그래플링 하우스를 닫아야 한다.	REVIEWED		4436
dialogue	4436		GM-ALL-dialogue-4436--1	57B33298B39C234DAC1889C5D2384A592AF68D712739EEC980301B09543498E4	처음 가족과 한 약속을 무시하고 억지로 계속 연다고 해도, 다른 손님이 오지 않는다면 폐업은 시간문제다.	REVIEWED		4437
dialogue	4437		GM-ALL-dialogue-4437--1	4B1419316F6836191B2594F3BE1A49A5FE2E8D7D934C9B2106AC9B3BD05A042B	어쨌든 두 달 동안의 달콤한 시간은 끝났고, 이제 현실과 마주해야 할 때가 왔다.	REVIEWED		4438
dialogue	4438		GM-ALL-dialogue-4438--1	53392F20B57C9F2CF0F686C39B903989BAF98419BF3F1E90A4DFA7C3FE66CF59	결국 처음부터 가족의 조건을 받아들였든 아니든, 그래플링 하우스의 이름을 알리는 건 반드시 해야 할 일이었다.	REVIEWED		4439
dialogue	4439		GM-ALL-dialogue-4439--1	134785153DD22F93B225808FEF73E0E44A7FA937D35285919842EFE6EB60FD62	닫는다고……? 여기를?	REVIEWED		4440
dialogue	4440		GM-ALL-dialogue-4440--1	850846175D86F9FD11DD3F000979D2738A867ED291D30985606D5EA99A53E353	한샤오청과 샤오예는 그렇다 쳐도, 나와 바이셴위, 모추링의 관계는 그래플링 하우스가 있었기에 생긴 것이다.	REVIEWED		4441
dialogue	4441		GM-ALL-dialogue-4441--1	EFF2F3DED3A54AAA916F43F93F92BCDA6569AC659AAE5422A08F0443F806F65B	여기가 없어지면, 그래도 계속 만날 수 있을까?	REVIEWED		4442
dialogue	4442		GM-ALL-dialogue-4442--1	2C8F2E0F572A4E56AA0087A4DD51F46693068E27D4840BD70D5CC71377DB4CBA	그리고…… 그때가 되면, 나는 다시 예전처럼 공허한 생활로 돌아가는 걸까?	REVIEWED		4443
dialogue	4443		GM-ALL-dialogue-4443--1	9937511761C6467F45DFBD237A5E05749EEF90374BE5FA12AC8E33F4172F8255	그럴 리는 없겠지. 다 같은 학교고, 연락이 갑자기 끊길 일도 없다.	REVIEWED		4444
dialogue	4444		GM-ALL-dialogue-4444--1	DEEF5A97557AA9CFFB1429D5986D4FE8362518F28801B88C1884817876ADFD4D	바이셴위는 평소처럼 식당에 나타날 테고, 한샤오청도 여전히 매일 내 옆에 앉을 것이다. 모추링도 만나려면 얼마든지 만날 수 있다.	REVIEWED		4445
dialogue	4445		GM-ALL-dialogue-4445--1	A7F878B8CED1A7957C560D573E30DDBBC1696E38C370513AACBBF4BFF12E7F43	……	REVIEWED	LM	4446
dialogue	4446		GM-ALL-dialogue-4446--1	34AFE653E56AA30BACDB79B17EF37DB7CC827A6980A7730D9F8CC69BDE5DEDE3	하지만 그것만으로 그래플링 하우스가 사라져도 상관없는 곳이라고 생각할 수 있느냐 하면……	REVIEWED		4447
dialogue	4447		GM-ALL-dialogue-4447--1	6BEC3786C6B5254151C99C29E2730773FBB8844375A59C4FB41BEE4F20EB2EE8	그건―― 절대로 아니다.	REVIEWED		4448
dialogue	4448		GM-ALL-dialogue-4448--1	4B607BCEE626B69614FFDFF61D7D17A2CC1727DFDF09B08BEF94E3C4B1869A8D	――어쩌면, 오빠가 새 집을 찾은 걸지도 모르겠네. 후후.――	REVIEWED		4449
dialogue	4449		GM-ALL-dialogue-4449--1	E893C6FA60C5E7D34CE5029580DDC37C920D6585471D56D94480477CD3BE427A	무심코 샤오예를 바라보니, 그녀도 걱정스러운 눈으로 나를 보고 있었다.	REVIEWED		4450
dialogue	4450		GM-ALL-dialogue-4450--1	0F7BFE91D3138B502105432F426C19DF7FB6EBDDA5FCF61F569154528910788F	바이셴위와 한샤오청은 계속 무슨 말을 해야 할지 망설이고 있었다. 아마 이런 분위기를 대하는 데 서툰 거겠지.	REVIEWED		4451
dialogue	4451		GM-ALL-dialogue-4451--1	15AD221ED0CF4FA0225DEE86053A7FFF3844085CB65F7F17F2887C65CBA839EF	워낙 무거운 미래 얘기였으니까.	REVIEWED		4452
dialogue	4452		GM-ALL-dialogue-4452--1	631BF8FEC6968F3B38FDC6AB5B3CA60F9AC3ED8D6E94BB32A414724652937311	나는, 망설일 이유가 전혀 없다고 생각했다.	REVIEWED		4453
dialogue	4453		GM-ALL-dialogue-4453--1	E3B0C44298FC1C149AFBF4C8996FB92427AE41E4649B934CA495991B7852B855		EMPTY_CONTROL		-1
option	4453	0	GM-ALL-option-4453-0	E2CF7DCDFC8E674BAE5B12404752071EEE11749858E8DFAE43FAC003D3B8E06E	도와준다	REVIEWED		-1
dialogue	4454		GM-ALL-dialogue-4454--1	B3EBBB87490C36EACC423C650D6B6D89CCC10618A573E6B033DD64ED39DD1794	혹시…… 저희가 도울 수 있는 일이 있을까요?	REVIEWED	LM	4455
dialogue	4455		GM-ALL-dialogue-4455--1	763594AE60DD85B061033CAD67A01A77C1AA1D1079B2D1821F098A0D54FB3D40	응. 필요한 게 있으면 나랑 오빠가 다 도와줄게.	REVIEWED	MM	4456
dialogue	4456		GM-ALL-dialogue-4456--1	2CC1CE497B2AA4D21A3528387CAB272833F5D424CB6812BA48EFCC2460194A03	……저도요. 선배한테 그렇게 오래 신세를 졌는데, 아무것도 안 할 수는 없어요.	REVIEWED	BXY	4457
dialogue	4457		GM-ALL-dialogue-4457--1	F9D61117339CE68583C902C6EFE39CC93AF76DC219E830C6CDA9169ED4C6FC76	요즘은 의뢰도 없어. 뭐든 그릴 수 있어.	REVIEWED	HXC	4458
dialogue	4458		GM-ALL-dialogue-4458--1	7B6E8B54372FE5FA20FA72848980902C600A0C26FFF5AC381E6F107A5F070034	우리가 이렇게 적극적으로 나올 줄 몰랐는지, 모추링은 순식간에 당황했다.	REVIEWED		4459
dialogue	4459		GM-ALL-dialogue-4459--1	E8129CBA22DC48213E4CF3386D3D4FEFA489B5E30B07214E6D65E8BBF9F03D1F	아! 그, 그러지 마세요. 그렇게까지 신경 안 써도 돼요!	REVIEWED	MCL	4460
dialogue	4460		GM-ALL-dialogue-4460--1	5A67383A2F84D5DA8233042DDB7FDE0EC14FDCF73B42F31128AA0D27EC8DFCBA	저는…… 제 일 때문에 여러분한테까지 폐 끼치고 싶지 않아요……	REVIEWED	MCL	4461
dialogue	4461		GM-ALL-dialogue-4461--1	C1E3FAD6707CF220F7836C90B11855402D63D8F94AF3A96D8AEEB93FCC67DC5C	그래서 계속 말을 안 했던 건데, 이제 한 달밖에 안 남았다면 어쩔 수 없이 말해야겠네요……	REVIEWED	MCL	4462
dialogue	4462		GM-ALL-dialogue-4462--1	6349A8AAE694E36EB3326FB8C933B512F59DFCD26634A3B272C81C4BD3A9A678	정말 어찌할 바를 모르는 표정이었다.	REVIEWED		4463
dialogue	4463		GM-ALL-dialogue-4463--1	CDCC3253C7094A6906CFED453E57DBDB8D6FA86728465B2BA7E92B9568677BA8	이미 손쓸 방법이 없는 상황인데도 끝까지 혼자 해결하려 했던 걸까. 어쩌면 그게 모추링의 방식이었을지도 모른다.	REVIEWED		4464
dialogue	4464		GM-ALL-dialogue-4464--1	AF94E080745133E5F553AB79190AB7A75E2D04D8610C2638E7D18384D6C2F497	확실히 모추링은 이미 충분히 노력했다. 혼자 그래플링 하우스의 비용을 감당하면서 집안 쪽 일도 돕고 학업까지 병행했다. 할 수 있는 최선을 다한 셈이다.	REVIEWED		4465
dialogue	4465		GM-ALL-dialogue-4465--1	F5939D1F9D64BF44892AA1200EF92E50AA2442FCBD97D6E873D154AF6566E7DA	하지만 지난 두 달 동안 방법을 찾지 못했다면, 남은 한 달 동안 도움을 구하지 않는 한 아무것도 달라지지 않을 것이다.	REVIEWED		4466
dialogue	4466		GM-ALL-dialogue-4466--1	0052F16BF8C07CBF86259C48FC71BEF490F89E9269E25A22206ABBAA38835F25	혼자서만 생각하다 보면 쉽게 생각의 늪에 빠지고, 방법을 못 찾아 절망할 수도 있다.	REVIEWED		4467
dialogue	4467		GM-ALL-dialogue-4467--1	CA0D6EB23DE80742DC29031B26B6D7EA424C4B916B32B66610504A10914F9CAE	그렇게 되면 그래플링 하우스가 문을 닫는 게 정말 기정사실이 되고 만다.	REVIEWED		4468
dialogue	4468		GM-ALL-dialogue-4468--1	16495FA39E7DAD31E9AB5FF02895EA8A6C8767A5913B33F42757D1410F3CCC8A	바이셴위 일행의 반응을 보니, 여기 있는 누구도 그런 일이 벌어지길 바라지 않는 것 같았다.	REVIEWED		4469
dialogue	4469		GM-ALL-dialogue-4469--1	8B2786FA6874844BD6DAFDC0940E47C25EDFA30423BEC00A8E430E734CB99D77	그리고 지금, 우리 모두가 자기 몫만큼 힘을 보태 이곳을 지키고 싶어 한다.	REVIEWED		4470
dialogue	4470		GM-ALL-dialogue-4470--1	739B78FAE2E52C044BCF1C3A587AD21545658D1396D4DE845B3C2B81FBCFB80E	어떻게 해야 모추링이 모두의 도움을 받아들이게 할 수 있을지, 제대로 생각해보자――	REVIEWED		4471
dialogue	4471		GM-ALL-dialogue-4471--1	3244801A7F86D1EB8EA569CF4EDDC6A49CBFC45910C2BED588C675338849469E	모추링 씨는 왜 이 가게를 열었어요?	REVIEWED	LM	4472
dialogue	4472		GM-ALL-dialogue-4472--1	EB2E27431542F129E1123958DC2FCF4D112D42BCB294007A0A624DA834A0CCC1	매일 그렇게 힘들게 아르바이트하면서, 가족이 내건 까다로운 조건까지 감수하면서도 계속하고 싶었던…… 이유가 뭐예요?	REVIEWED	LM	4473
dialogue	4473		GM-ALL-dialogue-4473--1	456A1E7399E185F06EB8E7447341FB066E066233EE251C84D5050E3310B8502A	대체 무엇이 그녀를 지금까지 버티게 해줬는지 알고 싶었다.	REVIEWED		4474
dialogue	4474		GM-ALL-dialogue-4474--1	A7F878B8CED1A7957C560D573E30DDBBC1696E38C370513AACBBF4BFF12E7F43	……	REVIEWED	MCL	4475
dialogue	4475		GM-ALL-dialogue-4475--1	4E85DA51A9289890C4D13E0F6F684C32C6454C471FEECC611419D8B2FD45DA7F	KEI사 작품…… 다들 아세요?	REVIEWED	MCL	4476
dialogue	4476		GM-ALL-dialogue-4476--1	E45BE7F96D007906516985DB094FB2314BE5CBC64AE14B88A8FE6B9620E7D8CC	KEI사, 눈물 나는 명작을 많이 만든 그 회사 맞죠?	REVIEWED	BXY	4477
dialogue	4477		GM-ALL-dialogue-4477--1	6522517A1B9AA944547F4C2C03FE913F6C378F47E144EEE99404A2AAB09B98DA	CLAOOAD, 스프링 포켓츠, 빅 버스터즈!…… 모두 이 회사 작품으로, 감동적인 스토리와 눈물샘을 자극하는 전개로 플레이어들 사이에서 유명하다.	REVIEWED		4478
dialogue	4478		GM-ALL-dialogue-4478--1	30923987A5EDCC2B4AE297CEB215844155AFFDC01CDAC62137C97C12B702D3B0	네! 중학생 때부터 그쪽 게임을 많이 했어요!	REVIEWED	MCL	4479
dialogue	4479		GM-ALL-dialogue-4479--1	2C28119E375431B29C217D788BB41319943FF94B87AF200AAD5AADD40FD9E13F	우와…… 나보다도 빨라……	REVIEWED	LM	4480
dialogue	4480		GM-ALL-dialogue-4480--1	A0497C8B4F9CEFAD5C4E8ACC9B2399DAE2B85B1A99741526ECCDA05F792D33C9	저, 저는 전, 전연령판만 했거든요. 괜찮아요, 아하하.	REVIEWED	MCL	4481
dialogue	4481		GM-ALL-dialogue-4481--1	3574A0C4E583B066F6F22458EE49380A7408FEC108B0F1BEBC8304055B7389E1	그녀는 어색하게 나를 향해 웃었지만, 그 웃음은 서서히 쓸쓸함으로 바뀌었다.	REVIEWED		4482
dialogue	4482		GM-ALL-dialogue-4482--1	8C70F23A369925D13C61BC138965FFEF6DAF520AB6242F65975F74E50B1FE4B1	모원 바이오테크…… 들어본 적 있으세요?	REVIEWED	MCL	4483
dialogue	4483		GM-ALL-dialogue-4483--1	FBE9B8A6562528C71DAC2F35E4BB3503757FD80FD15A323C0F3842922F08E2DA	아……	REVIEWED	MM	4484
dialogue	4484		GM-ALL-dialogue-4484--1	CEDA2BE369261830CB18DDE737452CBB3013E3B643F4B97BD956C3384938C36C	어디선가 본 이름 같긴 한데, 잘 기억은 안 나요.	REVIEWED	LM	4485
dialogue	4485		GM-ALL-dialogue-4485--1	CE13D27240B30FFE2C134F0F782692ADB17390FC3DF1FCBC8F5244D64CDB024C	거기, 저희 집 회사예요.	REVIEWED	MCL	4486
dialogue	4486		GM-ALL-dialogue-4486--1	57AE816F8C1D70BA48B16643008E71FEFFAB84B23E1C552B1F932B45F9BE8967	진짜 아가씨였군요……	REVIEWED	BXY	4487
dialogue	4487		GM-ALL-dialogue-4487--1	C7F979837E37B667B7D15C1532500E3C6EDEE78C1951C49930F70DAA850990C5	그렇게 부르지 마세요.	REVIEWED	MCL	4488
dialogue	4488		GM-ALL-dialogue-4488--1	96A985C6A96414C034D836266292321C25680DD048C82107486217BCBDDFE18C	그녀는 일단 웃으며 농담을 받아준 뒤, 다시 차분한 목소리로 말을 이어갔다.	REVIEWED		4489
dialogue	4489		GM-ALL-dialogue-4489--1	21EFC05CC7CC77FB4120124EC4F6669F9A7DDC43E8F046FC15070753FC1B6018	아주 어릴 때부터 나중에 집안 쪽 일을 도울 준비를 해야 해서, 제 컴퓨터가 따로 있었어요.	REVIEWED	MCL	4490
dialogue	4490		GM-ALL-dialogue-4490--1	5B38B52403533A52CA19522B23F1446787312FB5018970839CE57E0142FDADDC	평범하게 학교를 다니는 것 말고도, 집에 오면 통계 프로그램이나 프로그래밍 기초 같은 걸 배우기 시작했고요.	REVIEWED	MCL	4491
dialogue	4491		GM-ALL-dialogue-4491--1	B477229BE5B46C20D5D4EADAEEA76393F9BED591AB32086221538D695DC7E235	아, 그렇게 놀라지 마세요. 제대로 배우기 시작한 건 중학생 때였고, 학교 수업보다 훨씬 재밌었어요.	REVIEWED	MCL	4492
dialogue	4492		GM-ALL-dialogue-4492--1	2CA7DF9679C63B564FB78A99B9B3C1B4463573D9B82847962CB206D64F2A24AF	그래플링 하우스 카운터 뒤에서 모추링이 컴퓨터로 코드를 만지작거리던 모습이 떠올랐다.	REVIEWED		4493
dialogue	4493		GM-ALL-dialogue-4493--1	BA2F9691DC0C14458C4BA6DB75EA31114901BFB8659BD4AA2040B410EA6E7A5A	딱 그 무렵 KEI사 게임을 접했어요. 제 입문작이었던 셈이죠.	REVIEWED	MCL	4494
dialogue	4494		GM-ALL-dialogue-4494--1	E400642F4A739A1C3906CBB36982FCCEB63CF5F61DF52E55BE3A741638DF7AA6	보통은 다들 애니를 먼저 보고 KEI사를 알게 되잖아요?	REVIEWED	MCL	4495
dialogue	4495		GM-ALL-dialogue-4495--1	064966ED82EC21FD6732A68F5A0EDA1ED7F057A7B158B415C456FA50DCD3B459	적어도 저는 그랬어요.	REVIEWED	LM	4496
dialogue	4496		GM-ALL-dialogue-4496--1	B2E796C3443727A5666DE65C318461F48203E12F7FD8AD154E6C2F9B9C8FE4BC	……저도요. 게임 그림체가 좀……	REVIEWED	BXY	4497
dialogue	4497		GM-ALL-dialogue-4497--1	0C1A79907FDD5D35840F3F2A5710C7020B6156BFC43BEA6781CE6A666C5A3F38	어? 안 귀여워?	REVIEWED	HXC	4498
dialogue	4498		GM-ALL-dialogue-4498--1	3CD25E1F44EA32ED920F05E1FE3960A883B436F70DC31EEF814DE071EE5085EE	헤헤…… 역시 제 경우가 좀 특이했네요.	REVIEWED	MCL	4499
dialogue	4499		GM-ALL-dialogue-4499--1	0FCB1264BB15BDCE70EB752374DF9EF2E30CA22840AB30710D5D1A1062C956CC	그녀는 살짝 고개를 숙였다.	REVIEWED		4500
dialogue	4500		GM-ALL-dialogue-4500--1	7D1F826F316A0CB7633CC8651462592D2251260EBECD4794552138BD8CAB2D08	그날 밤 게임을 다 끝낸 뒤, 컴퓨터 앞에서 입을 틀어막고 엉엉 울었어요.	REVIEWED	MCL	4501
dialogue	4501		GM-ALL-dialogue-4501--1	D2D012574F6D90607E467EBE66CC0E0083FAB0271FD9D2670C53F5769CBE7B55	이렇게 좋은 작품을 만나면 당연히 다른 사람하고 감상을 나누고 싶잖아요. 그래서 다음 날 바로 친구를 붙잡고 그 게임 얘기를 했죠.	REVIEWED	MCL	4502
dialogue	4502		GM-ALL-dialogue-4502--1	E9E81C2CDA1E7F3D319C5341217585F12A169417072486CE1E3EBE6131D3A84D	그런데 규율이 엄격한 여학교라서 그런지, 관심을 보이는 애가 아무도 없더라고요.	REVIEWED	MCL	4503
dialogue	4503		GM-ALL-dialogue-4503--1	E3B0C44298FC1C149AFBF4C8996FB92427AE41E4649B934CA495991B7852B855		EMPTY_CONTROL		4505
dialogue	4505		GM-ALL-dialogue-4505--1	E55C1A954CEAD775873CCD3832989DB3561BC4C476CA2836EC6F03864207D11D	에~ 이 사람 눈 너무 큰 거 아니야? 완전 못생겼어~	REVIEWED	L	4506
dialogue	4506		GM-ALL-dialogue-4506--1	D470312FC9387CD912E10663CF5492350ABCC5787A82E1503F6E6E3816D1337B	왜 여자 캐릭터밖에 없어? 남자 캐릭터 그림도 별론데?	REVIEWED	L	4507
dialogue	4507		GM-ALL-dialogue-4507--1	9956FD08EBC7A66A61AE27FFAAFA018676F23EBA1A213CBA3DDAAE45ADDBB1A8	그리고 나 이런 게임 들어본 적 있어. 그……	REVIEWED	L	4508
dialogue	4508		GM-ALL-dialogue-4508--1	D0873065BCE7B4CC90002D988EFB6119D3C51DCAC69BF76C0DDAACD69D814C1B	헐, 설마. 추링이가 이런 걸 좋아한다고?	REVIEWED	L	4509
dialogue	4509		GM-ALL-dialogue-4509--1	A9CB4A456FC50D1CD52245AE9AB768F2C2D22052F3761C9E27D5174D927C26C4	어? 어…… 아, 아니야. 친구가 이 게임 얘기를 해줬는데 나도 잘 몰라서, 너희한테 물어보려고 한 거야……	REVIEWED	MCL	4510
dialogue	4510		GM-ALL-dialogue-4510--1	A8250006D4FF766E35DFAB93D340FB0B70F02901BE8E0543082F4E672FD38D63	이런 건 봐도 재미없잖아.	REVIEWED	L	4511
dialogue	4511		GM-ALL-dialogue-4511--1	E3B0C44298FC1C149AFBF4C8996FB92427AE41E4649B934CA495991B7852B855		EMPTY_CONTROL		4513
dialogue	4513		GM-ALL-dialogue-4513--1	53823F13EE1F2AA60A7C09FFE8469DCA59CCB1FABD45514EF0B7E1B70216A76B	감상을 나눌 친구가 없다는 걸―― 그제야 깨달았어요.	REVIEWED	MCL	4514
dialogue	4514		GM-ALL-dialogue-4514--1	A7F878B8CED1A7957C560D573E30DDBBC1696E38C370513AACBBF4BFF12E7F43	……	REVIEWED	LM	4515
dialogue	4515		GM-ALL-dialogue-4515--1	EDD7F3AE37DC363C6892E41936C9B0814B7475369B209036E2ADC70987FC5B22	중학생 때부터 그런 생각을 했어요.	REVIEWED	MCL	4516
dialogue	4516		GM-ALL-dialogue-4516--1	560C638D74FF1CA8B51CE911069E5ED11C59D7C6472DBB31712AC418C29857B5	이런 작품을 좋아하는 사람들은, 외롭지 않을까 하고요.	REVIEWED	MCL	4517
dialogue	4517		GM-ALL-dialogue-4517--1	EB6F7E59F90AF6C09F263542668F00D975B2FD9B5E7A370A0A8409A193915C48	사람들과 어울리지 못해서 외로운 게 아니라…… 좋아하는 작품 이야기를 함께 할 사람이 없고, 좋은 작품을 만났을 때의 기쁨을 알아줄 사람도 없는……	REVIEWED	MCL	4518
dialogue	4518		GM-ALL-dialogue-4518--1	0622E5F6E77597CE2A6C894735FBA463318AE631D3653797DFF37E9E8470472F	그때의 저처럼요.	REVIEWED	MCL	4519
dialogue	4519		GM-ALL-dialogue-4519--1	A7F878B8CED1A7957C560D573E30DDBBC1696E38C370513AACBBF4BFF12E7F43	……	REVIEWED		4520
dialogue	4520		GM-ALL-dialogue-4520--1	890C0322B7D01A9E6E1B5D32F825CED688FC704AB2C2A0F163E936D25A0BC866	'외롭다'는 말을 듣자 두 소녀가 살짝 고개를 들었다.	REVIEWED		4521
dialogue	4521		GM-ALL-dialogue-4521--1	4C77C36B30D57DADF20522043A64ECCF42B344B6A86832679035C29A16360916	사람들과 어울리지 못해서 외로운 게 아니라, 마음이 외로운 거……인가?	REVIEWED		4522
dialogue	4522		GM-ALL-dialogue-4522--1	A7F878B8CED1A7957C560D573E30DDBBC1696E38C370513AACBBF4BFF12E7F43	……	REVIEWED	LM	4523
dialogue	4523		GM-ALL-dialogue-4523--1	3117BA9DC043368932A78CDAEB03460DEE023D2A6168813EBC5CA6CBE723DE7C	나도 아마 이해할 수 있다. 모추링 선배처럼 나 역시 이쪽 문화가 막 퍼지기 시작하던 시절을 겪었으니까.	REVIEWED		4524
dialogue	4524		GM-ALL-dialogue-4524--1	E4A4355A45F469A6FD781441C5AB576A35D217D7B6B09DD177E2A15CD6F7D819	그 시절의 외로움은 이제 많이 희미해졌지만, 여전히 어렴풋한 감각으로 남아 있다.	REVIEWED		4525
dialogue	4525		GM-ALL-dialogue-4525--1	AA80924DE07D26CF38EDFE8DCF797567571275C7BAEB5A538C8B474A646DC5FB	그래서, 어떤 장소를 상상하기 시작했어요.	REVIEWED	MCL	4526
dialogue	4526		GM-ALL-dialogue-4526--1	603A3787A9A0E8459DDA9263F62AF51D363465F46735A1103B30244F8B943E62	미연시를 좋아하는 사람들만의 장소가 있어서, 다 같이 좋아하는 걸 즐겁게 이야기하고, 다른 사람에게는 나눌 수 없던 마음도 마음껏 풀어놓을 수 있다면……	REVIEWED	MCL	4527
dialogue	4527		GM-ALL-dialogue-4527--1	970B5062F4B9F1B3D9BC2B9CFEDA7FF9FA9D0C575EDE4798B0200C2D8CF2F4F5	저는, 그런 모습을 제 눈으로 직접 보고 싶었어요.	REVIEWED	MCL	4528
dialogue	4528		GM-ALL-dialogue-4528--1	F7BB7FD3E0B4F215E60284A6E5A7E490DACFA770CDCA8916D0BD9CB6D4C73F05	그녀는 갑자기 얼굴을 붉혔다.	REVIEWED		4529
dialogue	4529		GM-ALL-dialogue-4529--1	82F6245F8B725A599A0FFA69CA7307E52987A30F534AB81659C44287714510B3	아…… 아하하, 무슨 중2병 같은 말을 해버렸네요…… 저 왜 이러죠……	REVIEWED	MCL	4530
dialogue	4530		GM-ALL-dialogue-4530--1	815D86169F5F40C52427210A51BF7A2A1471A24A66CD12FDE9ED6AC9C7BA965C	저는, 모추링 선배가…… 정말 대단한 일을 하고 있다고 생각해요.	REVIEWED	BXY	4531
dialogue	4531		GM-ALL-dialogue-4531--1	0117EC28F55641696F6282418D7F79779A9FB854E1C3277AA8109AB62A3ECA2F	에!? 너, 너무 거창해요! 그런 거 아니에요!	REVIEWED	MCL	4532
dialogue	4532		GM-ALL-dialogue-4532--1	7B4D6D33DB6D43AC95B1C6AE5C0A272093CE4086793B589E270298D561268D48	저도…… 이해할 수 있어요. 그런 외로움은 저도 겪어봤으니까요.	REVIEWED	LM	4533
dialogue	4533		GM-ALL-dialogue-4533--1	7D51AD1249416526E0D3AE3E0D0B0E3B8D375AFF9D12B11C5C55207E3B94D1A8	그런데 다른 사람들과 달리, 모추링 씨는 정말 직접 움직였잖아요. 같은 사람들을 그 외로움에서 벗어나게 해주려고……	REVIEWED	LM	4534
dialogue	4534		GM-ALL-dialogue-4534--1	403CD6FA15256C49D650588A9E9CA64B299DF07AF3709777EE90ACB255DC8844	저는 그게 정말 용기 있고, 대단한 일이라고 생각해요.	REVIEWED	LM	4535
dialogue	4535		GM-ALL-dialogue-4535--1	1B29309D0D1CF060C3E07228A22A174C5F41811C436F0F4F1D9B35AA73F49F8A	으으~ 그렇게 칭찬하지 마세요~	REVIEWED	MCL	4536
dialogue	4536		GM-ALL-dialogue-4536--1	07D8780700349383248EC67B6A89070805181ECA0B4A5A9CF50E87FCAECB7330	모추링은 어깨를 움츠린 채 나를 제대로 쳐다보지 못했다.	REVIEWED		4537
dialogue	4537		GM-ALL-dialogue-4537--1	4C98F42EDF49950AF9493FFD48B63AAAC39E888582E2765A571B370959392A06	앞머리에 눈이 깊숙이 가려져 어떤 표정인지 보이지 않았다.	REVIEWED		4538
dialogue	4538		GM-ALL-dialogue-4538--1	84568E1295E6F716E6DFE64DE2904A9C0AB1A0BE9ADACCB6D8558F08B351229A	하지만…… 서브컬처 행사도, 굿즈 가게도, 서점도 이제 전혀 새로운 게 아니잖아요.	REVIEWED	MCL	4539
dialogue	4539		GM-ALL-dialogue-4539--1	092E7823CDC0C3325CFD30899B5CC8E7138E7C374B96659EF339554A2A350D88	인터넷에서 미연시를 이야기할 곳도 점점 많아지고 있고요……	REVIEWED	MCL	4540
dialogue	4540		GM-ALL-dialogue-4540--1	8F46B6857246E9BC967FF971D68EA73F7498BA959180D6053D36BE7DA5ED9DD8	이제는…… 굳이 제가 만든 장소 하나쯤 없어도 되는 거죠……	REVIEWED	MCL	4541
dialogue	4541		GM-ALL-dialogue-4541--1	C6F77B8AA6519BA79B013AA6B5D013F6A0BAD553C0FE05150D01C850F875DCAA	어쩌면, 사실은 쉽게 자신감을 잃는 사람인지도 모른다.	REVIEWED		4542
dialogue	4542		GM-ALL-dialogue-4542--1	F06D38C78E18D52C3F9B261060A033BFEBE0581BD1B00E05BBDA7F1C27FD6E1F	어릴 때부터 스스로에게 높은 기준을 요구하며 겸손이 습관이 되었고, 그게 점차 열등감으로 변해버린 걸지도 모른다.	REVIEWED		4543
dialogue	4543		GM-ALL-dialogue-4543--1	0265CB033D6AF051A224952FAE57E8A299A3ECBCABC270A6B75AEC8D665CA51B	그래, 바로 이 부분이다――	REVIEWED		4544
dialogue	4544		GM-ALL-dialogue-4544--1	7B3921C5A7403DC4E80AF4A2F3C5DB6FF03782D89AEF4D8190EB0A84D942667B	……샤오예는 전에는 미연시에 대해 전혀 몰랐고, 어쩌면 조금 싫어하기까지 했을 거예요.	REVIEWED	LM	4545
dialogue	4545		GM-ALL-dialogue-4545--1	54CC6A1E6FC3952389C6C82137E5535E1CB4919C589E3EBD274527D067E26276	오빠……?	REVIEWED	MM	4546
dialogue	4546		GM-ALL-dialogue-4546--1	DE4BD156961568161728193C0C8C7CC21E6FA406C6FBEC7B0A47889C0733906F	샤오예는 조금 의아한 표정을 지었지만, 곧 내가 무슨 말을 하는지 알아차렸다.	REVIEWED		4547
dialogue	4547		GM-ALL-dialogue-4547--1	55003AE5E8A682F8179CB89560AD577531962E68A1F92CC5CCE6CC94DCBF6D51	응, 맞아. 오빠가 하던 건 진짜 하나도 이해 못 했어.	REVIEWED	MM	4548
dialogue	4548		GM-ALL-dialogue-4548--1	07A12889D4512BDE7DA9BE987E38912BA24A901EEDF37F5F64F95738BC8E9CAB	야.	REVIEWED	LM	4549
dialogue	4549		GM-ALL-dialogue-4549--1	54DD729BF039AB1968EA57282600E1BBB67B4E63C02F335219738D0DF6005E49	이해는 못 했지만, 여기 와서 다들 나랑 똑같이 그냥 자기가 좋아하는 걸 좋아하고 있다는 걸 알게 됐어.	REVIEWED	MM	4550
dialogue	4550		GM-ALL-dialogue-4550--1	7852A909AE53CA8C3FB00ABC4F91CE4B0D33F5B98E93ED2000F9FC1710D06A8F	그날 밤 같이 했던 lost* 같은 이야기들도, 앞으로 더 많이 만나보고 싶어.	REVIEWED	MM	4551
dialogue	4551		GM-ALL-dialogue-4551--1	2AC788697A2556ABCD86AE42FCC47AABBA64EE5336B585F0A5F69261448069B6	한 번도 본 적 없는 세계를 접할 수 있다는 건 정말 소중한 일이라고 생각해…… 아마, 여기였으니까 가능했던 거겠지.	REVIEWED	MM	4552
dialogue	4552		GM-ALL-dialogue-4552--1	A7F878B8CED1A7957C560D573E30DDBBC1696E38C370513AACBBF4BFF12E7F43	……	REVIEWED	MCL	4553
dialogue	4553		GM-ALL-dialogue-4553--1	5DC4A11E237AC7EF9C3D2CDB0081D3A6FAFEA588B38D0D1341C8D3CCEF863130	모추링의 눈가가 조금 젖어 있는 것 같았다.	REVIEWED		4554
dialogue	4554		GM-ALL-dialogue-4554--1	193A593F2854A8E6326B36A38EFF54F0705823322A3FEF11E6111FA327A55254	……여기에는 보고 싶은 그림이 많아. 없어지면, 곤란해……	REVIEWED	HXC	4555
dialogue	4555		GM-ALL-dialogue-4555--1	E2BAEB1D566D8F4AA7F3662089C92B8FA7881EC32E0E0ABB090126D06D9724C9	그림 그리러 못 오는 것도, 사람들이 못 봐주는 것도, 곤란해……	REVIEWED	HXC	4556
dialogue	4556		GM-ALL-dialogue-4556--1	BF9A13BE3952C92B0B3DE6B04DE6B3DB644B6C441A695FCEB9BAA43FBF81ABFC	돈도 한 푼 안 받으면서…… 보통 가게 주인이 여기까지 해주지는 않아요.	REVIEWED	BXY	4557
dialogue	4557		GM-ALL-dialogue-4557--1	BBD988CFD84FE61E499F6DA2DDD29DDD78AB2007D395A33584BB038B79F2B954	……모추링 선배, 대단해요.	REVIEWED	BXY	4558
dialogue	4558		GM-ALL-dialogue-4558--1	6290E37E99C474653F4F755AA69CE6D8634432065A02FA945B5B12028EA1B304	그리고 이곳에서 달라진 사람이 하나 더 있다. 바로 나 자신이다―― 하지만 이런 낯간지러운 말은 도저히 입 밖으로 못 내겠다.	REVIEWED		4559
dialogue	4559		GM-ALL-dialogue-4559--1	B28ED0E6FDA39D93DE349D57F8B707BA43C59A491BBCE07A0FA02C0EDB488715	가족을 잃은 뒤 사라진 소속감은 어릴 때부터 샤오예가 채워줬다. 나 역시 그녀가 의지할 수 있는 사람이 되려고 노력했다.	REVIEWED		4560
dialogue	4560		GM-ALL-dialogue-4560--1	5DA4D7FF488DAEF9296C4FD6B3AF51996E211CA29C93415EF6875B32CE6348BD	대학에 들어와 샤오예와 떨어져 지내게 된 뒤로는, 점점 예전처럼 아무것에도 관심이 없는 상태로 돌아갔다.	REVIEWED		4561
dialogue	4561		GM-ALL-dialogue-4561--1	3FCD0DE7B1A0BDB00C518F61B606F55465B8BFBA6FF3FB9EE0248CEC80BF981B	소속될 곳을 찾는다는 가장 기본적인 욕구조차 채우지 못하면, 그보다 한 단계 높은 것을 바랄 여유도 생길 리 없다.	REVIEWED		4562
dialogue	4562		GM-ALL-dialogue-4562--1	BA8B2C841B71D540F5F63527B009509B5AABF88754D99B769B6DD57D56A2473B	그런데 그 욕구가 뜻밖에도 이곳에서 채워졌다.	REVIEWED		4563
dialogue	4563		GM-ALL-dialogue-4563--1	83C960E5DB311ECF04F20F7C18EEC4BEE1EB9E812A1BEE1DEB0C81DE163D1CEB	헤헤…… 응원해줘서 고마워요……	REVIEWED	MCL	4564
dialogue	4564		GM-ALL-dialogue-4564--1	972A4BB3E29BAB802303A8513C556A33B26CCFE52861F34C61EDFD4B29EA1487	그렇구나…… 나도, 제법 괜찮은 일을 한 거였네요…… 응……	REVIEWED	MCL	4565
dialogue	4565		GM-ALL-dialogue-4565--1	5737F573B43CAF034D6FC01025F6BFBE26DD69768FE0A3C9CDAB8F99634CCA18	우리 모두 이곳과 특별한 인연이 생겼잖아요. 여기가 문 닫는 걸 보고도 가만히 있는 건 절대로 못 해요.	REVIEWED	LM	4566
dialogue	4566		GM-ALL-dialogue-4566--1	8B72379D8EDE12152B7CFFE7D4829C64904FD98826BFFAA98714E913465B510E	만약 그래플링 하우스가 정말 더는 계속할 수 없게 된다면.	REVIEWED		4567
dialogue	4567		GM-ALL-dialogue-4567--1	875E6685B14FFFAA98F4504BD37ACE34DCC74016B97CC88C8563A79E7EDA573B	나는…… 앞장서서 어떻게든 모추링을 도울 것이다.	REVIEWED		4568
dialogue	4568		GM-ALL-dialogue-4568--1	CE0E2F16907B5156BD6D93751EE2B0F47FB61EF9F5DCF94F9015CE2FBB92C921	겨우 찾아낸 새로운 내 자리를, 예전처럼 또 잃고 싶지는 않다. 무슨 일이 있어도.	REVIEWED		4569
dialogue	4569		GM-ALL-dialogue-4569--1	76004D9896CCB53BB31EC82F97A36D3165DBC435612DE02D7015164842F5E400	부모님이 떠난 일은 돌이킬 수 없다. 하지만 이번에는…… 정말 그런 일이 벌어지려 한다면, 내가 막을 수 있다.	REVIEWED		4570
dialogue	4570		GM-ALL-dialogue-4570--1	9D3F4EEED70C4F828D0B32FCEA8557F9BA29B8A4672855A06C4262C5C50D3990	모추링은 그래플링 하우스가 문 닫는 걸 원하지 않는다. 바이셴위와 한샤오청도, 샤오예도 마찬가지다.	REVIEWED		4571
dialogue	4571		GM-ALL-dialogue-4571--1	62B282A97751FE1BECA7D0C7C85FBC3F19A710859E15266DAB9A583ED9BF348D	나도 그렇다.	REVIEWED		4572
dialogue	4572		GM-ALL-dialogue-4572--1	E6BCB6FC4FB73FBD4B57677DA243CE3759B69C46CF77DE759CE0E01D97074863	모추링을 위해서든, 나 자신을 위해서든……	REVIEWED		4573
dialogue	4573		GM-ALL-dialogue-4573--1	27D98573F86D23F8DE8FAE183B208D68C2497E4A397056A25C0753FB8BAE629B	반드시 할 수 있는 모든 걸 다해서 이곳을 지켜낼 것이다.	REVIEWED		4574
dialogue	4574		GM-ALL-dialogue-4574--1	08E28FA15C3B9C6A3A2DD80584D74F4EEB9E74F762D55873CDE6E25C1CFFD41B	이것이 내가 찾아낸, 지금 하고 싶은 일이다.	REVIEWED		4575
dialogue	4575		GM-ALL-dialogue-4575--1	04A03C3C84736EA8686D78B34864990E762F6218DCF07D8FDC84D3A9ACEF8C6B	그러니까 저희가 돕게 해주세요. 혼자서 다 하려고 하지 말고, 같이 방법을 찾아서 그래플링 하우스를 지켜내요.	REVIEWED	LM	4576
dialogue	4576		GM-ALL-dialogue-4576--1	F3F3079E2BA8B15C942C7F54D01977D94AB8320118A62ACE3A88D8C4EAF76BF8	――	REVIEWED	MCL	4577
dialogue	4577		GM-ALL-dialogue-4577--1	E3B0C44298FC1C149AFBF4C8996FB92427AE41E4649B934CA495991B7852B855		EMPTY_CONTROL		4578
dialogue	4578		GM-ALL-dialogue-4578--1	201FA0A9DA6CA34E8892B5747B5AA6B981EC0DCA2E606D6B39971669A6522D86	……그렇게까지 말하면, 제가 어떻게 계속 거절하겠어요.	REVIEWED	MCL	4579
dialogue	4579		GM-ALL-dialogue-4579--1	A7F878B8CED1A7957C560D573E30DDBBC1696E38C370513AACBBF4BFF12E7F43	……	REVIEWED	MCL	4580
dialogue	4580		GM-ALL-dialogue-4580--1	6315497A6FB0538F36CC68CCEEF53A4880B3277BF37AEDECBD0BE6C79BFE3FBB	네!	REVIEWED	MCL	4581
dialogue	4581		GM-ALL-dialogue-4581--1	75B475688B28EA4FE67DAE917C3551D39D9A7093412C3EFB266571F7EA47441B	그녀는 갑자기 두 손으로 자기 볼을 감싸고 힘껏 눌렀다. 그러자 순식간에 평소의 활기를 되찾았다.	REVIEWED		4582
dialogue	4582		GM-ALL-dialogue-4582--1	E868260769DA9CB1D633F6C3FB12BFF41E92E2DC5D0A1CD47D85880951CA7035	여러분…… 저 좀 도와주세요! 저 혼자서는 이제 방법을 못 찾겠어요…… 이곳이 사라지는 건 싫어요!	REVIEWED	MCL	4583
dialogue	4583		GM-ALL-dialogue-4583--1	8FBC9394E467DC7E478C4AE0304A9C79523429BE8C5890C5047478E5F89332F8	이제야 직접 말했네요.	REVIEWED	LM	4584
dialogue	4584		GM-ALL-dialogue-4584--1	0A31707D325E715D8DBDC86FF8B67835510355908F8FB13787B648A76B9F243A	에헤헤……	REVIEWED	MCL	4585
dialogue	4585		GM-ALL-dialogue-4585--1	10ACE249CF5600A975539B6253DB3615715CC7BA0E97E0890482E0D53EB9B79A	이제 우리 단톡방 이름을 【그래플링 하우스 구출 작전】으로 바꿔도 되겠네요.	REVIEWED	LM	4586
dialogue	4586		GM-ALL-dialogue-4586--1	A9300D824FF856EC53DC89BE90FF55EA3D4124ED02A9EC29F146F8678564CDB9	그래플링이 대체 뭐야……	REVIEWED	MM	4587
dialogue	4587		GM-ALL-dialogue-4587--1	937CDF8F87454AFA71D040867186ABCB55F1364AB11AA3AD7821D3983ACF9F17	모르겠어. 그래도, 발음은 귀여워.	REVIEWED	HXC	4588
dialogue	4588		GM-ALL-dialogue-4588--1	FEA14373030F77FE59B8E828B607A745B9576347D4420757E783504FBAF52AB2	……?	REVIEWED	MM	4589
dialogue	4589		GM-ALL-dialogue-4589--1	71D29922262B0074494089AAC6F37363216347595034F8869C3B384F3D31393B	그래플링~☆	REVIEWED	BXY	4590
dialogue	4590		GM-ALL-dialogue-4590--1	DEBE40058D42A5526E71A9D27DC4CE338543629523E464ACCF819EFF2600D2BF	으……!! (심쿵)	REVIEWED	LM	4591
dialogue	4591		GM-ALL-dialogue-4591--1	3E43165DD37E331FC1BEB0B412BC98B506FEADD5477CC20233900A0483D6EB91	――!	REVIEWED	BXY	4592
dialogue	4592		GM-ALL-dialogue-4592--1	AE63DCEF38FC93549DCFA5B13B4F101DB3427DDF71B77EB7AF361C3FE6668575	아무튼 예감이 든다…… 앞으로의 나날은 내 인생에서 가장 잊기 힘든 시간이 될 것 같다.	REVIEWED		4593
dialogue	4593		GM-ALL-dialogue-4593--1	B21444DDDE61696D25426C397E956E0B827431032E94DBCDEB9CE01B2CD34247	그래, 사람 말로 풀어 말하자면――	REVIEWED		4594
dialogue	4594		GM-ALL-dialogue-4594--1	5C2213CC344A3291B4AAF8D9314024F076560611A31F0C011050320C829BC6D6	미연시 섭렵한 고수, 그림밖에 모르는 미소녀(진짜) 일러스트레이터, 대전 게임은 못해도 소울류는 고수인 게임 오타쿠 후배, 이제 막 미연시에 입문한 인싸 여동생과 함께 그래플링 하우스를 운영하게 됐다.	REVIEWED		4595
dialogue	4595		GM-ALL-dialogue-4595--1	37DF9B04D5B676B51B40A24C4063103AE5C13B2E7CF7836CE44FCEA672DEBAD4	뭐가 이렇게 엉망진창이야……!!	REVIEWED		4596
dialogue	4596		GM-ALL-dialogue-4596--1	0D14C36AEB79EDCBEB82EA9B91762C70E05130C57E971039B76D6F8E3107B39B	그래도…… 앞으로 어떻게 될까? 조금 기대해보는 것도 나쁘진 않겠지――	REVIEWED		4597
dialogue	4597		GM-ALL-dialogue-4597--1	F3F3079E2BA8B15C942C7F54D01977D94AB8320118A62ACE3A88D8C4EAF76BF8	――	REVIEWED		-1
